hour,day,user3_flow_kg_s,user3_T_sup_C,user3_T_ret_C,user3_delta_T_C,user3_Q_sup_kw,user3_demand_kw,user3_Q_unmet_kw,user4_flow_kg_s,user4_T_sup_C,user4_T_ret_C,user4_delta_T_C,user4_Q_sup_kw,user4_demand_kw,user4_Q_unmet_kw,user6_flow_kg_s,user6_T_sup_C,user6_T_ret_C,user6_delta_T_C,user6_Q_sup_kw,user6_demand_kw,user6_Q_unmet_kw,total_Q_sup_kw,total_demand_kw,total_Q_unmet_kw
0,0.0,22.680087614655644,6.376298512881733,6.397788320845789,0.021489807964056418,2.0402175850928246,0.0,0.0,49.98253846541134,6.093892594417265,8.593270608246675,2.4993780138294097,522.9371287984721,531.98,9.042871201527873,65.24624384296027,6.291347498392993,7.8826345079497475,1.5912870095567548,434.61354404513986,577.91,143.2964559548601,959.5908904287048,1109.8899999999999,150.29910957129505
1,0.041666666666666664,22.809386972310012,5.944435134474308,5.966994615717847,0.02255948124353946,2.1539813867034376,0.0,0.0,50.26529934887115,6.0532411491223765,8.470586008840913,2.4173448597185363,508.6348447314252,510.97,2.3351552685748516,65.61429720642302,5.988054181249995,7.120560307077313,1.1325061258273186,311.0557725087454,281.18,0.0,821.844598626874,792.1500000000001,0.0
2,0.08333333333333333,22.812302467900736,6.366364729377561,6.388802334977051,0.022437605599489707,2.14261852324402,0.0,0.0,50.269623244432374,6.444720248796359,8.896750839893363,2.452030591097004,515.9774696367549,499.66,0.0,65.619236235243,6.388195680846665,7.014518360791566,0.6263226799449013,172.03964333561171,329.63,157.59035666438828,690.1597314956106,829.29,139.1302685043894
3,0.125,22.81253979145368,6.642579880047105,6.665841066695353,0.023261186648247723,2.2212872787961113,0.0,0.0,50.268657671828414,6.675446723475425,9.29102641270483,2.6155796892294054,550.3823125271358,525.78,0.0,65.61684707734426,6.647152651671147,6.675231580999111,0.028078929327963742,7.712499098230606,0.64,0.0,560.3160989041626,526.42,0.0
4,0.16666666666666666,22.81290396928893,6.769002689367187,6.792601745782724,0.023599056415537056,2.2535875505397813,0.0,0.0,50.26836006357209,6.789558253118939,9.293957116303798,2.504398863184859,526.9840116158206,568.67,41.68598838417938,65.61668241743558,6.771205090479101,6.799401082791543,0.028195992312442186,7.744633602019752,0.82,0.0,536.9822327683802,569.49,32.50776723161982
5,0.20833333333333334,22.812854496632593,6.856961507447698,6.880818794488542,0.023857287040844,2.278242295926864,0.0,0.0,50.26820548828595,6.863828238924778,10.06355586898667,3.1997276300618926,673.2953533366863,478.15,0.0,65.61579364044904,6.856818184010443,6.884695083697877,0.027876899687433898,7.6568842597887095,0.66,0.0,683.2304798924018,478.81,0.0
6,0.25,22.811777407435212,6.859510384265665,6.88379894885189,0.024288564586225192,2.3193174667213285,0.0,0.0,50.26620320444114,6.845700759409887,10.656747737774534,3.8110469783646472,801.8988836461187,864.18,62.2811163538812,65.61460378499804,6.854297641133709,7.951012019526561,1.0967143783928526,301.22656678329145,0.59,0.0,1105.4447678961315,864.77,0.0
7,0.2916666666666667,22.80643296350686,6.726505857124366,6.7517822890682595,0.02527643194389384,2.413083539367654,0.0,0.0,50.2540976321094,6.661887334225347,10.784668631394554,4.122781297169207,867.2833329063262,733.18,0.0,65.6011047320631,6.708441208390715,9.222144311976843,2.5137031035861277,690.2785185595044,592.19,0.0,1559.9749350051984,1325.37,0.0
8,0.3333333333333333,26.517726307100066,6.451414343492181,6.484449886650457,0.033035543158275615,3.667051080999403,0.0,0.0,58.70077531567311,6.444294639390902,11.075930948653848,4.631636309262946,1138.0923688099467,996.86,0.0,76.63192298730522,6.448648874595816,9.749788367776956,3.3011394931811404,1058.943585785832,779.95,0.0,2200.703005676778,1776.81,0.0
9,0.375,32.66246149609281,7.419034622286372,8.018860062328528,0.5998254400421565,82.01117157220968,0.0,0.0,72.77486585147106,7.5985856087929635,11.9184764244278,4.319890815634836,1315.9924806790623,1266.81,0.0,95.01258689434866,7.37805817098059,11.146105346475974,3.7680471754953837,1498.6378539362202,1336.46,0.0,2896.6415061874923,2603.27,0.0
10,0.4166666666666667,34.42334393399772,9.681499660946347,10.847423693338788,1.1659240323924411,168.00512660987428,158.0,0.0,76.81117972326885,9.769821779899255,14.141004466988987,4.371182687089732,1405.4733559356825,1334.0,0.0,100.28580790239693,9.546151249622854,13.649194026681931,4.103042777059077,1722.4425535363716,1627.98,0.0,3295.9210360819284,3119.98,0.0
11,0.4583333333333333,32.6248525799002,11.427514190041059,12.579984836039003,1.1524706459979441,157.39018811005334,164.47,7.0798118899466544,72.65427350473854,11.501729585390255,16.014427444822473,4.512697859432219,1372.4503600151054,1439.44,66.98963998489467,94.85946186595206,11.324885578046272,15.860837917920517,4.535952339874244,1801.1436996701816,1767.87,0.0,3330.9842477953403,3371.7799999999997,40.79575220465949
12,0.5,31.812870795939464,12.790526159397933,13.928299590027683,1.1377734306297498,151.51578265543202,138.32,0.0,70.77682670274022,12.881563797501157,17.36553145965873,4.483967662157573,1328.4731550636016,1274.37,0.0,92.4087185050562,12.717098705241456,17.436995614265527,4.7198969090240706,1825.7641895755944,1791.89,0.0,3305.753127294628,3204.58,0.0
13,0.5416666666666666,32.38213769479297,14.270809270996379,15.433134211488428,1.1623249404920486,157.5550384024759,153.74,0.0,72.0773500284031,14.36951376286974,18.496255844247873,4.126742081378133,1245.1032357323463,1353.93,108.82676426765374,94.10838863162176,14.189840409161652,18.822015764591335,4.632175355429682,1824.788574126288,1821.42,0.0,3227.44684826111,3329.09,101.64315173889008
14,0.5833333333333334,33.17586989864241,15.938160360850286,17.0096965800393,1.0715362191890137,148.80872599109819,149.73,0.9212740089018041,73.89333262872779,16.04236405598092,20.05272924249361,4.01036518651269,1240.4760950148839,1103.56,0.0,96.48099653834062,15.840444688988056,20.3598662265498,4.519421537561746,1825.2562975152555,1787.34,0.0,3214.5411185212374,3040.63,0.0
15,0.625,33.34281285728061,17.77844028738357,18.310443611386837,0.5320033240032664,74.2533077193033,135.49,61.236692280696715,74.26702343520624,17.86818853984544,22.270323151937458,4.402134612092016,1368.543356403299,1346.14,0.0,96.96945248784746,17.666639408046407,22.173520340030315,4.506880931983908,1829.406644020443,1819.62,0.0,3272.2033081430454,3301.25,29.046691856954567
16,0.6666666666666666,31.268774686795716,19.298225506554374,19.33809071052142,0.039865203967046625,5.218000033763047,0.0,0.0,69.49177849512672,19.3442108977368,24.019646645562208,4.675435747825407,1360.0495896605526,1355.8,0.0,90.733601389581,19.208218202156896,24.0698917402538,4.861673538096905,1846.5163852617386,1792.87,0.0,3211.7839749560544,3148.67,0.0
17,0.7083333333333334,26.583359572580786,19.764545106967585,19.796967468695378,0.032422361727793,3.607893725809222,0.0,0.0,58.77444246599914,19.68276972644449,24.60141650403562,4.918646777591128,1210.1337624598661,1330.42,120.28623754013392,76.73714960718436,19.716733637447025,25.21383373754938,5.4971001001023545,1765.7878846073133,1853.58,87.79211539268658,2979.529540792989,3184.0,204.47045920701112
18,0.75,23.241600417182404,18.953545069396185,18.982607901290788,0.02906283189460268,2.8275037145592137,0.0,0.0,51.17917609860655,18.72262317509596,23.05397483782611,4.33135166273015,927.9315897329201,1068.57,140.63841026707985,66.81733571098445,18.901823293115793,23.970746558233515,5.068923265117721,1417.7644922290988,1644.14,226.37550777090132,2348.523585676578,2712.71,364.186414323422
19,0.7916666666666666,22.84100077335998,17.87473886564168,17.90300333028679,0.028264464645108234,2.702434125810151,0.0,0.0,50.274651136283126,17.650425287553848,21.178775232583252,3.5283499450294045,742.5401509309005,773.33,30.789849069099546,65.63533112291138,17.830736171539748,21.963510011391577,4.132773839851829,1135.4775299139922,1173.07,37.59247008600778,1880.7201149707028,1946.4,65.67988502929734
20,0.8333333333333334,22.83953574112579,16.77145302316946,16.80022026463262,0.028767241463160786,2.750329420046117,0.0,0.0,50.27594457889502,16.523446960415395,19.6152065642691,3.0917596038537063,650.67658899446,699.1,48.42341100554006,65.6366581882474,16.721188233803673,20.552332335459997,3.8311441016563244,1052.6261937132276,1081.04,28.413806286772342,1706.0531121277336,1780.1399999999999,74.08688787226629
21,0.875,22.83688056396969,15.487185595465178,15.517028471120902,0.0298428756557243,2.85283513092924,0.0,0.0,50.27531354330039,15.193144690391847,18.110292995961153,2.917148305569306,613.9210443621708,590.08,0.0,65.6348074046841,15.42470159125778,18.818506791517226,3.3938052002594468,932.4388283801526,1008.62,76.18117161984742,1549.2127078732528,1598.7,49.48729212674721
22,0.9166666666666666,22.834424799482075,14.019575208737049,14.050409868281157,0.03083465954410869,2.9473279172217586,0.0,0.0,50.27614772056563,13.683310454886087,16.609600298222965,2.9262898433368782,615.855121708427,626.11,10.25487829157305,65.63447064464829,13.947923596409817,16.969022724232126,3.0210991278223087,830.034581094154,840.6,10.565418905846059,1448.8370307198027,1466.71,17.872969280197367
23,0.9583333333333334,22.83062808411905,12.319080748587012,12.351226660992891,0.03214591240587872,3.0721529971779136,0.0,0.0,50.27494228545303,11.927003665200687,14.779203284634592,2.8521996194339057,600.2480008676981,593.38,0.0,65.63166183026927,12.233623766080436,15.061485696651696,2.8278619305712596,776.9102054147509,804.07,27.159794585249188,1380.230359279627,1397.45,17.219640720373036
24,1.0,22.82730854956657,10.596422864091846,10.62690565949717,0.030482795405324836,2.912786977450384,0.0,0.0,50.27502913327208,10.311547771763404,13.232597050842863,2.921049279079458,614.7385362163851,594.79,0.0,65.63045430588159,10.541202906337281,12.668630404944674,2.1274274986073927,584.4662031276895,733.93,149.46379687231047,1202.117526321525,1328.7199999999998,126.60247367847478
25,1.0416666666666667,22.822255743004757,9.484738161659601,9.512687793960371,0.027949632300769522,2.6701391252345803,0.0,0.0,50.2696460674739,9.309646497505815,11.962404880459301,2.652758382953486,558.2165999069134,623.03,64.81340009308656,65.62314214587519,9.457249912488617,10.890673969911658,1.433424057423041,393.75939976801715,418.61,24.850600231982867,954.6461388001651,1041.6399999999999,86.99386119983478
26,1.0833333333333333,22.819230052061457,8.729859752567524,8.756609208490701,0.026749455923177123,2.5551427237708197,0.0,0.0,50.267643700786756,8.608700813263425,11.0137655470592,2.4050647337957756,506.07457876662824,482.35,0.0,65.62021884638953,8.709306839377652,10.049093191473549,1.3397863520958975,368.0208702232954,355.02,0.0,876.6505917136944,837.37,0.0
27,1.125,22.818009810220595,8.241076731328093,8.266841633883757,0.02576490255566455,2.4609653037631882,0.0,0.0,50.26887714624279,8.163267884013163,10.732599535316727,2.569331651303564,540.6529480950117,520.96,0.0,65.62104806490005,8.228327246185577,9.503486428825175,1.275159182639598,350.2731025122437,369.12,18.84689748775628,893.3870159110186,890.08,0.0
28,1.1666666666666667,22.816187936589348,7.893677459237666,7.91911082335091,0.02543336411324404,2.429104051146884,0.0,0.0,50.26771408450251,7.8287696891485545,10.778777364772855,2.9500076756243008,620.7425360251596,552.34,0.0,65.61851886873163,7.880989661378048,9.00541903130651,1.1244293699284613,308.85726981668745,319.5,10.642730183312551,932.0289098929939,871.84,0.0
29,1.2083333333333333,22.81450476599615,7.611848709310117,7.637013882338929,0.02516517302881205,2.40331219857235,0.0,0.0,50.26593874823018,7.55982161466536,10.87636170872649,3.3165400940611303,697.8438791241928,682.19,0.0,65.61553810913779,7.60118663937904,8.704124059597214,1.1029374202181748,302.94011812634653,286.08,0.0,1003.1873094491117,968.27,0.0
30,1.25,22.81260454024915,7.381426656022591,7.406455807817581,0.02502915179498988,2.390122873897002,0.0,0.0,50.26285843396821,7.335453053869128,10.988464658730507,3.653011604861379,768.5948303695811,706.52,0.0,65.6114919087128,7.371498119713273,8.741227980367277,1.3697298606540045,376.1959023362026,307.87,0.0,1147.1808555796806,1014.39,0.0
31,1.2916666666666667,22.80810954874188,7.147351666100135,7.172756702541746,0.025405036441611628,2.425539415890741,0.0,0.0,50.253260164128264,7.079323347765373,10.986344332388896,3.9070209846235224,821.8815088412787,824.51,2.6284911587213173,65.59924952205274,7.131099896050467,8.90070436253805,1.7696044664875838,485.93065865098936,433.56,0.0,1310.2377069081588,1258.07,0.0
32,1.3333333333333333,23.564747221320566,6.804383929305673,6.8314302608144475,0.027046331508774557,2.667905094613146,0.0,0.0,51.96823962233471,6.746884423249156,10.588427801301364,3.841543378052208,835.6857010638201,812.77,0.0,67.84036364970119,6.791390882848343,9.61128594985537,2.8198950670070273,800.7931306637755,527.97,0.0,1639.1467368222088,1340.74,0.0
33,1.375,24.95362482950576,6.696947376108811,6.725334716174908,0.028387340066096556,2.965224403976439,0.0,0.0,55.12328407480637,6.723938418799342,10.63470846171507,3.9107700429157273,902.3948068805462,851.59,0.0,71.96218248301972,6.706451602381694,10.81786194404768,4.1114103416659855,1238.495332474303,1070.93,0.0,2143.8553637588257,1922.52,0.0
34,1.4166666666666667,26.81430476126836,6.9420786480025045,6.973801036711102,0.031722388708597116,3.5606693608882853,0.0,0.0,59.36469219403621,7.001594058916641,11.203830867476524,4.202236808559883,1044.2583746744149,945.38,0.0,77.50121631005791,6.947160566026545,11.407882434161694,4.460721868135149,1447.1477965000417,1398.23,0.0,2494.966840535345,2343.61,0.0
35,1.4583333333333333,28.39600733100378,7.5431148108148065,7.577682957549664,0.03456814673485731,4.108966499155904,0.0,0.0,62.976570297908346,7.622940084036381,12.14468562762623,4.521745543589848,1192.0222132342553,1133.02,0.0,82.21776485878819,7.532039078670514,11.887328795221055,4.3552897165505415,1498.9320297891513,1479.5,0.0,2695.063209522563,2612.52,0.0
36,1.5,27.989013344987793,8.142398705301938,8.1769973485088,0.03459864320686279,4.053646576618391,0.0,0.0,62.041844323410686,8.171535257365775,12.608134743416064,4.436599486050289,1152.2166540782507,1235.45,83.23334592174933,80.99797233748512,8.119218353602392,12.80682016929665,4.687601815694258,1589.3666098355893,1497.12,0.0,2745.6369104904584,2732.5699999999997,0.0
37,1.5416666666666667,26.70836247354463,8.306214571651765,8.338885799599069,0.03267122794730426,3.652682663605481,0.0,0.0,59.11427332716365,8.30177996041745,12.52358641452602,4.22180645410857,1044.6959204934662,1052.96,8.26407950653379,77.17562217470838,8.295023907665781,13.293099931457396,4.998076023791615,1614.6642178375873,1658.12,43.45578216241256,2663.012820994659,2711.08,48.06717900534113
38,1.5833333333333333,26.063208762240684,8.286448741157203,8.317908891142075,0.03146014998487168,3.4323209839434177,0.0,0.0,57.64242758976972,8.275371562875183,12.672262779763914,4.396891216888731,1060.9311663060787,1021.9,0.0,75.25326919412117,8.282465080478556,13.177452160617145,4.8949870801385895,1541.970784936133,1552.35,10.379215063866923,2606.334272226155,2574.25,0.0
39,1.625,25.59952236562785,8.205957714937512,8.236713108681416,0.030755393743904236,3.2957357105850718,0.0,0.0,56.58635509294098,8.178523853102188,12.630941857975841,4.452418004873653,1054.6464007456905,1086.8,32.15359925430948,73.87401694883373,8.201173541656638,13.046858511175564,4.845684969518926,1498.4633139912528,1514.18,15.716686008747274,2556.4054504475284,2600.98,44.57454955247158
40,1.6666666666666667,25.1636257960358,7.981982590086984,8.012233399720431,0.030250809633447062,3.186467144550338,0.0,0.0,55.594911299113065,7.938100973211782,12.379886728994801,4.44178575578302,1033.6937078387336,1010.05,0.0,72.57929066467332,7.976700408728967,12.879189235942691,4.902488827213724,1489.4590103347757,1466.55,0.0,2526.3391853180597,2476.6,0.0
41,1.7083333333333333,23.932294533885564,7.703289900590726,7.731053123109128,0.02776322251840213,2.781335871125574,0.0,0.0,52.79796728570418,7.647259480576943,11.94915825257291,4.301898771995968,950.7725034982437,1046.15,95.37749650175635,68.92686021134573,7.695527040386299,12.613479289839047,4.917952249452748,1418.9661242400944,1497.65,78.68387575990573,2372.5199636094635,2543.8,171.28003639053668
42,1.75,22.8109432029244,7.468205807354928,7.492795795896745,0.024589988541817043,2.3480146027015603,0.0,0.0,50.25382942064717,7.4489108973105145,11.14872069519012,3.699809797879605,778.3013494336185,847.67,69.36865056638146,65.60436621459725,7.467064372451233,11.918049505379074,4.4509851329278405,1222.3289896191,1328.99,106.66101038090005,2002.97835365542,2176.66,173.6816463445798
43,1.7916666666666667,22.814628164685526,7.4684788165843825,7.491992721897394,0.023513905313011563,2.2456257728573017,0.0,0.0,50.262590597311714,7.4985582488820475,10.743183872731196,3.2446256238491484,682.6666493156997,701.47,18.803350684300312,65.61527633661737,7.478615064731515,11.205818856759219,3.727203792027704,1023.7344673676259,1105.92,82.18553263237413,1708.646742456183,1807.39,98.74325754381721
44,1.8333333333333333,22.81583137047263,7.594181367576659,7.618032965227824,0.023851597651165513,2.2779962092675294,0.0,0.0,50.26720710807267,7.594636735950844,10.694152819603882,3.0995160836530387,652.1956147927511,657.0,4.804385207248856,65.62106360822371,7.593892313637852,10.981669333874116,3.387777020236264,930.5876981699947,932.17,1.5823018300052354,1585.0613091720134,1589.17,4.10869082798672
45,1.875,22.814238466298985,7.503190163770554,7.527818572006275,0.024628408235721544,2.352022892547984,0.0,0.0,50.264930039727936,7.47243668470182,10.31059249654215,2.8381558118403296,597.1735181142699,640.33,43.15648188573016,65.61794906602637,7.492770522712947,10.629749747048189,3.136979224335242,861.6552104456832,919.91,58.254789554316744,1461.1807514525012,1560.24,99.05924854749878
46,1.9166666666666667,22.81361417055878,7.400003698344034,7.4244703540281805,0.02446665568414641,2.3365115200529964,0.0,0.0,50.26417181839483,7.3787722232153055,10.043701396394136,2.6649291731788303,560.7166165371339,546.74,0.0,65.61650511054832,7.39491472899859,10.097391736426552,2.7024770074279614,742.2912254007854,793.98,51.68877459921464,1305.3443534579724,1340.72,35.37564654202765
47,1.9583333333333333,22.81440832030637,7.321641635906429,7.345779872210845,0.024138236304415805,2.3052284384516044,0.0,0.0,50.26643892436693,7.320201339716074,9.964104020340642,2.643902680624568,556.3176109772102,568.12,11.80238902278984,65.61890321421414,7.32158028569422,9.720469267949095,2.398888982254875,658.9285740872796,681.41,22.481425912720397,1217.5514135029414,1249.53,31.978586497058586
48,2.0,22.815322886578414,7.350009505085757,7.373963437577855,0.02395393249209743,2.287718923825173,0.0,0.0,50.26935450255005,7.3518452042576605,9.90127213811524,2.54942693385758,536.4695818806008,537.82,1.3504181193992508,65.62199980306006,7.35096625619043,9.313890293064102,1.9629240368736713,539.2028491861569,627.15,87.94715081384311,1077.960149990583,1164.97,87.00985000941705
49,2.0416666666666665,22.814087729738134,7.306577053498285,7.330993704197042,0.024416650698757536,2.331784556097361,0.0,0.0,50.2669516156181,7.286395315732971,9.804916293240195,2.518520977507224,529.9407856912844,528.34,0.0,65.6179057188571,7.300019990297735,8.762094263510877,1.4620742732131413,401.59752209200764,440.56,38.962477907992366,933.8700923393894,968.9000000000001,35.02990766061066
50,2.0833333333333335,22.812933487231632,7.2190863072320965,7.243580640700024,0.02449433346792773,2.3390848945121587,0.0,0.0,50.264504584099384,7.1965377513299895,9.737769078965655,2.541231327635666,534.6934093401987,524.68,0.0,65.61430259085083,7.213051122152132,8.508837123984517,1.2957860018323846,355.90248890487817,351.17,0.0,892.9349831395891,875.8499999999999,0.0
51,2.125,22.8129503100934,7.1319120132544835,7.156155511363192,0.024243498108708295,2.315133094278828,0.0,0.0,50.26453919980886,7.125562436277996,9.703829139869553,2.5782667035915567,542.4862932899437,537.94,0.0,65.61426184199162,7.13042249668856,8.440116048970765,1.309693552282205,359.7221337638826,349.13,0.0,904.5235601481052,887.07,0.0
52,2.1666666666666665,22.813715377533047,7.1441628900603344,7.168091715828641,0.023928825768306794,2.2851600897807107,0.0,0.0,50.26648711129116,7.149758806205856,9.673025263016289,2.5232664568104326,530.9344111127681,540.36,9.425588887231925,65.61647818629567,7.146169351264127,8.244083026507067,1.09791367524294,301.5645834303509,358.94,57.375416569649076,834.7841546328997,899.3,64.51584536710027
53,2.2083333333333335,22.81222475555434,7.12264766873804,7.147095402103712,0.02444773336567252,2.334562290230441,0.0,0.0,50.263873963922656,7.099925476531144,10.528642530343273,3.4287170538121288,721.4177593473025,514.63,0.0,65.61199511138724,7.1155974635241765,8.11191216180387,0.9963146982796935,273.63963674272713,231.9,0.0,997.3919583802601,746.53,0.0
54,2.25,22.812542330624833,7.038022169882407,7.06219826392101,0.024176094038603324,2.3086550539471538,0.0,0.0,50.26530998892251,7.035717629191036,11.042749158037536,4.0070315288464995,843.1218585709327,923.82,80.69814142906739,65.61375939074287,7.03722986457023,8.271834003728518,1.2346041391582885,339.0953812390844,303.52,0.0,1184.5258948639644,1227.3400000000001,42.81410513603578
55,2.2916666666666665,22.810793078039342,7.031781838986153,7.056177392258323,0.02439555327216958,2.329433307558112,0.0,0.0,50.26112503840355,7.010783433221905,10.72188154631617,3.711098113094266,780.7893228983722,755.58,0.0,65.60884391728158,7.026428779616421,8.433124341915828,1.406695562299407,386.3329288871401,363.34,0.0,1169.4516850930704,1118.92,0.0
56,2.3333333333333335,22.807220676272422,6.8731255717243265,6.8980429833791375,0.024917411654810984,2.378890849741646,0.0,0.0,50.25225313111923,6.832061462288016,10.767824642054059,3.9357631797660426,827.9111302636836,800.07,0.0,65.5974428431495,6.8613424948664195,8.555489041098365,1.6941465462319458,465.1972176470694,398.19,0.0,1295.4872387604946,1198.26,0.0
57,2.375,22.805974183091084,6.7363036000713885,6.760761377843216,0.024457777771827338,2.3348815151701467,0.0,0.0,50.2483376319841,6.721254223938108,10.911379972842479,4.190125748904371,881.3491281290318,850.11,0.0,65.59343428310842,6.733502808319552,9.185372006323034,2.4518691980034815,673.21981736654,521.93,0.0,1556.9038270107421,1372.04,0.0
58,2.4166666666666665,22.80660139382309,6.713398399618234,6.737323794798264,0.02392539518002934,2.284119997139778,0.0,0.0,50.2490454783882,6.723665963270841,11.005150160729823,4.2814841974589815,900.5781085249467,907.25,6.671891475053258,65.59611888139283,6.716999994755297,10.219362830013687,3.5023628352583893,961.6975376862982,816.56,0.0,1864.5597662083846,1723.81,0.0
59,2.4583333333333335,22.807775171194955,6.788687473048536,6.812298786122543,0.023611313074007434,2.2542510830911207,0.0,0.0,50.251118059082835,6.811210163998356,10.770294040473846,3.95908387647549,832.7979659088849,888.3,55.50203409111509,65.59983304845147,6.794442222210901,10.866640542208248,4.072198319997347,1118.2293282953963,1100.61,0.0,1953.2815452873724,1988.9099999999999,35.628454712627445
60,2.5,23.757164507823635,6.874310671711809,6.900222127756903,0.025911456045093928,2.5768292822476506,0.0,0.0,52.404724405382744,6.879972149677073,10.858714379849292,3.9787422301722195,872.8014697586477,771.13,0.0,68.41220968390203,6.874220607081218,11.012657086229575,4.138436479148357,1185.1385793565778,1128.64,0.0,2060.516878397473,1899.77,0.0
61,2.5416666666666665,25.396146639370055,6.903168298335859,6.932771000209968,0.02960270187410874,3.1470120186009356,0.0,0.0,56.130520781580366,6.912075665601988,10.978409833327902,4.0663341677259135,955.4354725637471,969.76,14.324527436252879,73.27727885539883,6.903219465506993,10.870772571401522,3.9675531058945293,1217.0020393853968,1232.63,15.627960614603353,2175.5845239677446,2202.3900000000003,26.805476032255683
62,2.5833333333333335,25.360324454133774,6.9675388531047,6.997147952525678,0.02960909942097789,3.143252196911406,0.0,0.0,56.04803917447005,6.970719731027733,10.897423472999817,3.9267037419720836,921.2718130254834,930.23,8.958186974516593,73.1696806610942,6.965508422184446,10.906785962959235,3.941277540774789,1207.1671317652097,1187.38,0.0,2131.582196987604,2117.61,0.0
63,2.625,24.618935321058,6.992662706289492,7.020545293074372,0.027882586784880203,2.873436168282189,0.0,0.0,54.360527013162454,6.997892358523686,11.103881835988606,4.10598947746492,934.330905476392,902.44,0.0,70.96619187614797,6.992169065155583,11.165421961614006,4.173252896458424,1239.7251982294183,1213.63,0.0,2176.9295398740924,2116.07,0.0
64,2.6666666666666665,24.288979679218997,7.031561178283289,7.058734672792614,0.02717349450932449,2.7628288846081714,0.0,0.0,53.61062725941316,7.034225237068857,11.225436303761676,4.191211066692818,940.5667995407157,957.96,17.393200459284344,69.98705537429703,7.030589760270669,11.340789082524164,4.310199322253496,1262.741052070443,1254.85,0.0,2206.0706804957667,2212.81,6.739319504233208
65,2.7083333333333335,23.381180592224332,7.095957423240624,7.120427146714136,0.02446972347351206,2.394940464689037,0.0,0.0,51.54921089702098,7.139101527722323,10.813287287670951,3.674185759948628,792.8341625079752,915.06,122.22583749202477,67.29562106037035,7.105613769835498,11.437032785836246,4.331419016000748,1220.1584401102052,1259.98,39.8215598897948,2015.3875430828693,2175.04,159.65245691713062
66,2.75,22.814748644018287,7.344761229694722,7.367983121326306,0.023221891631584057,2.217749583886947,0.0,0.0,50.265585871666445,7.375456625023189,10.437573526723892,3.062116901700702,644.3053528993737,664.59,20.28464710062633,65.61961218710724,7.351423692257763,11.36438568611133,4.012961993853567,1102.2952348481253,1171.56,69.2647651518746,1748.818337331386,1836.15,87.33166266861417
67,2.7916666666666665,22.81383464514871,7.372710166580037,7.396902724758396,0.02419255817835886,2.3103581417747807,0.0,0.0,50.26426779531798,7.3615248504716755,10.1843246057088,2.822799755237125,593.9346404055298,617.28,23.34535959447021,65.61743024694678,7.36592424226732,10.833196438687567,3.4672721964202475,952.37147540135,1024.04,71.66852459864992,1548.6164739486546,1641.32,92.7035260513453
68,2.8333333333333335,22.8157860724365,7.378160845568949,7.401962633614845,0.023801788045895833,2.273234526567117,0.0,0.0,50.269494421599525,7.39034397431048,10.16011156413025,2.7697675898197707,582.8369414737249,563.76,0.0,65.62399227121765,7.3808262909588995,10.593743896581998,3.2129176056230984,882.5949937800985,871.52,0.0,1467.7051697803904,1435.28,0.0
69,2.875,22.816721108384858,7.434667934766421,7.458632239293537,0.023964304527115843,2.288849766455426,0.0,0.0,50.27326972159675,7.433845702131196,10.237839385790933,2.803993683659737,590.0833861457863,595.52,5.436613854213647,65.62883615617406,7.433805471799572,10.574109199913428,3.1403037281138557,862.7114884786864,885.16,22.44851152131355,1455.0837243909282,1480.6799999999998,25.596275609071654
70,2.9166666666666665,22.815336625722352,7.374876630077429,7.39939179484552,0.02451516476809079,2.3413207894873014,0.0,0.0,50.27122269694712,7.349377329798846,10.218201974505517,2.868824644706671,603.7020843723694,577.86,0.0,65.62559397483972,7.366621773406862,10.119406873353675,2.752785099946813,756.2141163284448,831.34,75.12588367155524,1362.2575214903015,1409.2,46.9424785096985
71,2.9583333333333335,22.815164823859128,7.283288877567963,7.307592666794745,0.024303789226782335,2.32111589022541,0.0,0.0,50.27116654061473,7.272485953063609,10.1180820345167,2.845596081453091,598.8133048925531,623.12,24.3066951074469,65.62455799023645,7.280508743951137,9.529474612751311,2.248965868800174,617.8008190405341,671.74,53.93918095946594,1218.9352398233127,1294.8600000000001,75.92476017668741
72,3.0,22.8156262355843,7.262132860956404,7.286207354675102,0.02407449371869763,2.2992636869793,0.0,0.0,50.27240362495204,7.260868083080707,9.98037258008307,2.7195044970023634,572.2932920910705,567.79,0.0,65.62548734411082,7.262165887337342,9.114238379523558,1.852072492186216,508.7796673260889,553.97,45.19033267391114,1083.3722231041388,1121.76,38.38777689586118
73,3.0416666666666665,22.8157115826377,7.251324949596591,7.275452490036704,0.024127540440113115,2.3043385982418823,0.0,0.0,50.27298417405981,7.246535639147805,9.963548519316577,2.717012880168772,571.7755583694974,570.35,0.0,65.6256462775082,7.24964015499712,8.79393955629743,1.544299401300309,424.2328752288792,452.96,28.72712477112077,998.3127721966184,1023.31,24.99722780338152
74,3.0833333333333335,22.8150950527483,7.221035653159501,7.245321250781049,0.024285597621547694,2.319371421169239,0.0,0.0,50.271847514078054,7.20788713137376,9.851214510837256,2.6433273794634955,556.2564046774384,566.71,10.453595322561682,65.62382570092987,7.2170548508744226,8.5471306129521,1.3300757620776782,365.37358667467686,384.34,18.966413325323117,923.9493627732844,951.05,27.10063722671555
75,3.125,22.81520147446812,7.166571057624614,7.19073769526812,0.024166637643506128,2.308021034652484,0.0,0.0,50.272179951583944,7.162822094075964,9.839458884122356,2.676636790046392,563.269693642578,539.04,0.0,65.62390805367885,7.165193412012183,8.354558026497086,1.1893646144849033,326.7204566762316,334.83,8.109543323768378,892.2981713534621,873.8699999999999,0.0
76,3.1666666666666665,22.8152218501448,7.172974555573694,7.1970833376005565,0.02410878202686284,2.3024976230678535,0.0,0.0,50.27258259240378,7.1679706270922114,9.811641061662336,2.643670434570124,556.3367311661284,581.18,24.843268833871548,65.62431017686731,7.171811718581953,8.271725902506411,1.099914183924458,302.15012467590384,306.85,4.699875324096183,860.7893534651001,888.03,27.240646534899838
77,3.2083333333333335,22.813776380376893,7.1043143653553,7.128820222958665,0.024505857603364767,2.3402718563893794,0.0,0.0,50.26989588202599,7.081623911555455,10.544713458936155,3.4630895473807,728.7371859895558,524.61,0.0,65.61987720992353,7.097237265539002,8.129128199961803,1.031890934422801,283.4447611358494,285.52,2.075238864150606,1014.5222189817945,810.13,0.0
78,3.25,22.813722629167316,7.036415743599271,7.060652731026122,0.024236987426850654,2.3145897130763844,0.0,0.0,50.270431620115765,7.029070698557104,11.069722625139908,4.040651926582805,850.28257434981,928.51,78.22742565018996,65.62047384179809,7.034874447463166,8.298671128123413,1.2637966806602465,347.1489023850466,269.25,0.0,1199.7460664479331,1197.76,0.0
79,3.2916666666666665,22.853661220400493,6.87677337127997,6.902958050091763,0.026184678811792317,2.504968449762526,0.0,0.0,50.36064620875796,6.764334162459538,11.021430272040773,4.2570961095812345,897.4370048607437,765.2,0.0,65.73902941918739,6.846678481182452,8.699072228646255,1.852393747463803,509.7483377150091,414.07,0.0,1409.6903110255153,1179.27,0.0
80,3.3333333333333335,29.68767875275337,6.601478913624757,6.940315711882251,0.3388367982574936,42.10813777614796,0.0,0.0,65.96200068173448,6.6955492735225155,11.404225781267636,4.70867650774512,1300.1453245363978,1024.8,0.0,86.1131428172254,6.594011427498491,9.408389350860961,2.8143779233624704,1014.49772884308,595.44,0.0,2356.7511911556257,1620.24,0.0
81,3.375,36.30824744077424,9.034343236810289,9.35302336200364,0.3186801251933513,48.435020692144185,79.98,31.54497930785582,81.17123234333194,9.15548317180674,13.972449654752293,4.816966482945553,1636.722255946226,1556.82,0.0,105.97759509198833,8.873890541052324,12.311931387846938,3.438040846794614,1525.1912890287301,1440.58,0.0,3210.3485656671,3077.38,0.0
82,3.4166666666666665,38.66940958689421,11.994999823841281,12.627600042471999,0.6326002186307171,102.39909135033224,0.0,0.0,86.61140490842581,12.09169563165276,16.732813177081326,4.641117545428566,1682.6619540564282,1675.2,0.0,113.08658753874629,11.776005917504934,15.462844425721801,3.6868385082168675,1745.277292143078,1556.22,0.0,3530.338337549839,3231.42,0.0
83,3.4583333333333335,39.32211300416316,15.45266427496494,16.6602835255743,1.2076192506093602,198.77698471261067,188.81,0.0,88.09917144617434,15.515383665355312,20.303997373119916,4.788613707764604,1765.9599595249706,1634.88,0.0,115.03247995212399,15.19339688601558,19.226631272758905,4.033234386743324,1942.107064335834,1867.35,0.0,3906.844008573415,3691.04,0.0
84,3.5,39.002511046270286,18.72729516708587,19.90393878833437,1.1766436212484983,192.10414572643194,188.63,0.0,87.33468411982761,18.796378104877224,23.777199651172563,4.9808215462953385,1820.9036222226848,1840.13,19.226377777315292,114.03614487961947,18.48061369344992,22.625777953469537,4.145164260019616,1978.716139113278,1943.31,0.0,3991.7239070623946,3972.07,0.0
85,3.5416666666666665,39.270313748386016,22.089881452656456,23.25734648218549,1.1674650295290334,191.91436154747208,175.9,0.0,87.93263768152653,22.153091045657565,26.965875045345566,4.812783999688001,1771.518513989279,1743.16,0.0,114.82078185641171,21.83099375357404,26.124732599553422,4.29373884597938,2063.7417494875613,1939.69,0.0,4027.1746250243123,3858.75,0.0
86,3.5833333333333335,38.93859000626145,25.434573870097598,26.737074478133508,1.3025006080359098,212.30361054848044,187.84,0.0,87.14580844453988,25.493659603550775,30.297374443440162,4.803714839889388,1752.3584451029865,1740.28,0.0,113.79504603507303,25.177761432085155,29.667687402964923,4.489925970879767,2138.7585580556943,2110.39,0.0,4103.4206137071615,4038.5099999999998,0.0
87,3.625,38.43992963741632,28.642852632325035,30.175649740191144,1.5327971078661093,246.64168591254827,217.31,0.0,85.97367630135756,28.70373068050995,33.501004846926946,4.797274166416997,1726.4708943637058,1706.71,0.0,112.26538339341667,28.39668078880312,32.77473741562663,4.378056626823511,2057.436605179208,2091.54,34.10339482079189,4030.549185455462,4015.56,0.0
88,3.6666666666666665,37.750230500769895,31.70741821418969,33.3217335755275,1.6143153613378125,255.09809248615136,257.28,2.181907513848614,84.36306710141524,31.768919335600852,36.622771165569105,4.853851829968253,1714.107674467296,1690.65,0.0,110.16415459585951,31.473837302371216,35.88502965792461,4.411192355553396,2034.2087878863542,1950.82,0.0,4003.414554839802,3898.75,0.0
89,3.7083333333333335,34.28934858726068,34.226020985862974,35.07376370114676,0.8477427152837862,121.68093136536837,234.99,113.30906863463164,76.37165180304717,34.24999960022591,38.79656477573394,4.546565175508029,1453.499306737016,1684.84,231.3406932629839,99.72683082400381,34.04804669497791,38.772138710002125,4.724092015024212,1972.102983600746,2048.68,76.57701639925381,3547.2832217031305,3968.5099999999998,421.22677829686927
90,3.75,27.222814095483784,34.96221655102569,34.99535202724448,0.03313547621878854,3.7759432453645267,0.0,0.0,60.18234685453059,34.845998211024124,38.788385350140395,3.9423871391162706,993.179193469395,1188.38,195.20080653060506,78.580612862211,34.88921931934022,39.472173530333464,4.582954210993243,1507.5098336923884,1837.94,330.43016630761167,2504.464970407148,3026.32,521.8550295928521
91,3.7916666666666665,22.82773390610882,33.82794125846854,33.85692483716104,0.028983578692496792,2.7695807606555976,0.0,0.0,50.196326395415696,33.52680902857887,37.27939236127819,3.7525833326993236,788.4996481664042,780.85,0.0,65.53663539210247,33.758862052904675,37.98135675094804,4.222494698043363,1158.3838076405748,1158.45,0.06619235942525847,1949.6530365676344,1939.3000000000002,0.0
92,3.8333333333333335,22.834189258978867,32.77832961888322,32.8043692748935,0.026039656010283352,2.4889722989554843,0.0,0.0,50.211162495029534,32.62683299746431,36.40318282630257,3.7763498288382564,793.7280337457593,781.96,0.0,65.55659068366121,32.76227331845435,36.79005114343129,4.027777824976944,1105.3023420429968,1139.44,34.137657957003285,1901.5193480877115,1921.4,19.880651912288613
93,3.875,22.837795411812706,31.891189873513074,31.918284158552414,0.02709428503933964,2.590186869602852,0.0,0.0,50.22206977942674,31.678924850138486,35.18690807672199,3.507983226583505,737.481854742781,791.69,54.20814525721903,65.57000054331426,31.852643893125926,35.502559770529984,3.6499158774040588,1001.8143916657269,1052.71,50.895608334273106,1741.8864332781109,1844.4,102.51356672188922
94,3.9166666666666665,22.840674171030795,30.71186270232076,30.740393188171158,0.028530485850396303,2.7278300538129456,0.0,0.0,50.23182185706593,30.438532908640422,33.61381333519401,3.175280426553588,667.667505387786,668.79,1.1224946122139272,65.58177475614856,30.65891747576276,33.856534437483475,3.1976169617207155,877.8267848932738,932.51,54.68321510672615,1548.2221203348727,1601.3,53.077879665127284
95,3.9583333333333335,22.84160702448454,29.31861484829562,29.347796643141805,0.029181794846184772,2.7902163513498195,0.0,0.0,50.23773987800578,29.02507260485836,32.16511623219009,3.1400436273317283,660.3360370836439,652.58,0.0,65.58921509229269,29.26451167423725,32.01167204816351,2.74716037392626,754.2506118683665,804.91,50.65938813163348,1417.3768653033603,1457.49,40.11313469663969
96,4.0,22.84312440053649,27.843757125472532,27.87342332484625,0.02966619937371817,2.836721106137851,0.0,0.0,50.24642925142257,27.5323133845404,30.67726808324892,3.144954698708517,661.4832054111171,654.22,0.0,65.59948553716106,27.787200831654573,29.90981496345708,2.122614131802507,582.8686656380773,685.83,102.9613343619227,1247.1885921553321,1340.0500000000002,92.86140784466807
97,4.041666666666667,22.844135726445636,26.230987130477807,26.26159515651675,0.030608026038944303,2.926909390223217,0.0,0.0,50.25420013294316,25.879888863008617,28.97033881327993,3.0904499502713136,650.1196660032462,654.88,4.760333996753843,65.6082302139994,26.164825250815323,27.780349118619707,1.6155238678043844,443.68109644181567,462.45,18.76890355818432,1096.727671835285,1117.33,20.60232816471489
98,4.083333333333333,22.845491553519295,24.490287857797668,24.521195464784515,0.03090760698684747,2.9557323996605693,0.0,0.0,50.26218795390289,24.135223879643355,27.14500999094877,3.009786111305413,633.2515298622277,631.28,0.0,65.61785682425511,24.424762662596784,25.872406488392365,1.4476438257955806,397.6335202388895,408.39,10.756479761110484,1033.8407825007778,1039.67,5.829217499222295
99,4.125,22.847179895205297,22.75240697326411,22.78347055327268,0.031063580008567016,2.970867829899273,0.0,0.0,50.27111983235221,22.393646369214913,25.412607173150665,3.0189608039357516,635.2947378792662,621.21,0.0,65.62870426100541,22.686208489118613,23.97970032292351,1.2934918338048966,355.35034800184263,370.48,15.129651998157385,993.6159537110082,991.69,0.0
100,4.166666666666667,22.84784253633375,20.988810993724798,21.019968671538084,0.03115767781328671,2.9799536091676755,0.0,0.0,50.278064002503065,20.63265941356337,24.517312058979588,3.8846526454162174,817.5794408009914,635.39,0.0,65.63658780302717,20.92220477487626,22.11784064691475,1.1956358720384905,328.506642936577,323.85,0.0,1149.066037346736,959.24,0.0
101,4.208333333333333,22.84419880522491,19.306746961646585,19.337517519319128,0.03077055767254322,2.942459692325238,0.0,0.0,50.276606058294256,18.969694834029575,23.774649214218694,4.80495438018912,1011.2404785245323,986.74,0.0,65.63453771360528,19.244531672978983,20.43928541709272,1.1947537441137364,328.2540211058464,316.98,0.0,1342.4369593227038,1303.72,0.0
102,4.25,22.839158510152682,17.660798828932197,17.691573704634635,0.030774875702437754,2.9422232983523586,0.0,0.0,50.27236081381174,17.328157734950576,21.98405460504118,4.655896870090604,979.7874139502734,1021.27,41.48258604972659,65.628337570694,17.596944024986744,19.04891021122768,1.4519661862409343,398.8844716716175,324.08,0.0,1381.6141089202433,1345.35,0.0
103,4.291666666666667,24.117945510511337,16.272978065025768,16.30320435075068,0.03022628572491115,3.051576888044546,0.0,0.0,53.17653818202992,16.126451028717412,20.778864824547277,4.652413795829865,1035.6133017427726,924.5,0.0,69.4210599452758,16.25987529610294,18.30381516996931,2.043939873866371,593.9618899193956,459.12,0.0,1632.6267685502128,1383.62,0.0
104,4.333333333333333,30.329604487547147,16.570382059117485,17.767980724272707,1.1975986651552226,152.04679645179812,0.0,0.0,67.35714184588215,16.782515958478776,21.79705727883251,5.014541320353736,1413.8850058357364,1135.36,0.0,87.94248715091481,16.57682288453713,19.381769302210746,2.804946417673616,1032.5772145399856,715.97,0.0,2598.50901682752,1851.33,0.0
105,4.375,35.78585431513819,19.115497722102067,21.126488705767326,2.010990983665259,301.24561713091884,310.81,9.564382869081157,79.88982220052752,19.22214717456573,24.27057878106262,5.048431606496891,1688.2904181770687,1672.1,0.0,104.31225750414845,18.955949245274784,22.40692723200236,3.450977986727576,1506.873368187736,1333.77,0.0,3496.4094034957234,3316.68,0.0
106,4.416666666666667,36.83003493678499,21.806183582321992,23.511823027593394,1.7056394452714017,262.9593308623734,275.28,12.320669137626567,82.28564602270427,21.889337385102145,26.819043412418527,4.9297060273163815,1698.025973038703,1657.5,0.0,107.4444506136497,21.61124151819116,25.543457965297446,3.932216447106285,1768.5633828818818,1625.95,0.0,3729.548686782958,3558.73,0.0
107,4.458333333333333,36.64556123558558,24.50709128368841,26.152923782167992,1.6458324984795816,252.46793916901962,233.31,0.0,81.84570314009014,24.584874533751016,29.568263090653247,4.983388556902231,1707.3393847653176,1688.93,0.0,106.87155426082609,24.311371943808567,28.61032706305653,4.298955119247964,1923.1991600104902,1847.78,0.0,3883.006483944828,3770.02,0.0
108,4.5,35.8992956341664,27.073542620958833,28.862071391104326,1.7885287701454935,268.7701799696182,255.04,0.0,80.10974097553783,27.14348697515934,32.13559103598717,4.9921040608278275,1674.0490593052589,1676.99,2.94094069474113,104.60506735653358,26.89036058662421,30.771965942284886,3.8816053556606747,1699.6649784020135,1935.64,235.9750215979866,3642.4842176768907,3867.67,225.18578232310938
109,4.541666666666667,35.857730862749754,29.4457533077273,31.311012522967673,1.8652592152403713,279.9762688222719,266.7,0.0,80.00027578236956,29.535556536236165,34.484607527863,4.949050991626834,1657.3439093841798,1624.98,0.0,104.46323740143862,29.274319043684358,32.97213418755152,3.6978151438671603,1616.9921128324402,1406.78,0.0,3554.312291038892,3298.46,0.0
110,4.583333333333333,36.629500852433324,32.117957679023064,34.10551739383037,1.987559714807304,304.75469864099523,277.63,0.0,81.7702701464324,32.19656979735494,37.04001221787158,4.843442420516638,1657.86360535791,1643.65,0.0,106.77744084273277,31.91960284718823,36.075781798988054,4.1561789517998236,1857.6888329317837,1771.81,0.0,3820.307136930689,3693.09,0.0
111,4.625,36.47419676906505,34.81617926866748,35.90425873627372,1.088079467606235,166.12904778334143,315.54,149.4109522166586,81.40202602416426,34.88485238288219,39.648112991058575,4.763260608176388,1623.0757218481203,1623.68,0.6042781518797256,106.29765629008865,34.61550416986715,39.02464115792957,4.409136988062421,1961.8983649971974,1881.64,0.0,3751.103134628659,3820.86,69.75686537134106
112,4.666666666666667,37.48779718411816,37.544194274610916,38.502213961769996,0.95801968715908,150.3362038003415,0.0,0.0,83.73338225151444,37.62905575830305,42.17977667128324,4.550720912980189,1595.0638040992587,1575.2,0.0,109.3443017362346,37.33111791311464,42.0131555843688,4.6820376712541645,2143.040029479212,1980.32,0.0,3888.440037378812,3555.52,0.0
113,4.708333333333333,33.77125381530717,40.235422927767814,41.263265452617944,1.0278425248501293,145.3024678822512,289.07,143.7675321177488,75.16798366996066,40.213912786010106,44.46929888968102,4.255386103670915,1338.9707681263724,1563.05,224.07923187362758,98.15670841744397,40.038770321574376,44.852436996088926,4.81366667451455,1977.8585285275385,2240.9,263.0414714724616,3462.1317645361623,4093.02,630.8882354638376
114,4.75,25.832367323997754,40.344381479501905,40.375353603485834,0.030972123983929123,3.349148624970681,0.0,0.0,56.99448167976878,40.205179884408736,44.32286218446351,4.117682300054774,982.3921149792459,1079.5,97.10788502075411,74.41778173520359,40.2969793410673,45.104912009582954,4.8079326685156545,1497.7327329023183,1660.84,163.10726709768164,2483.4739965065346,2740.34,256.86600349346554
115,4.791666666666667,23.192122038829297,39.43638870805651,39.46367241846684,0.027283710410330286,2.6487632543544026,0.0,0.0,51.005593371629935,39.238401017215125,43.042015853329396,3.8036148361142708,812.107574183778,867.47,55.36242581622207,66.59576914698515,39.40525654391232,44.084620989216646,4.679364445304323,1304.4659100462495,1311.8,7.334089953750436,2119.222247484382,2179.27,60.04775251561796
116,4.833333333333333,22.820025510689657,38.426071402335445,38.45296366058775,0.026892258252303236,2.568872933030973,0.0,0.0,50.167081130053575,38.209419264944366,41.50212913156572,3.292709866621351,691.4671016671577,742.55,51.082898332842205,65.50046281749104,38.39094470912524,42.97395793024324,4.583013221117994,1256.5931929248713,1277.83,21.23680707512858,1950.62916752506,2020.3799999999999,69.7508324749399
117,4.875,22.824180449312987,37.185074545475096,37.21363901160513,0.02856446613003527,2.729106776027436,0.0,0.0,50.18096157293064,36.89317117746116,39.94681254167807,3.053641364216908,641.4402865728027,626.35,0.0,65.51768572168677,37.13095941858017,41.50576060621354,4.3748011876333734,1199.8199911958595,1216.55,16.730008804140425,1843.9893845446898,1842.9,0.0
118,4.916666666666667,22.82959585440237,35.65737478597944,35.68691194457134,0.02953715859189998,2.822709352523187,0.0,0.0,50.197358860748935,35.33205605473848,38.48544425024811,3.1533881955096277,662.609302660153,642.93,0.0,65.53819336626007,35.599539869556544,39.47485726686854,3.8753173973119956,1063.1657257376248,1164.11,100.94427426237507,1728.597737750301,1807.04,78.44226224969907
119,4.958333333333333,22.834910505590628,33.93646158808125,33.967304201136685,0.030842613055433787,2.9481508609691334,0.0,0.0,50.214231118725095,33.55478817704541,36.69234264218992,3.137554465144511,659.5038188626434,668.45,8.946181137356689,65.55868831095759,33.86750060414496,37.00701593997715,3.1395153358321934,861.5730157641452,942.84,81.2669842358548,1524.0249854877577,1611.29,87.26501451224226
120,5.0,22.83999954571999,31.953292323795996,31.985137861908658,0.03184553811266255,3.0446957902465996,0.0,0.0,50.230264593988416,31.53734560154656,34.60784428991993,3.070498688373373,645.6149910587186,636.14,0.0,65.578133660181,31.878792928373375,34.146821691007574,2.2680287626341986,622.5967287260975,761.57,138.97327127390258,1271.2564155750626,1397.71,126.45358442493739
121,5.041666666666667,22.84295517551616,29.860031197302273,29.892363521781483,0.03233232447920997,3.091636601211933,0.0,0.0,50.24200894614097,29.429173859409424,32.60765928816469,3.178485428755266,668.4769631492895,640.72,0.0,65.59291333472132,29.78413847377308,31.397797146949895,1.6136586731768148,443.0653846773133,465.17,22.104615322686698,1114.6339844278148,1105.89,0.0
122,5.083333333333333,22.84478857282484,27.704454587094904,27.73718072410826,0.03272613701335558,3.129544356144448,0.0,0.0,50.253103022042126,27.26091240844842,30.305458932625122,3.0445465241767025,640.4492518244908,681.88,41.430748175509166,65.6066423142199,27.62570776640743,28.999317986576894,1.3736102201694642,377.23375709250905,404.02,26.78624290749093,1020.8125532731444,1085.9,65.08744672685566
123,5.125,22.845815017147746,25.46405489255266,25.49737443719253,0.03331954463986975,3.186434073705683,0.0,0.0,50.26239507326665,24.999167319908075,27.926437353043944,2.927270033135869,615.892889704277,584.19,0.0,65.61759007775026,25.378948256817505,26.56782828396149,1.188880027143984,326.5558973537673,333.73,7.174102646232711,945.6352211317499,917.9200000000001,0.0
124,5.166666666666667,22.847835140056166,23.22154787127082,23.254532108743668,0.03298423747284929,3.1546467061205163,0.0,0.0,50.27312120784538,22.782307846171644,26.086908564041757,3.3046007178701124,695.4310319246092,633.47,0.0,65.63060716957264,23.142958005140862,24.254335469042427,1.1113774639015652,305.3284212633398,302.82,0.0,1003.9140998940695,936.29,0.0
125,5.208333333333333,22.848502266147793,21.091809682746366,21.12476014697262,0.03295046422625347,3.1515086148939133,0.0,0.0,50.28142519220997,20.653443803231124,24.20480194812212,3.5513581448909974,747.4829224664423,743.33,0.0,65.64069182662183,21.011244647079796,22.109983581279767,1.0987389341999716,301.90262409358303,291.43,0.0,1052.5370551749193,1034.76,0.0
126,5.25,22.843034672092237,18.91163107052643,18.944928087442815,0.03329701691638576,3.1838921612060394,0.0,0.0,50.277696352255234,18.46141498549341,22.52867391362656,4.06725892813315,856.0052256424004,736.78,0.0,65.63592983022369,18.824769547807236,20.135387470115358,1.310617922308122,360.0948983642078,295.97,0.0,1219.2840161678141,1032.75,0.0
127,5.291666666666667,23.663113233676274,16.89685387225495,17.225321954261727,0.3284680820067756,32.53600907247969,0.0,0.0,52.14424506264196,16.594090210824863,21.168760206527974,4.574669995703111,998.5397980272515,962.1,0.0,68.07268306417332,16.8527796571434,18.66229357055136,1.809513913407958,515.6250633962671,408.85,0.0,1546.7008704959985,1370.95,0.0
128,5.333333333333333,29.189507957242384,16.404325990434273,17.102462667053814,0.6981366766195407,85.3034218001171,59.81,0.0,64.7455223890834,16.58414671242883,21.396046007230204,4.811899294801375,1304.1438357380655,1020.92,0.0,84.53191843166934,16.433941719425935,19.468546594323456,3.0346048748975214,1073.7967877755698,608.22,0.0,2463.2440453137524,1688.95,0.0
129,5.375,33.66818233005836,18.568613193172713,19.293815579725507,0.7252023865527946,102.20640649546925,103.58,1.3735935045307457,75.01067911816055,18.67176980579774,23.500852248888044,4.829082443090304,1516.3063064598832,1573.17,56.863693540116856,97.94042145178868,18.449465008912526,22.605420061156924,4.155955052244398,1703.8526514254072,1544.14,0.0,3322.3653643807597,3220.8900000000003,0.0
130,5.416666666666667,35.410390601676625,20.68888013748778,21.291060997694352,0.6021808602065732,89.26000135300846,88.17,0.0,79.01490274506166,20.801871057269178,25.678931510484297,4.877060453215119,1613.1188746453354,1420.7,0.0,103.17248704703475,20.544089009073645,25.00750908563898,4.463420076565335,1927.6620000461407,1817.23,0.0,3630.0408760444843,3326.1000000000004,0.0
131,5.458333333333333,37.158832073921175,23.446247484500127,24.015506313824353,0.5692588293242267,88.54642972547838,75.43,0.0,83.03843513927382,23.532197876237127,28.739488597873784,5.207290721636657,1810.0484721081052,1764.82,0.0,108.429208778248,23.244696868848127,27.93323316677259,4.688536297924465,2128.0547407350236,1980.55,0.0,4026.6496425686073,3820.8,0.0
132,5.5,37.48017641203499,26.362664901222214,26.869586167561984,0.50692126633977,79.53190067674039,85.08,5.548099323259606,83.76706243708125,26.43538785667256,31.626020999833152,5.190633143160593,1820.0899232144143,1804.15,0.0,109.38271621862711,26.145019134128184,31.21585851281639,5.070839378688206,2321.8159053605336,2210.16,0.0,4221.437729251688,4099.389999999999,0.0
133,5.541666666666667,37.16603772159959,29.225325808239884,30.490966684850346,1.2656408766104619,196.90465356896232,56.9,0.0,83.02540788231,29.296500318915054,34.50433108514204,5.207830766226987,1809.9521970720898,1783.73,0.0,108.41536976658057,29.011621314131116,34.14963045509105,5.138009140959934,2331.7659274488797,2364.94,33.17407255112039,4338.622778089932,4205.57,0.0
134,5.583333333333333,36.094747446042675,31.908579745976418,33.95812332873251,2.049543582756094,309.6708949848131,321.14,11.46910501518687,80.53857204907303,31.971367105638347,36.898898338965985,4.927531233327638,1661.2405942799137,1785.07,123.82940572008624,105.16912097882863,31.713072584335887,36.77741255785681,5.0643399735209265,2229.5145995162443,2231.17,1.655400483755784,4200.4260887809705,4337.38,136.95391121902958
135,5.625,35.325260713483004,34.22629862112409,36.14478460498388,1.9184859838597959,283.68947948527284,282.11,0.0,78.75294673187985,34.307230658684155,38.978958120822696,4.671727462138541,1540.0809044253554,1491.91,0.0,102.83789093144372,34.05969187871501,39.175852314458865,5.116160435743858,2202.4017332066333,2165.82,0.0,4026.172117117261,3939.84,0.0
136,5.666666666666667,34.11591181433613,36.451637515055396,38.404171486559676,1.9525339715042804,278.8398278276005,270.22,0.0,75.95996545292267,36.51215637669841,41.20159079332885,4.689434416630441,1491.0920305122445,1545.35,54.25796948775542,99.19031823980656,36.29692569380417,41.53967394940826,5.242748255604091,2176.8450271322104,2181.19,4.344972867789693,3946.7768854720553,3996.76,49.98311452794496
137,5.708333333333333,29.991439875549904,37.80502744733153,38.90898410204599,1.1039566547144588,138.59531897245282,273.64,135.04468102754717,66.49116283129604,37.801504016249915,42.202277762486965,4.40077374623705,1224.876191835483,1398.06,173.1838081645169,86.8225958191709,37.714984779514616,43.360237150343245,5.645252370828629,2051.70705602816,2118.81,67.10294397183998,3415.178566836096,3790.5099999999998,375.33143316390397
138,5.75,24.98038278643561,37.67752899467164,37.707114320771105,0.029585326099464737,3.0936748986782767,0.0,0.0,55.066822997699255,37.528486775935,41.4510528131866,3.922566037251599,904.189603119124,1027.87,123.68039688087595,71.90030378900443,37.6394496304185,43.483642950725454,5.844193320306957,1758.9541657014663,1939.92,180.96583429853376,2666.2374437192684,2967.79,301.55255628073155
139,5.791666666666667,22.822190939229714,36.6342531686074,36.66159184912671,0.02733868051930699,2.611765064504805,0.0,0.0,50.17697803029998,36.40542524691132,39.99319735063153,3.587772103720212,753.5786306412219,765.66,12.081369358778034,65.51316754895626,36.59111989493063,41.8002822489311,5.209162354000469,1428.5508874016393,1555.45,126.89911259836072,2184.741283107366,2321.11,136.36871689263398
140,5.833333333333333,22.828574072320446,35.596354235166515,35.6234712982155,0.027117063048983425,2.5913176918833827,0.0,0.0,50.19371531609226,35.37634020067912,38.87252857900711,3.496188378327993,734.5872598654021,727.54,0.0,65.53455337406137,35.5603229491366,40.00609760118776,4.445774652051163,1219.5988701532292,1281.18,61.581129846770864,1956.7774477105147,2008.72,51.94255228948532
141,5.875,22.832862638243235,34.31484905745859,34.34388077816301,0.029031720704423947,2.7748043401090636,0.0,0.0,50.2075652068955,34.007977992374336,37.141127247934826,3.1331492555604896,658.4904321785345,727.8,69.30956782146541,65.55148909831709,34.25626876178876,38.342013955177876,4.085745193389116,1121.1224887713406,1138.76,17.637511228659378,1782.3877252899842,1866.56,84.1722747100157
142,5.916666666666667,22.837936872238306,32.68412624238915,32.71452662566699,0.030400383277843446,2.906264595124521,0.0,0.0,50.22313770000676,32.32563738461746,35.030805918423574,2.705168533806116,568.7185487304429,574.54,5.8214512695570875,65.57072943416614,32.61748702030042,36.264987968917026,3.647500948616603,1001.1626806435587,1084.55,83.38731935644125,1572.787493969126,1659.09,86.30250603087393
143,5.958333333333333,22.84227821857037,30.841751682290127,30.87308714105751,0.03133545876738353,2.996226896796886,0.0,0.0,50.23773777818934,30.448951205957727,33.13001962365707,2.6810684176993433,563.8157395919387,548.96,0.0,65.58869914230877,30.77053727619882,33.85250655655263,3.081969280353814,846.16790177632,898.52,52.352098223679945,1412.9798682650558,1447.48,34.50013173494426
144,6.0,22.84392526921699,28.84676215291506,28.878808713603938,0.032046560688879566,3.0644418282260344,0.0,0.0,50.247419134943954,28.42848509581408,31.15965722927003,2.731172133455953,574.4629929487774,564.75,0.0,65.60088390227392,28.771305155172993,31.23778786156096,2.4664827063879677,677.3092235692762,775.19,97.88077643072381,1254.8366583462796,1339.94,85.10334165372046
145,6.041666666666667,22.84538412319417,26.72797451213296,26.76069290730704,0.03271839517407926,3.1288855834354248,0.0,0.0,50.25774451309258,26.285922155172123,29.156479967621927,2.8705578124498032,603.9048481662151,570.15,0.0,65.61308056816183,26.647176747788972,28.748395854467056,2.1012191066780836,577.1131814393569,561.11,0.0,1184.1469151890074,1131.26,0.0
146,6.083333333333333,22.847229732318326,24.561788889733386,24.594596612174733,0.032807722441347664,3.137681482766181,0.0,0.0,50.268378995065255,24.12336900993652,27.046995809347617,2.923626799411096,615.1995922503908,623.73,8.530407749609253,65.62603596705759,24.482502096270096,26.50983702423939,2.0273349279692923,556.9303672121739,576.0,19.069632787826094,1175.2676409453309,1199.73,24.46235905466915
147,6.125,22.848735056028,22.38503274879094,22.41825854886628,0.03322580007533915,3.17787516733187,0.0,0.0,50.27802827449868,21.929985096723346,24.50011453462679,2.570129437903443,540.9192757340566,592.24,51.320724265943454,65.63780903804071,22.30013010266557,24.186316164302955,1.8861860616373853,518.2482345133334,520.47,2.2217654866666408,1062.345385414722,1112.71,50.364614585278105
148,6.166666666666667,22.845821708765207,20.13351511419622,20.167131978448456,0.033616864252234535,3.2148684574605135,0.0,0.0,50.27845788309735,19.6661140539992,22.128222795158933,2.462108741159735,518.1892542841794,474.88,0.0,65.63815711914903,20.044277645450315,21.80366819157643,1.7593905461261166,483.4124788789921,498.75,15.33752112100791,1004.8166016206319,973.63,0.0
149,6.208333333333333,22.840960089544613,17.896147804809548,17.929460524702247,0.033312719892698794,3.1851044002043043,0.0,0.0,50.27724629490706,17.451268908156184,21.21435579098094,3.763086882824755,791.9813463105231,548.01,0.0,65.63498737199053,17.811691053647085,19.252132277454933,1.4404412238078486,395.7584276643493,450.94,55.181572335650685,1190.9248783750768,998.95,0.0
150,6.25,22.836642627947366,15.826750689411128,15.85941762365505,0.032666934243922086,3.122768989489132,0.0,0.0,50.276222906487966,15.41483622877987,19.577687222469994,4.162850993690123,876.0980888952964,1024.96,148.8619111047036,65.63218810215767,15.74885394687361,17.269145303067322,1.520291356193713,417.6792820154816,324.49,0.0,1296.9001399002673,1349.45,52.54986009973277
151,6.291666666666667,23.742844218741826,13.924418726963088,13.957126808994024,0.032708082030936225,3.2507760041392992,0.0,0.0,52.336665694995716,13.63447758228828,17.57044834147686,3.9359707591885815,862.2975221961863,713.24,0.0,68.3231731531957,13.87929717145862,16.013846091079444,2.1345489196208227,610.482704668576,496.0,0.0,1476.0310028689016,1209.24,0.0
152,6.333333333333333,29.53141794728051,13.593850230293203,13.858200932706296,0.26435070241309333,32.678641410909925,0.0,0.0,65.54469643210132,13.791857043394492,18.698339674719456,4.906482631324964,1346.1921265975304,1002.08,0.0,85.57394426935551,13.620003340179919,16.888547665112224,3.2685443249323054,1170.8335343767849,710.79,0.0,2549.704302385225,1712.87,0.0
153,6.375,34.198423028762086,15.893411305548373,16.324225618072862,0.43081431252448965,61.67305006605101,59.83,0.0,76.2510427820667,15.995953220759674,21.0663755232162,5.070422302456528,1618.4121993818744,1682.62,64.20780061812548,99.55889688981608,15.76433122392947,19.97876396178943,4.214432737859958,1756.3797726286252,1632.35,0.0,3436.4650220765507,3374.7999999999997,0.0
154,6.416666666666667,34.875582981568996,18.017079125243725,19.058923982255376,1.0418448570116503,152.0980871567441,50.23,0.0,77.79819669334552,18.118094683062083,23.210226215183063,5.09213153212098,1658.3201110948658,1515.7,0.0,101.58090931455223,17.87660031352889,22.371086775921878,4.494486462392988,1911.1351350531386,1834.09,0.0,3721.5533333047483,3400.02,0.0
155,6.458333333333333,35.720647445327295,20.38626386153971,22.082997575417586,1.696733713877876,253.70687459330782,241.67,0.0,79.73306354075052,20.48118487390539,25.694586298090663,5.213401424185271,1740.0384349373626,1761.03,20.99156506263739,104.10996193272277,20.2235803376997,24.84284531473503,4.6192649770353285,2013.0955428356635,1935.51,0.0,4006.840852366334,3938.21,0.0
156,6.5,35.601723437776656,22.853353046482344,24.623191416419903,1.7698383699375597,263.75691379308114,250.1,0.0,79.44435532877893,22.92892142841215,27.78685101585437,4.8579295874422215,1615.5242629088855,1671.8,56.27573709111448,103.73482917066232,22.681458174852555,27.411550147387498,4.730091972534943,2053.9667335179665,2031.41,0.0,3933.247910219933,3953.31,20.0620897800668
157,6.541666666666667,35.32933836962113,25.10924537885739,26.955093811362975,1.8458484325055835,272.97995972038865,261.78,0.0,78.80408561337343,25.199793314364555,29.950628138584054,4.750834824219499,1567.1764230165961,1514.55,0.0,102.89977818971562,24.952372195825564,29.62242096776792,4.670048771942355,2011.5696698669408,2017.02,5.450330133059197,3851.7260526039254,3793.35,0.0
158,6.583333333333333,36.088918594985316,27.58989123246721,29.336625838201396,1.7467346057341864,263.87607589030887,269.03,5.153924109691104,80.544571475311,27.67729670183947,32.652427993088295,4.975131291248825,1677.4131576751802,1576.44,0.0,105.17390148118162,27.41135124848323,32.00171324159797,4.59036199311474,2020.9433681922274,1947.94,0.0,3962.232601757716,3793.41,0.0
159,6.625,36.122288235171496,30.183735302657443,31.901181997819318,1.7174466951618754,259.69150565123937,242.57,0.0,80.60893115419019,30.258866110514443,35.291901612103715,5.033035501589271,1698.2920648542406,1732.56,34.26793514575934,105.25963992281994,29.9956015387389,34.797819577820114,4.802218039081215,2115.9381984404044,2033.46,0.0,4073.9217689458847,4008.59,0.0
160,6.666666666666667,35.234731629106285,32.58754162654199,34.36313576987316,1.775594143331169,261.886972950729,260.97,0.0,78.55094365972724,32.65874229340885,37.46445265975496,4.805710366346112,1580.186050594401,1617.06,36.87394940559898,102.57321517514158,32.41641655324334,37.45132568722156,5.034909133978225,2161.846380092888,2136.92,0.0,4003.9194036380177,4014.95,11.030596361982134
161,6.708333333333333,31.746850505944238,34.39463736914675,35.348528044370774,0.9538906752240237,126.7647412491605,247.93,121.16525875083951,70.52583044659681,34.408131803673676,38.79202904912902,4.383897245455344,1294.2190821652068,1500.21,205.9909178347932,92.09139373040304,34.27346456255408,39.27533609169189,5.001871529137809,1928.1943351053349,2128.99,200.79566489466492,3349.1781585197023,3877.13,527.9518414802978
162,6.75,25.874155988631827,34.57659603640639,34.60778535691167,0.031189320505276896,3.3780908817034025,0.0,0.0,57.10777988112891,34.439733070840234,38.21713247363913,3.777399402798899,902.9992886855647,1061.26,158.2607113144353,74.56504039093801,34.52864300525942,39.57611117022573,5.047468164966311,1575.4624985429866,1685.96,110.49750145701341,2481.8398781102546,2747.2200000000003,265.3801218897456
163,6.791666666666667,22.833490242363208,33.4211211647308,33.44999082655128,0.028869661820479564,2.759390862227937,0.0,0.0,50.21070498328489,33.12503063050054,36.527163601805384,3.4021329713048445,715.0671498024894,729.82,14.752850197510611,65.55590676016989,33.358776604901806,38.220082802013394,4.861306197111588,1334.0251876189632,1434.89,100.86481238103693,2051.8517282836806,2164.71,112.85827171631945
164,6.833333333333333,22.839810029651176,32.06056770776521,32.08956919366971,0.029001485904501578,2.7727579622720637,0.0,0.0,50.22836981711113,31.764053314623524,34.89143326186907,3.1273799472455437,657.5502607535558,686.1,28.549739246444233,65.57811499983227,32.007935298942066,36.24391948140783,4.235984182465764,1162.8199729819103,1212.77,49.95002701808971,1823.1429916977381,1898.87,75.72700830226177
165,6.875,22.841957322135638,30.4252589934452,30.455938055014663,0.030679061569461652,2.9334224458110825,0.0,0.0,50.23808074296285,30.058958202246302,32.88158921787167,2.822631015625369,593.5897225482416,614.69,21.100277451758416,65.5898617724428,30.355570470464592,34.12614337396328,3.770572903498689,1035.2453343046611,1093.45,58.20466569533892,1631.7684792987138,1708.14,76.37152070128627
166,6.916666666666667,22.84336543204596,28.598123422257036,28.629213967783798,0.03109054552676227,2.9729503326865747,0.0,0.0,50.24652893687023,28.22471106647609,31.08681133087367,2.8621002643975793,601.9911873195891,558.24,0.0,65.60041674676451,28.530856162229554,31.777900986326863,3.2470448240973084,891.6493684448872,957.74,66.09063155511285,1496.6135060971628,1515.98,19.366493902837192
167,6.958333333333333,22.84553648938341,26.740110491473203,26.771594568842474,0.031484077369270835,3.010866892234599,0.0,0.0,50.25750949493501,26.351724802227054,29.14183785736425,2.7901130551371978,586.9782222470524,632.16,45.181777752947596,65.61384767776583,26.670023018372472,29.471452453189997,2.801429434817525,769.4393938087064,806.84,37.400606191293605,1359.4284829479934,1439.0,79.57151705200658
168,7.0,22.84724194678663,24.75050491425115,24.78288979092018,0.032384876669031115,3.097242801654199,0.0,0.0,50.26772038203742,24.325417711660485,27.168868884888077,2.843451173227592,598.3209223633386,527.38,0.0,65.62570613950004,24.67046467395914,27.001070115074164,2.3306054411150257,640.2387699948048,714.06,73.82123000519516,1241.6569351597975,1241.44,0.0
169,7.041666666666667,22.848768423665824,22.63887553185903,22.671841855906823,0.03296632404779487,3.153062237924615,0.0,0.0,50.27756617096197,22.19327523540205,25.069461564362232,2.8761863289601806,605.3276165134687,655.72,50.392383486531344,65.63723662170847,22.55463074336139,24.499576262671415,1.944945519310025,534.3883150328498,548.4,14.011684967150131,1142.8689937842432,1204.12,61.25100621575666
170,7.083333333333333,22.846494499706022,20.422087916275792,20.455596683686643,0.03350876741085074,3.20462524525969,0.0,0.0,50.27924079063323,19.958141249512405,22.799725854295453,2.8415846047830478,598.0651915655498,540.05,0.0,65.63873159402111,20.3329428820773,21.890691782766925,1.5577489006896243,428.01289906187486,503.01,74.99710093812513,1029.2827158726843,1043.06,13.777284127315625
171,7.125,22.84153111184627,18.177614478564738,18.211222578917575,0.033608100352836345,3.213426726663853,0.0,0.0,50.27698234203463,17.71406499805093,20.71422583893707,3.000160840886142,631.4121947353976,642.35,10.937805264602389,65.63494488603345,18.088401079009103,19.284048037439263,1.1956469584301601,328.50146621173576,335.54,7.03853378826426,963.1270876737973,977.8900000000001,14.762912326202809
172,7.166666666666667,22.8367882168818,15.908819456672175,15.942922224829724,0.03410276815754898,3.2600471471818118,0.0,0.0,50.275436956048694,15.425340462290363,18.06595038767718,2.6406099253868174,555.7242254334556,607.29,51.565774566544405,65.63151560426253,15.812545793887763,16.775614372526135,0.9630685786383726,264.5872247706367,305.7,41.11277522936331,823.571497351274,912.99,89.41850264872596
173,7.208333333333333,22.8314309536193,13.55250930473305,13.586959166177127,0.034449861444077357,3.292454903412345,0.0,0.0,50.27283442553862,13.063465695920309,16.575194044787015,3.511728348866706,739.0154353565727,490.98,0.0,65.62623300577822,13.452573403138564,14.418362217556979,0.9657888144184152,265.31320828669675,207.33,0.0,1007.6210985466818,698.3100000000001,0.0
174,7.25,22.828256798543514,11.398548546831378,11.431019402355487,0.032470855524108444,3.102885176768343,0.0,0.0,50.274141771164835,11.020932839825717,15.346488822267135,4.3255559824414185,910.3026911357491,976.67,66.36730886425084,65.62713000133158,11.327252683731704,12.703281187155827,1.3760285034241235,378.01589899424476,307.78,0.0,1291.4214753067622,1284.4499999999998,0.0
175,7.291666666666667,22.81745169438704,9.815946264920939,10.121625703849515,0.30567943892857663,29.196620931580465,0.0,0.0,50.256287653629975,9.521300064570982,14.240086922875678,4.718786858304696,992.7044989177648,830.99,0.0,65.60455339077261,9.763125025088469,11.709135352494538,1.9460103274060696,534.4146414399605,433.16,0.0,1556.3157612893058,1264.15,0.0
176,7.333333333333333,28.698534009407165,9.1190978590339,9.393871749977151,0.27477389094325133,33.00915447739669,53.24,20.23084552260331,63.66983552793975,9.249843885765381,14.27046716413707,5.020623278371689,1338.1062135856753,1144.61,0.0,83.12180481269397,9.131620974540793,12.076146315967767,2.9445253414269743,1024.5413352739752,621.75,0.0,2395.656703337047,1819.6,0.0
177,7.375,33.62205593224542,11.237182542465789,11.459445727857682,0.22226318539189371,31.28174882037324,0.0,0.0,74.95147938873292,11.341982977770684,16.199264325230853,4.8572813474601695,1523.9569298384465,1501.25,0.0,97.85821597407407,11.122806518964516,14.998744954848597,3.8759384358840805,1587.7180724681753,1430.09,0.0,3142.956751126995,2931.34,0.0
178,7.416666666666667,34.1901357405037,13.169483916760822,13.59780231369726,0.42831839693643836,61.30088965408967,50.16,0.0,76.24873594477462,13.278318513455952,18.44287234379569,5.164553830339736,1648.4078755670755,1512.14,0.0,99.55405965582933,13.049446793945402,17.419769652523982,4.3703228585785805,1821.2590394722054,1700.78,0.0,3530.9678046933705,3263.08,0.0
179,7.458333333333333,34.76674071895691,15.348938457638566,15.601585128005242,0.2526466703666763,36.76857356706319,59.19,22.421426432936805,77.56634214677831,15.441999402028067,20.680704297439522,5.2387048954114555,1700.9692800901184,1750.23,49.26071990988157,101.27674936958705,15.208436549839027,19.875734475933307,4.66729792609428,1978.6751589637047,1895.33,0.0,3716.4130126208865,3704.75,0.0
180,7.5,35.20684466804615,17.545320860373746,18.634893453438973,1.0895725930652276,160.57668897961196,0.0,0.0,78.56607309211962,17.642637189793096,22.394816108376084,4.752178918582988,1562.885111802029,1612.65,49.764888197971004,102.58411053747972,17.398671739415672,22.16359621323209,4.764924473816418,2046.139985938902,2012.19,0.0,3769.6017867205433,3624.84,0.0
181,7.541666666666667,34.70161781671579,19.820724560147816,21.12629445630542,1.3055698961576034,189.6483523658034,309.9,120.25164763419659,77.38537080026057,19.89631315173712,24.58539317411829,4.6890800223811695,1518.957897477639,1470.4,0.0,101.04352361728625,19.669172587408482,24.415668613806016,4.7464960263975335,2007.616832472352,2025.41,17.793167527648166,3716.2230823157943,3805.71,89.48691768420576
182,7.583333333333333,34.56021957132882,21.817018990604364,23.172592182763495,1.355573192159131,196.1095253969877,55.67,0.0,77.04706494498802,21.91706774919057,26.622307715529157,4.705239966338588,1517.5293539168629,1524.97,7.440646083137153,100.60343307129489,21.684546069606302,26.427096432556525,4.742550362950222,1997.211125838125,1934.78,0.0,3710.850005151976,3515.42,0.0
183,7.625,35.200833924015235,24.127746436054082,26.15407185277186,2.0263254167177784,298.5804499509741,326.15,27.56955004902585,78.51199861995384,24.21413459285427,28.81692886763752,4.602794274783253,1512.713982460304,1467.56,0.0,102.51800811554283,23.96909879736203,28.740657671595816,4.771558874233786,2047.668597888962,2005.0,0.0,3858.96303030024,3798.71,0.0
184,7.666666666666667,34.29371066818291,26.293336601657753,28.01932606746509,1.7259894658073378,247.7717819312652,255.49,7.718218068734814,76.41140601536686,26.36760658638648,30.944669485365548,4.577062898979069,1464.0108510719544,1514.96,50.94914892804559,99.7755133566182,26.147701776068292,31.235725287651213,5.0880235115829215,2125.0654207129205,2033.3,0.0,3836.8480537161404,3803.75,0.0
185,7.708333333333333,30.247400970423616,27.767986881460793,28.676205437897053,0.9082185564362604,114.99465603845458,226.12,111.12534396154543,67.11529323740082,27.75810313276395,32.087229612839174,4.3291264800752245,1216.2447830181827,1373.44,157.19521698181734,87.63428595470182,27.670447485834497,33.12973174101087,5.4592842551763745,2002.668118924371,2162.04,159.37188107562906,3333.9075579810083,3761.6,427.69244201899164
186,7.75,24.991645477651648,27.56507721175001,27.59552621494083,0.03044900319082089,3.1854233204495936,0.0,0.0,55.12062396034101,27.41468078715592,31.63121000498584,4.216529217829919,972.9005819218606,1032.3,59.39941807813932,71.96756887343194,27.52756325531371,32.69446370409158,5.166900448777874,1556.5610187255354,1800.17,243.60898127446467,2532.6470239678456,2832.4700000000003,299.82297603215466
187,7.791666666666667,23.048739787241118,26.612170237295803,26.64005391906869,0.027883681772888025,2.690274074915934,0.0,0.0,50.71552020265825,26.40497923729992,30.12051762206986,3.715538384769939,788.7908440012868,895.68,106.88915599871314,66.21388963237861,26.574841175807887,31.05254155647812,4.477700380670232,1241.0902235893695,1294.49,53.399776410630466,2032.5713416655722,2190.17,157.5986583344279
188,7.833333333333333,22.84556157367396,25.632408280858257,25.659729059953744,0.02732077909548636,2.6127276529051144,0.0,0.0,50.25784472719832,25.43173609475023,28.625678007130617,3.193941912380385,671.9393852266364,667.42,0.0,65.61602370774504,25.597424776600356,29.64136062129375,4.043935844693394,1110.7425012199951,1168.59,57.8474987800048,1785.2946140995368,1836.0099999999998,50.715385900462934
189,7.875,22.847754775283537,24.48700585137164,24.516302437042842,0.02929658567120086,2.801946004836106,0.0,0.0,50.268185079460714,24.186839605652697,27.162605244294376,2.975765638641679,626.1684103503572,663.0,36.83158964964275,65.628193347185,24.425109819829665,28.018961543330935,3.5938517235012704,987.3015702976379,1034.33,47.02842970236202,1616.271926652831,1697.33,81.05807334716883
190,7.916666666666667,22.849015050544203,22.84582063513237,22.87714778998497,0.03132715485260107,2.9963163325567557,0.0,0.0,50.2767324718606,22.464983094449263,25.2971247008187,2.8321416063694365,596.0479970744971,575.16,0.0,65.63786956476979,22.766611106158464,25.92047628017615,3.1538651740176853,866.5563799787412,921.8,55.24362002125872,1465.600693385795,1496.96,31.359306614205025
191,7.958333333333333,22.848666653428694,20.928934336616763,20.961519046520408,0.03258470990364515,3.116548892821452,0.0,0.0,50.283156532890345,20.496932283936783,23.337904395887378,2.8409721119505953,597.9828480895579,603.08,5.097151910442108,65.64485512748676,20.84219908552588,23.407020183589257,2.5648210980633763,704.7855571914818,792.79,88.0044428085182,1305.8849541738612,1395.87,89.98504582613873
192,8.0,22.8427366289873,18.741610160583964,18.775273036354168,0.03366287577020444,3.218833931775508,0.0,0.0,50.27789111941568,18.26958270787128,20.93445079661379,2.6648680887425087,560.8568047096974,578.52,17.66319529030261,65.63766818894453,18.646408319765303,20.755545083623186,2.109136763857883,579.5048966320767,598.29,18.785103367923284,1143.5805352735497,1176.81,33.22946472645026
193,8.041666666666666,22.838144302019906,16.47896059981085,16.51275461120982,0.03379401139897098,3.230723442145747,0.0,0.0,50.27667382418345,16.010856838705116,18.669239968254594,2.6583831295494775,559.4784130560415,529.82,0.0,65.63468116879795,16.386603205018947,18.269268480886097,1.8826652758671507,517.2562136504439,544.15,26.89378634955608,1079.9653501486312,1073.97,0.0
194,8.083333333333334,22.83340510120635,14.229802036910899,14.263760359533372,0.03395832262247289,3.2457579974668613,0.0,0.0,50.274619323293834,13.759082697031205,16.52110708590744,2.762024388876233,581.266807646131,576.83,0.0,65.6303847869702,14.135350907545464,15.72702704388818,1.5916761363427163,437.2792601525424,474.39,37.11073984745758,1021.7918257961403,1051.22,29.428174203859726
195,8.125,22.829910906743745,12.002713636110856,12.03609901854004,0.03338538242918432,3.1905076927823113,0.0,0.0,50.27494927459487,11.575543432670132,14.397106854317116,2.8215634216469834,593.8006677625116,573.07,0.0,65.62971937627998,11.916518009736999,13.418538963921428,1.5020209541844292,412.64421663366295,384.02,0.0,1009.6353920889568,957.09,0.0
196,8.166666666666666,22.826913886902936,10.342766032778338,10.372430302122897,0.029664269344559457,2.8345236196479977,0.0,0.0,50.27602001061236,10.099935161815143,13.11158726267415,3.0116521008590063,633.8185070706896,602.27,0.0,65.63097449275034,10.305825128289396,11.762189203920354,1.4563640756309582,400.10873639055353,425.7,25.591263609446457,1036.7617670808913,1027.97,0.0
197,8.208333333333334,22.82181829405933,9.303222172843089,9.331074262541366,0.027852089698276572,2.6607694922335656,0.0,0.0,50.271190221807466,9.132019069318861,12.323100710273255,3.191081640954394,671.5159105694903,654.0,0.0,65.62450584108018,9.275278334504126,10.589753736922715,1.314475402418589,361.09188945855897,359.26,0.0,1035.2685695202829,1013.26,0.0
198,8.25,22.817959104050292,8.564110488141587,8.590972483068144,0.026861994926557387,2.565749684463426,0.0,0.0,50.26730622096805,8.435368522831926,11.548147012111889,3.112778489279963,654.987562125187,679.06,24.072437874812977,65.61961922260377,8.541030345576159,10.243911551359123,1.7028812057829636,467.7537546519198,349.64,0.0,1125.3070664615702,1028.6999999999998,0.0
199,8.291666666666666,22.812779723226246,7.9799140126712444,8.006485170667222,0.026571157995977757,2.5373940246428397,0.0,0.0,50.258749156437574,7.860812910216064,11.075856354988932,3.215043444772868,676.3908836068814,621.84,0.0,65.60872939334634,7.955725799897492,10.185534796832487,2.2298089969349943,612.3905982396772,575.18,0.0,1291.3188758712013,1197.02,0.0
200,8.333333333333334,22.80774951002353,7.4324887153662065,7.458764967799026,0.026276252432819724,2.508678940339876,0.0,0.0,50.24855677365131,7.3318614312062635,10.859719124361234,3.5278576931549708,742.0512052460383,723.56,0.0,65.59654838583498,7.411172670504892,11.0004896110313,3.589316940526408,985.5803146845597,639.57,0.0,1730.1401988709379,1363.13,0.0
201,8.375,23.51816365495089,7.091397738379644,7.117668723770286,0.02627098539064132,2.586300567261376,0.0,0.0,51.86145208112299,7.069908348048575,11.662956329976684,4.593047981928109,997.1141489189708,753.78,0.0,67.70325007703126,7.091463796400201,11.921572095609985,4.830108299209784,1368.8807299171579,1325.08,0.0,2368.58117940339,2078.8599999999997,0.0
202,8.416666666666666,24.613347779299595,7.077059234733151,7.104830977665936,0.02777174293278506,2.861363604474779,0.0,0.0,54.35052578313499,7.089269652296964,12.538001109366967,5.448731457070003,1239.6479822064198,1239.66,0.01201779358029853,70.9531145412732,7.082259072969193,12.077189436518148,4.9949303635489555,1483.542955957456,1403.25,0.0,2726.0523017683504,2642.91,0.0
203,8.458333333333334,24.641513499079547,7.113153881507624,7.141191092951482,0.02803721144385829,2.8920208513958174,0.0,0.0,54.415205294034514,7.112635666440147,12.726901703031954,5.614266036591808,1278.8290234717779,1230.45,0.0,71.03778920230596,7.111687479584586,12.368040141447471,5.256352661862885,1563.0510285257315,1553.44,0.0,2844.772072848905,2783.8900000000003,0.0
204,8.5,24.665650542755436,7.120231471060568,7.148275698184646,0.02804422712407817,2.8955780376497584,0.0,0.0,54.47093373417387,7.122425334795134,13.160579422813612,6.038154088018478,1376.7916885849068,1318.25,0.0,71.11023394020664,7.119716750982315,12.394412592575891,5.2746958415935765,1570.1052041148203,1561.03,0.0,2949.792470737377,2879.2799999999997,0.0
205,8.541666666666666,25.015551600682123,7.1343491182051215,7.163256532693368,0.02890741448824663,3.0270427699839435,0.0,0.0,55.2674083375931,7.133281496708315,13.51643462173303,6.383153125024715,1476.7384623935327,1427.1,0.0,72.14985322215466,7.132929126078098,12.273834445333005,5.140905319254907,1552.6525517966045,1567.23,14.577448203395534,3032.4180569601212,2994.33,0.0
206,8.583333333333334,25.08318265146701,7.131017890827075,7.160128800363323,0.029110909536248286,3.056593176747131,0.0,0.0,55.421521723276285,7.128263559273,13.396794654723477,6.268531095450477,1454.2646741221608,1517.23,62.96532587783918,72.35141223241143,7.129542294649309,12.435595315910971,5.306053021261662,1607.007197754449,1525.63,0.0,3064.328465053357,3042.86,0.0
207,8.625,25.354487514349103,7.121052768966872,7.1507784511277235,0.029725682160851363,3.1549021241309867,0.0,0.0,56.03909596029772,7.119704024863028,12.982424115826346,5.862720090963318,1375.2748603438847,1380.82,5.545139656115225,73.15879335480166,7.120115659421611,12.864292821091889,5.744177161670278,1759.1123748693333,1676.58,0.0,3137.5421373373492,3057.3999999999996,0.0
208,8.666666666666666,24.76973011064849,7.114956409350882,7.143464687657204,0.02850827830632152,2.955911917146789,0.0,0.0,54.70847772024857,7.107229201322116,12.47235096551781,5.3651217641956945,1228.6648598892266,1359.46,130.79514011077345,71.42179519031897,7.11251169268284,13.0040506867206,5.89153899403776,1761.4030437499287,1829.31,67.90695625007129,2993.023815556302,3188.77,195.74618444369798
209,8.708333333333334,24.019277191086115,7.0599103487505195,7.086812099915191,0.026901751164671417,2.7048283475753414,0.0,0.0,53.00116423158971,7.0499115258597485,11.771941136357375,4.722029610497627,1047.6430580116462,1089.92,42.27694198835388,69.1926490052221,7.0573978208461225,12.851480211539545,5.794082390693423,1678.200507771338,1681.84,3.639492228661993,2728.5483941305592,2771.76,43.21160586944097
210,8.75,23.431576671077895,7.049878774658336,7.0751241514065155,0.025245376748179282,2.476182173901769,0.0,0.0,51.666160106184684,7.058572453637941,11.23205884733047,4.173486393692528,902.6188758864611,997.12,94.50112411353894,67.44916086192663,7.052277741811321,12.374008634743436,5.321730892932115,1502.5491408944454,1664.26,161.71085910555462,2407.6441989548084,2661.38,253.7358010451917
211,8.791666666666666,22.811844639611934,7.119671219945792,7.143212008230486,0.02354078828469408,2.2479188579160176,0.0,0.0,50.259780039214036,7.14548824919803,10.963558585882682,3.8180703366846522,803.2740409891335,801.84,0.0,65.61226539759133,7.1258166079229,11.90105337064284,4.77523676271994,1311.5328301846787,1333.09,21.55716981532123,2117.0547900317283,2134.93,17.87520996827152
212,8.833333333333334,22.814082818546545,7.260367281774579,7.283831447025829,0.023464165251249725,2.240821931371966,0.0,0.0,50.26549042325697,7.284865631618794,10.962609129083491,3.6777434974646974,773.8389481865167,798.58,24.741051813483296,65.61946588317355,7.265841364573653,11.685772939094393,4.41993157452074,1214.080436784703,1281.77,67.68956321529708,1990.1602069025917,2080.35,90.18979309740826
213,8.875,22.813100712537263,7.304536305635579,7.328763359783236,0.0242270541476568,2.31357803103473,0.0,0.0,50.26399418776959,7.289796129043966,10.87415447507872,3.5843583460347546,754.1672033632846,742.46,0.0,65.61737474296305,7.298268696973161,11.529300120209422,4.231031423236261,1162.155724238265,1137.55,0.0,1918.6365056325844,1880.01,0.0
214,8.916666666666666,22.8130433050074,7.237654268258666,7.261873469923028,0.02421920166436209,2.3128223330542133,0.0,0.0,50.26427395074772,7.230473815485003,10.666081922676398,3.4356081071913946,722.8734209073461,759.43,36.556579092653806,65.61754976188996,7.234757042752638,11.237643643363635,4.002886600610997,1099.4931304186423,1178.41,78.91686958135779,1824.6793736590425,1937.8400000000001,113.1606263409576
215,8.958333333333334,22.813357219107292,7.237991178183356,7.262014667637911,0.02402348945455479,2.294164285368038,0.0,0.0,50.26500395172286,7.238093164558979,10.380144124093563,3.1420509595345845,661.1167635150208,679.57,18.453236484979243,65.61810764822151,7.238141143627319,10.72495655243562,3.486815408808301,957.7493859437491,1011.6,53.85061405625095,1621.160313744138,1691.17,70.0096862558621
216,9.0,22.812885966142044,7.2205141661105525,7.244723578667953,0.02420941255740061,2.311871573561213,0.0,0.0,50.264110179645954,7.2111204334085794,10.375060271127197,3.163939837718617,665.7105498519427,636.08,0.0,65.61642014118416,7.217312443563228,10.290698390811999,3.073385947248771,844.1679468268942,895.14,50.97205317310579,1512.190368252398,1531.22,19.029631747602025
217,9.041666666666666,22.812829168103683,7.184811901044616,7.20896613271342,0.02415423166880437,2.3065963460879217,0.0,0.0,50.264251516139936,7.17990735608979,10.590221076318052,3.4103137202282623,717.5510035143293,689.23,0.0,65.61561596197981,7.18313219741747,9.761824580009977,2.5786923825925063,708.2816192063012,784.48,76.19838079369879,1428.1392190667184,1473.71,45.57078093328164
218,9.083333333333334,22.812765267866958,7.173466825314389,7.197573610943021,0.02410678562863211,2.3020590618301235,0.0,0.0,50.26419210833005,7.169845738431538,10.621582189553063,3.4517364511215254,726.2657427460796,739.82,13.554257253920468,65.61460953240216,7.172295358866912,9.29851452053446,2.1262191616675485,583.9932137461124,622.74,38.74678625388765,1312.561015554022,1362.56,49.99898444597784
219,9.125,22.81295593672322,7.159336327982571,7.183392299620164,0.02405597163759321,2.2972258186368366,0.0,0.0,50.264479779252206,7.159345156783291,10.416190401895907,3.2568452451126157,685.2634034143507,706.27,21.006596585649277,65.61464450812129,7.1588116720734405,9.041033242603282,1.8822215705298415,516.9764386011981,535.24,18.263561398801926,1204.5370678341856,1241.51,36.97293216581443
220,9.166666666666666,22.813197429535006,7.1729267558756105,7.196940966597102,0.024014210721491125,2.293262134251846,0.0,0.0,50.264976637710475,7.173206410904885,10.091599486925059,2.918393076020174,614.0567296634009,657.79,43.73327033659905,65.61525846241409,7.172657529867393,8.887376965392136,1.714719435524743,470.9742229750847,488.36,17.385777024915342,1087.3242147727374,1146.15,58.82578522726271
221,9.208333333333334,22.812646943505,7.155055112116704,7.1792736285530045,0.02421851643630024,2.3127167143091243,0.0,0.0,50.26365636058671,7.145559473498261,9.89985692900394,2.7542974555056796,579.5142805857213,563.57,0.0,65.61360917466739,7.151651971683996,8.830213654804533,1.6785616831205372,461.03134819421405,442.89,0.0,1042.8583454942445,1006.46,0.0
222,9.25,22.812847297261545,7.124695056800417,7.148818696989497,0.024123640189079865,2.303676858649329,0.0,0.0,50.26446187927577,7.121572871722416,10.038280868340399,2.9167079966179834,613.6958886070046,589.15,0.0,65.614650792855,7.123530537829128,8.904907341335395,1.7813768035062676,489.2781691122395,468.63,0.0,1105.2777345778934,1057.78,0.0
223,9.291666666666666,22.810583634269214,7.085360149463201,7.109961105726485,0.02460095626328407,2.349024844987316,0.0,0.0,50.25978640701482,7.053788487721658,10.245660265913992,3.1918717781923345,671.529814890859,632.24,0.0,65.60860889572824,7.076651990111617,9.03053714371862,1.9538851536070032,536.610401238539,499.64,0.0,1210.4892409743852,1131.88,0.0
224,9.333333333333334,22.804585472366405,6.851468696676794,6.877033936139451,0.025565239462657097,2.4404576258419817,0.0,0.0,50.24566573289344,6.775826209187912,10.298172681961017,3.522346472773105,740.849345550324,704.93,0.0,65.59165635174956,6.830722826818373,9.888410692906868,3.0576878660884956,839.5391859578348,563.67,0.0,1582.8289891340007,1268.6,0.0
225,9.375,23.042867250874178,6.5794690639027635,6.604517971455888,0.025048907553124167,2.4161535552880857,0.0,0.0,50.78453433418184,6.568720805779675,10.502537826361468,3.9338170205817935,836.2667963760794,771.14,0.0,66.29600610136148,6.578553344816533,10.395293035142831,3.8167396903262985,1059.202826378999,1109.12,49.917173621000984,1897.8857763103665,1880.2599999999998,0.0
226,9.416666666666666,23.850041662541035,6.67733908638761,6.702756247073937,0.025417160686327378,2.5375546287337403,0.0,0.0,52.61524304767107,6.722122109166365,11.34229593197259,4.620173822806224,1017.5813061991037,896.7,0.0,68.68624468760305,6.690052288742351,10.615985885226385,3.9259335964840343,1128.7868627697167,1000.95,0.0,2148.9057235975542,1897.65,0.0
227,9.458333333333334,24.366883582023398,6.88200108832226,6.908824150586421,0.026823062264160313,2.7359463070204106,0.0,0.0,53.789427830815704,6.904500638881679,11.641514540243374,4.737013901361696,1066.5981052563036,1134.09,67.49189474369632,70.21997731222662,6.883315940693122,11.157693979994225,4.274378039301102,1256.4142073579226,1250.11,0.0,2325.748258921247,2384.2,58.451741078753
228,9.5,24.623799589031858,6.957263701504534,6.985112108859709,0.02784840735517502,2.870480856245486,0.0,0.0,54.37308275141079,6.962464820684552,11.51497415411523,4.552509333430677,1036.1771846614392,990.62,0.0,70.98246607905459,6.954817308415945,11.3350752614186,4.380257953002656,1301.5174474174532,1252.44,0.0,2340.565112935138,2243.06,0.0
229,9.541666666666666,24.942103811572785,7.016948556920086,7.045464519074314,0.028515962154227914,2.977284497781333,0.0,0.0,55.097123625544064,7.025052710314559,11.7570756389779,4.7320229286633415,1091.3774877255948,1073.77,0.0,71.92794547835715,7.016443442700633,11.479805197179582,4.463361754478949,1343.8752857176858,1339.99,0.0,2438.230057941062,2413.76,0.0
230,9.583333333333334,25.072028719438794,7.053427035722127,7.082413415391721,0.028986379669594164,3.04216438009453,0.0,0.0,55.39262639836871,7.054118525097495,11.642206404375175,4.58808787927768,1063.8561513458758,1100.01,36.153848654124204,72.31395696586775,7.051510542204767,11.506243174507128,4.4547326323023615,1348.475293426256,1335.9,0.0,2415.3736091522264,2435.91,20.53639084777342
231,9.625,24.991832848488347,7.0624799492088695,7.091313213088555,0.028833263879685767,3.016415322142341,0.0,0.0,55.21000426799041,7.063357778007141,11.775641951656313,4.712284173649172,1089.0516500137005,1017.8,0.0,72.07546242342538,7.061389556794404,11.580315657873317,4.518926101078914,1363.395639611212,1348.84,0.0,2455.463704947055,2366.64,0.0
232,9.666666666666666,24.75236164624949,7.081251874031559,7.109534801447981,0.0282829274164218,2.9304898713992054,0.0,0.0,54.66533061592835,7.080947381098696,11.740024101229963,4.659076720131267,1066.1322113682002,1151.3,85.1677886317998,71.36425118202,7.0800293198046536,11.59950052037914,4.519471200574486,1350.1050459728053,1365.89,15.784954027194772,2419.1677472124047,2517.19,98.02225278759533
233,9.708333333333334,23.77334853080222,7.0828812725057455,7.108885314035508,0.026004041529762212,2.5877983544903174,0.0,0.0,52.44039578117655,7.091368821337638,11.135293562514216,4.0439247411765775,887.7041483385727,971.39,83.68585166142725,68.45937143813516,7.084151895084209,11.651640135564506,4.567488240480297,1308.9093475403704,1322.58,13.670652459629537,2199.2012942334336,2293.97,94.7687057665662
234,9.75,22.81415917059333,7.205484683486824,7.228522481235206,0.023037797748382438,2.2001113042536398,0.0,0.0,50.264017161254344,7.25718326366571,10.599357931926011,3.3421746682603013,703.2108487533116,797.49,94.27915124668846,65.61752408910667,7.218686496005238,11.431281402434125,4.212594906428888,1157.094319882528,1284.79,127.69568011747197,1862.5052799400933,2082.2799999999997,219.77472005990649
235,9.791666666666666,22.815671782780168,7.427698629673262,7.4511562235169455,0.023457593843683178,2.240350389527891,0.0,0.0,50.26812465180056,7.446718500987864,10.061597679117588,2.6148791781297236,550.2290733829568,601.82,51.59092661704324,65.62276111496432,7.4308452300295915,10.971927494171634,3.5410822641420427,972.7242427974519,1020.3,47.57575720254806,1525.1936665699366,1622.12,96.92633343006332
236,9.833333333333334,22.814901212216856,7.424015263315279,7.448319588476821,0.024304325161542017,2.3211402549924833,0.0,0.0,50.26726909413122,7.407517553238327,9.872596136865024,2.4650785836266973,518.698848946622,491.39,0.0,65.62158823361277,7.416403865018837,10.77788305267145,3.3614791876526136,923.3713346100835,916.12,0.0,1444.391323811698,1407.51,0.0
237,9.875,22.81500140108621,7.376720035478695,7.400991346693907,0.024271311215211533,2.3179974974099147,0.0,0.0,50.26876352604686,7.363749591137817,9.907662543153407,2.5439129520155896,535.3029951654017,539.34,4.037004834598292,65.62334206577765,7.372975329748859,10.651483946887957,3.2785086171390985,900.6040545878249,921.91,21.305945412175106,1438.2250472506366,1461.25,23.024952749363365
238,9.916666666666666,22.814267975926033,7.299469517468389,7.323897496987918,0.024427979519528797,2.3328848870574785,0.0,0.0,50.267814149489844,7.280587920384037,9.843770182434353,2.563182262050316,539.3475542619396,524.41,0.0,65.62201854406572,7.294024128676261,10.519138620509976,3.2251144918337147,885.9188572355001,870.46,0.0,1427.5992963844974,1394.87,0.0
239,9.958333333333334,22.814218899924843,7.234515689410412,7.25880033169524,0.02428464228482774,2.3191911169383164,0.0,0.0,50.268493816803115,7.223280616383182,9.984609667302836,2.761329050919654,581.049669821204,547.63,0.0,65.62270702657943,7.231843607609887,10.493999394445611,3.2621557868357236,896.1032716845978,892.96,0.0,1479.47213262274,1440.5900000000001,0.0
240,10.0,22.815102912363077,7.207076220422937,7.231027632071072,0.023951411648135412,2.287456116020961,0.0,0.0,50.271021275532306,7.214195899452047,10.141522780541308,2.927326881089261,616.0105540957632,608.3,0.0,65.62476174876812,7.209049147306339,9.763436629687957,2.5543874823816184,701.7036587911485,890.89,189.18634120885145,1320.0016690029327,1499.19,179.1883309970674
241,10.041666666666666,22.814293094224162,7.238643322167009,7.262803992202512,0.024160670035502818,2.3073592311741633,0.0,0.0,50.26913145381015,7.228661395339696,10.110938046778891,2.882276651439195,606.5076306709832,617.48,10.972369329016828,65.6205179775291,7.235714809534635,8.813893454792266,1.5781786452576316,433.5059280818196,502.16,68.65407191818042,1042.3209179839769,1119.64,77.31908201602323
242,10.083333333333334,22.812930762391684,7.149966235284254,7.174446338858215,0.024480103573960577,2.337725732423102,0.0,0.0,50.265730281311065,7.129691334975485,10.098349312051397,2.968657977075912,624.6422922708491,588.98,0.0,65.61545865112191,7.143391763310608,8.492320213326712,1.3489284500161043,370.5051997033904,353.44,0.0,997.4852177066626,942.4200000000001,0.0
243,10.125,22.813613864549396,7.111293110047679,7.135343826117031,0.024050716069352163,2.2967901757088667,0.0,0.0,50.26732931528055,7.112809092604071,10.040543918221621,2.9277348256175504,616.0511528851782,654.36,38.30884711482179,65.61782078258089,7.1123045328322085,8.601190140033227,1.4888856072010181,408.96143753899116,376.28,0.0,1027.3093805998783,1030.6399999999999,3.330619400121577
244,10.166666666666666,22.81399245644938,7.121722714284664,7.145699639172648,0.02397692488798331,2.2897812794285533,0.0,0.0,50.26809665463512,7.125362167907287,9.770934384288585,2.6455722163812982,556.6872651771457,571.13,14.442734822854277,65.6190285955718,7.122370334716205,8.545090051650917,1.4227197169347114,390.7944355128488,430.84,40.04556448715118,949.7714819694231,1001.97,52.198518030576906
245,10.208333333333334,22.812983071897968,7.114940993578604,7.139304250509508,0.024363256930904242,2.326572805401107,0.0,0.0,50.26685775710346,7.096070090942322,10.974506194881533,3.878436103939211,816.0891478748584,535.52,0.0,65.61627438310111,7.109147493436235,8.501041841435066,1.3918943479988313,382.31123719212343,339.27,0.0,1200.726957872383,874.79,0.0
246,10.25,22.811673977672704,7.01219117168059,7.036721062729167,0.024529891048576502,2.342351134411117,0.0,0.0,50.26499339982974,6.989700440314421,11.759451441467558,4.7697510011531365,1003.5997898492485,1093.02,89.42021015075147,65.61366662419643,7.005761579244817,8.738101380903869,1.7323398016590517,475.8023858215486,414.35,0.0,1481.7445268052084,1507.37,25.62547319479154
247,10.291666666666666,23.433046143073646,6.843444495681175,7.249016303793899,0.40557180811272353,39.7828351935944,0.0,0.0,51.67405829608217,6.770984530431521,12.313564498526487,5.542579968094966,1198.9022151992049,907.22,0.0,67.45400896191796,6.8252877938852015,9.184395217526198,2.359107423640997,666.1234262987597,527.09,0.0,1904.808476691559,1434.31,0.0
248,10.333333333333334,30.099067740503603,6.873980662864684,7.406900060993226,0.5329193981285423,67.1450183919945,75.94,8.7949816080055,66.90210911726564,7.005321060067376,13.161243826982263,6.155922766914887,1723.9798909789438,1490.86,0.0,87.34025938233962,6.8712940320706615,9.936578165024804,3.065284132954142,1120.687269304157,797.56,0.0,2911.8121786750953,2364.3599999999997,0.0
249,10.375,36.29170715753465,9.293127014768906,9.851943453400771,0.5588164386318653,84.89376505606616,45.36,0.0,81.1329657875416,9.412298324346493,15.213112014906796,5.800813690560304,1970.0873974620088,1923.51,0.0,105.92726405969336,9.136833812089305,12.79226206637777,3.6554282542884646,1620.8590253665623,1433.13,0.0,3675.840187884637,3402.0,0.0
250,10.416666666666666,37.93678401899312,12.188287015381883,13.766307989293095,1.5780209739112117,250.59506105967947,109.79,0.0,84.91494158459692,12.281587572289878,18.08620158952529,5.804614017235414,2063.2729543749206,1973.31,0.0,110.87040552936517,11.979390526010318,16.06048642097413,4.081095894963811,1894.0509602949298,1756.8,0.0,4207.91897572953,3839.8999999999996,0.0
251,10.458333333333334,37.946392513224566,15.285526222804357,17.686534735907312,2.401008513102955,381.38483359583216,376.01,0.0,84.91477277523036,15.35640769507892,21.076868869430164,5.720461174351245,2033.356452065112,2103.55,70.1935479348881,110.87325759560869,15.061387005411929,19.566397539881578,4.505010534469649,2090.8450198201454,1966.67,0.0,4505.58630548109,4446.2300000000005,0.0
252,10.5,37.30971553627989,18.127340320044578,19.817074944567473,1.6897346245228952,263.90016707113955,368.45,104.54983292886044,83.42149411272099,18.203607775610656,23.682670403138932,5.479062627528275,1913.3016787772763,1912.29,0.0,108.92512061228892,17.922538510035416,22.65000949521979,4.727470985184375,2155.540293598146,2148.58,0.0,4332.742139446562,4429.32,96.57786055343786
253,10.541666666666666,37.89016679476837,21.00033750381862,22.30305201654975,1.3027145127311286,206.62125374563416,140.92,0.0,84.74493087820558,21.083920007693127,26.50238182373408,5.418461816040953,1922.1575022707323,1863.28,0.0,110.65640018105309,20.78588727631646,25.463562197067027,4.677674920750569,2166.735000028029,2096.97,0.0,4295.513756044395,4101.17,0.0
254,10.583333333333334,39.15267218783336,24.2474305767318,25.85718205836598,1.6097514816341771,263.82713766116814,255.33,0.0,87.64871758991053,24.318101715601912,29.673543726210276,5.355442010608364,1964.8984555582142,1926.32,0.0,114.45122675706956,23.995486623368826,28.742445603166132,4.746958979797306,2274.234036233368,2165.67,0.0,4502.959629452751,4347.32,0.0
255,10.625,37.90639769082526,27.543123670654616,29.260147127569102,1.717023456914486,272.45072437352763,252.1,0.0,84.74828411868023,27.589778611035655,33.24275894559935,5.6529803345636935,2005.4304853766942,1943.56,0.0,110.66447560074488,27.29559342005625,32.40826283344611,5.11266941338986,2368.40062180784,2305.88,0.0,4646.281831558062,4501.54,0.0
256,10.666666666666666,36.756213639752254,30.197748933639005,31.8619161685026,1.6641672348635943,256.05128414123567,273.9,17.848715858764308,82.07425280777478,30.274949850783596,35.670682840662316,5.39573298987872,1853.773254128214,2008.42,154.64674587178615,107.1737369974775,30.001627054042498,35.205679250529144,5.204052196486646,2334.690101895117,2355.23,20.539898104882923,4444.514640164567,4637.55,193.03535983543316
257,10.708333333333334,33.0152935152161,32.523408702784984,33.33787917168587,0.8144704689008861,112.56146293673812,220.68,108.11853706326188,73.45410423709616,32.51591897681054,37.12735339769257,4.611434420882034,1417.9186924779326,1644.79,226.87130752206735,95.9156242993191,32.35862015869872,37.651891419714524,5.2932712610158035,2125.2632500148907,2246.77,121.50674998510931,3655.7434054295613,4112.24,456.49659457043845
258,10.75,25.874103933540493,32.64220312158342,32.67352402007155,0.03132089848812569,3.3923351650904383,0.0,0.0,57.11054334049742,32.514503195158106,36.84079664744031,4.326293452282201,1034.264195207202,1157.16,122.89580479279812,74.5680993302004,32.59702547046714,38.08447338125976,5.487447910792625,1712.8633158490593,1938.58,225.71668415094064,2750.5198462213516,3095.74,345.2201537786482
259,10.791666666666666,23.296013282076675,31.779679326714078,31.807535153249386,0.02785582653530838,2.7164197449197283,0.0,0.0,51.25993720915138,31.583692540726382,35.492593319807305,3.9089007790809234,838.7488555495676,893.94,55.19114445043249,66.92622757035407,31.746607956669912,36.750505936251294,5.003897979581382,1401.8579744563694,1465.0,63.14202554363055,2243.3232497508566,2358.94,115.61675024914348
260,10.833333333333334,22.8411088718942,30.83326733869442,30.85993818652884,0.02667084783442064,2.550076619837963,0.0,0.0,50.231686346075,30.650941716748115,34.10527183296613,3.454330116218017,726.3414375443185,768.86,42.51856245568149,65.58323442462455,30.804284875257103,35.51070513537203,4.706420260114925,1292.0602338385834,1318.59,26.529766161416546,2020.9517480027398,2087.45,66.49825199726001
261,10.875,22.843875203500964,29.785579644737403,29.814035754184125,0.028456109446722166,2.721100145126268,0.0,0.0,50.24283113836966,29.510449305940554,32.69261607640375,3.1821667704631977,669.2621494027218,669.6,0.33785059727824773,65.59708841229542,29.73127148978751,34.039596503271234,4.308325013483724,1183.0204325618045,1246.2,63.17956743819559,1855.0036821096523,1915.8000000000002,60.79631789034784
262,10.916666666666666,22.843905343674027,28.23637446675372,28.26698284272914,0.030608375975418767,2.926913334916336,0.0,0.0,50.24929251871876,27.87442344448912,30.932042576246868,3.057619131757747,643.1504275083333,654.92,11.769572491666622,65.60430025745475,28.163327029511024,31.89690036175226,3.733573332241235,1025.3124183477332,1100.32,75.00758165226671,1671.3897591909829,1755.2399999999998,83.8502408090169
263,10.958333333333334,22.845868217543565,26.425441530174655,26.45678854729036,0.03134701711570287,2.997803155052869,0.0,0.0,50.25946138964376,26.04228765647036,28.949456389223155,2.907168732752794,611.6279073577907,617.19,5.562092642209336,65.61668628888576,26.353232709453707,29.606385739320693,3.2531530298669864,893.5482558988376,931.11,37.56174410116239,1508.1739664116812,1548.3000000000002,40.12603358831893
264,11.0,22.847866034284575,24.49323380303459,24.525397417761642,0.032163614727050316,3.076165654493882,0.0,0.0,50.27040260757899,24.077098157012724,27.275401997554788,3.1983038405420636,673.02517094259,591.98,0.0,65.62908030495734,24.414543739888995,26.883028107279507,2.468484367390513,678.1502458489098,837.59,159.43975415109026,1354.2515824459938,1429.5700000000002,75.31841755400637
265,11.041666666666666,22.848768375724134,22.380165392710463,22.413351519087843,0.033186126377380276,3.1740852129055583,0.0,0.0,50.278825826592104,21.92293168872555,25.078388239914574,3.1554565511890225,664.1199943258013,740.38,76.26000567419874,65.63839380818548,22.29171673703266,24.0663792803345,1.7746625433018366,487.6103913697899,499.94,12.329608630210089,1154.9044709084967,1240.32,85.41552909150323
266,11.083333333333334,22.845554400490535,20.117378947959708,20.151079713894035,0.03370076593432714,3.2228544847207767,0.0,0.0,50.27829302416864,19.645402002834842,22.363779923204294,2.718377920369452,572.1232312263843,572.47,0.3467687736157359,65.63766333036001,20.026226805444942,21.65975144105334,1.6335246356083992,448.82601794940035,458.04,9.213982050599668,1024.1721036605054,1030.51,6.337896339494591
267,11.125,22.841239788864396,17.853873928600514,17.88744758753088,0.033573658930365013,3.210092679796614,0.0,0.0,50.27771851058605,17.39481868503049,20.326242760996344,2.931424075965854,616.9549266082054,557.68,0.0,65.63621015549786,17.766036155842734,19.334089866430947,1.568053710588213,430.827736669394,422.64,0.0,1050.992755957396,980.3199999999999,0.0
268,11.166666666666666,22.836670741312645,15.631502559117576,15.665342691003074,0.033840131885497726,3.2349238454932054,0.0,0.0,50.27708304731358,15.161352390330933,18.257067411588917,3.095715021257984,651.5237798043315,663.99,12.466220195668484,65.63393533470611,15.538461724442714,17.07925876854022,1.5407970440975074,423.324208906262,423.36,0.03579109373799838,1078.0829125560867,1087.35,9.26708744391317
269,11.208333333333334,22.831586169122907,13.36087940332245,13.39478206276506,0.03390265944261017,3.240179538924837,0.0,0.0,50.274679002990936,12.899146349751314,16.999446982912826,4.1003006331615115,862.9074740473417,626.29,0.0,65.62881332214126,13.267280096542093,14.761265325098075,1.4939852285559816,410.4309275305425,407.48,0.0,1276.578581116809,1033.77,0.0
270,11.25,22.828447375808164,11.317073868143764,11.349252740843149,0.0321788726993848,3.0750092367006605,0.0,0.0,50.27630777701027,10.950002980552222,16.017655522364095,5.0676525418118725,1066.5210473515576,1089.14,22.618952648442473,65.6298384680319,11.247096115464569,13.025992644181594,1.7788965287170253,488.7100240047378,397.54,0.0,1558.306080592996,1486.68,0.0
271,11.291666666666666,23.161697958132024,9.75881801651983,9.78984824333638,0.03103022681654899,3.0085315342330308,0.0,0.0,51.03882514441196,9.475821058537754,14.993331419383335,5.517510360845581,1178.807934015096,1031.39,0.0,66.62627427346226,9.710017443006212,12.075212878584251,2.3651954355780394,659.6472929276704,564.98,0.0,1841.4637584769994,1596.3700000000001,0.0
272,11.333333333333334,30.868798986565153,9.429406044345482,9.971591349555275,0.5421853052097934,70.0594461111606,0.0,0.0,68.65237715634755,9.61882111308377,15.559151380146758,5.940330267062988,1707.1252853812477,1316.96,0.0,89.62859280844677,9.4242627554697,12.643791446394307,3.219528690924607,1207.9198039457358,740.49,0.0,2985.104535438144,2057.45,0.0
273,11.375,37.694917844346705,12.449409289844015,13.201796385331562,0.7523870954875473,118.7198565799872,139.38,20.6601434200128,84.35408346606066,12.544200554663242,18.627036292001744,6.0828357373385025,2147.8869722217432,2072.41,0.0,110.13734792703916,12.24857459338545,16.099547334940272,3.8509727415548216,1775.432980769784,1673.83,0.0,4042.0398095715145,3885.62,0.0
274,11.416666666666666,39.18730746367377,15.650427713554892,17.174235078334824,1.5238073647799322,249.96241771190853,79.41,0.0,87.78717751511661,15.731832875710804,21.84932707627189,6.117494200561087,2248.039181505227,2174.09,0.0,114.62442553226083,15.407066104951046,19.711385441798598,4.304319336847552,2065.289229594811,1813.3,0.0,4563.290828811947,4066.8,0.0
275,11.458333333333334,39.785187807932054,19.184720927639653,21.400721972444902,2.2160010448052496,369.05457830213004,404.33,35.275421697869945,89.14772544294983,19.245509219462733,25.56126319414395,6.315753974681218,2356.8649340422203,2264.88,0.0,116.40420362308618,18.914215477507753,23.635858369590377,4.721642892082624,2300.7054715819927,2247.65,0.0,5026.624983926344,4916.860000000001,0.0
276,11.5,39.6209953057413,22.673150323250674,24.55826586776243,1.8851155445117556,312.6529852295387,311.92,0.0,88.74518243346286,22.73092820244065,29.13257935583104,6.4016511533903895,2378.1323180359136,2385.38,7.247681964086496,115.8816360569346,22.403831938385377,27.197482683649596,4.79365074526422,2325.306637121744,2273.31,0.0,5016.091940387196,4970.610000000001,0.0
277,11.541666666666666,39.17987818822447,26.080890274635806,27.968299221002347,1.8874089463665413,309.5482226254859,292.11,0.0,87.70318192061306,26.13692442585051,32.35074258080201,6.213818154951504,2281.2512183374292,2307.1,25.848781662570673,114.52286459239781,25.81780560225903,30.652171811631025,4.834366209371996,2317.5599239660814,2296.64,0.0,4908.359364928996,4895.85,0.0
278,11.583333333333334,38.4025326903274,29.306877846677033,31.125120258085804,1.8182424114087716,292.28792570987036,306.73,14.442074290129653,85.88559389402636,29.364625267203227,35.36463460614373,6.0000093389405045,2157.1059337511365,2194.2,37.09406624886333,112.15054415570125,29.059808536765793,33.906301235964186,4.846492699198393,2275.2450174308146,2260.8,0.0,4724.638876891821,4761.73,37.09112310817818
279,11.625,37.14957133112842,32.25209837320697,33.932887063014924,1.6807886898079545,261.37626505266877,258.72,0.0,82.97422921967551,32.31073873656545,38.03996209214691,5.7292233555814605,1989.931855730891,2062.59,72.65814426910924,108.3500062366809,32.03123823790824,36.845041597961774,4.813803360053534,2183.315562415439,2216.33,33.01443758456071,4434.623683198999,4537.64,103.01631680100127
280,11.666666666666666,34.80898704431798,34.684670273619574,36.248305724814045,1.5636354511944717,227.8379779569143,246.85,19.012022043085693,77.56371971890614,34.73994679349029,40.219436839209095,5.479490045718805,1779.090311634891,1865.99,86.89968836510911,101.28402499167436,34.51204362490076,39.546525578088755,5.034481953187992,2134.494126717134,2084.07,0.0,4141.422416308939,4196.91,55.487583691060536
281,11.708333333333334,29.603538386201524,36.07894462466918,36.87796857664823,0.7990239519790521,99.01537707513181,194.83,95.8146229248682,65.61405503428921,36.0462734926447,41.12963429059879,5.083360797954086,1396.1980848434666,1650.1,253.90191515653328,85.6761960555468,35.98110732102978,41.766719482010984,5.785612160981202,2074.955166198163,2126.43,51.47483380183667,3570.1686281167613,3971.3599999999997,401.1913718832384
282,11.75,24.214706269277343,35.63861916022921,35.66792744083498,0.02930828060576829,2.9707682260444277,0.0,0.0,53.33447828510585,35.44306087189354,39.6864039083513,4.243343036457759,947.3608147252091,1120.78,173.41918527479083,69.63686322761612,35.59522044266398,41.32529357802041,5.730073135356427,1670.3158002174678,1969.37,299.0541997825321,2620.6473831687213,3090.1499999999996,469.5026168312784
283,11.791666666666666,23.305430107735802,34.59940287277044,34.62662234609321,0.02721947332276642,2.6554373775277664,0.0,0.0,51.27407175174539,34.439213276744276,38.30855047594078,3.869337199196501,830.4884739452893,760.87,0.0,66.94565329894768,34.577600176333924,39.27386786872628,4.696267692392354,1316.0562507603045,1354.64,38.583749239695635,2149.2001620831215,2115.51,0.0
284,11.833333333333334,23.289490335926775,33.96904143860568,33.99510617878385,0.026064740178171064,2.5410464776465895,0.0,0.0,51.2385846972205,33.842860976866554,37.497636338500214,3.6547753616336607,783.893453811971,886.65,102.756546188029,66.8991254502231,33.95680578662135,38.17183514737119,4.215029360749838,1180.3757226292073,1256.2,75.82427737079274,1966.8102229188248,2142.85,176.0397770811751
285,11.875,22.834773756081454,32.998107764868585,33.02592235681373,0.027814591945144684,2.6586956807788473,0.0,0.0,50.21342770570821,32.74850144223237,36.29746621483226,3.548964772599895,745.9690017594633,667.09,0.0,65.55891280927786,32.947520111202614,36.815408847369866,3.8678887361672523,1061.4631935978373,1085.78,24.316806402162683,1810.0908910380795,1752.87,0.0
286,11.916666666666666,22.8391578454471,31.755631174635127,31.78407529153891,0.02844411690378479,2.719391682647183,0.0,0.0,50.22661205186205,31.48593571898798,34.95631464659369,3.470378927605708,729.6423042282203,811.53,81.8876957717797,65.57531716004665,31.706219045299978,35.23519094061276,3.5289718953127824,968.6967070749355,1018.61,49.913292925064525,1701.0584029858028,1830.1399999999999,129.0815970141971
287,11.958333333333334,22.84150670477615,30.303689692856075,30.33342800557142,0.029738312715345216,2.84341530079054,0.0,0.0,50.23564342369505,29.979831158698143,32.964488638316105,2.9846574796179617,627.6328866849683,632.79,5.1571133150316655,65.58642548589118,30.24259036291275,33.281644134565994,3.0390537716532435,834.3563402846484,900.26,65.90365971535164,1464.8326422704072,1533.05,68.21735772959278
288,12.0,22.842426132166114,28.6708881897341,28.70119998510568,0.03031179537158124,2.8983652469225314,0.0,0.0,50.24279912593552,28.329598694760012,31.303636504007542,2.9740378092475304,625.4887980410348,608.42,0.0,65.59510053765895,28.60881703239899,30.932924416077427,2.324107383678438,638.1559406644533,750.08,111.92405933554676,1266.5431039524105,1358.5,91.95689604758945
289,12.041666666666666,22.84391994900455,26.94571363400182,26.976602635286643,0.03088900128482308,2.9537499029346557,0.0,0.0,50.25173074278565,26.58313482482772,29.477111096478932,2.893976271651212,608.7587463626087,628.75,19.99125363739131,65.6055467721775,26.87944718036217,28.708548387654066,1.8291012072918953,502.3165875980615,508.32,6.003412401938476,1114.029083863605,1137.07,23.040916136395026
290,12.083333333333334,22.845343573911588,25.136982136504578,25.16823378673823,0.03125165023365284,2.9886143191102033,0.0,0.0,50.26050121855136,24.764571026449723,27.735557458485935,2.970986432036213,625.0671964475265,574.65,0.0,65.6159949877814,25.068763537426825,26.70943699257845,1.6406734551516244,450.6414071842855,479.65,29.00859281571445,1078.697217950922,1054.3,0.0
291,12.125,22.84682883811718,23.319823095594494,23.351067364980082,0.031244269385588552,2.9881027396156346,0.0,0.0,50.26923678802988,22.954054195817516,26.27690125232256,3.3228470565050436,699.2168212772985,661.9,0.0,65.62639433607349,23.25328276182574,24.742523747831907,1.4892409860061662,409.1124988512238,404.86,0.0,1111.317422868138,1066.76,0.0
292,12.166666666666666,22.8478093515037,21.53914212400823,21.570397491067666,0.03125536705943688,2.9892923713491926,0.0,0.0,50.276636154932135,21.17594214498909,24.618385049640484,3.4424429046513936,724.4896451937826,722.54,0.0,65.63531829481533,21.47214138136249,22.916605955854244,1.4444645744917537,396.8658363823023,396.94,0.07416361769770674,1124.344773947434,1119.48,0.0
293,12.208333333333334,22.844960596764817,19.765152358720353,19.79645095347246,0.03129859475210495,2.9930534758591367,0.0,0.0,50.275390135817574,19.40319869996615,22.79981167987041,3.3966129799042584,714.8266547634167,711.97,0.0,65.63382803038162,19.696976729421568,21.093533645825705,1.396556916404137,383.6945219700157,380.32,0.0,1101.5142302092916,1092.29,0.0
294,12.25,22.840857144719088,18.01680460684785,18.04804214073448,0.031237533886631752,2.986677717356275,0.0,0.0,50.27420758480521,17.66196136108603,21.440256024623196,3.7782946635371673,795.1339241879259,703.67,0.0,65.63168984398182,17.94905979344394,19.55700879400116,1.6079490005572197,441.7586686346972,370.99,0.0,1239.8792705399794,1074.6599999999999,0.0
295,12.291666666666666,24.070164153162178,16.491680788492836,16.522510274525786,0.03082948603294966,3.1063083251430297,0.0,0.0,53.068613063304475,16.313526063590718,21.675851825778526,5.362325762187808,1191.2150054964218,874.37,0.0,69.27998144542049,16.472533125164116,18.680814322393296,2.20828119722918,640.4148020301116,497.83,0.0,1834.7361158516765,1372.2,0.0
296,12.333333333333334,29.552135596893123,16.55662410477699,16.850458665726528,0.29383456094953786,36.34887476754878,0.0,0.0,65.57596791597446,16.74840189424306,22.987768397365006,6.239366503121946,1712.712355057122,1504.73,0.0,85.61617413399222,16.57549832120363,20.00077168791887,3.425273366715242,1227.5813410748183,770.28,0.0,2976.6425708994893,2275.01,0.0
297,12.375,33.85180445795549,18.663329940477023,19.802390326301975,1.1390603858249513,161.40901818409375,67.38,0.0,75.43494063921922,18.769913595777773,24.773145286610962,6.003231690833189,1895.6444422468408,1890.89,0.0,98.49390346622576,18.54537919842471,22.912442816902285,4.367063618477577,1800.5205903760584,1683.61,0.0,3857.574050806993,3641.88,0.0
298,12.416666666666666,34.54302597003169,20.74401975536659,22.438436648924494,1.6944168935579036,245.00778036995533,244.63,0.0,77.01508581489564,20.84142389016112,26.865898863188193,6.024474973027072,1942.201263158435,1860.14,0.0,100.55992661615524,20.607552710279297,25.325341445296946,4.717788735017649,1985.9241668865996,1869.34,0.0,4173.13321041499,3974.1099999999997,0.0
299,12.458333333333334,35.12034298197958,22.967941269011657,24.5353839059212,1.5674426369095436,230.4356289317552,230.95,0.5143710682447988,78.33478122623359,23.061753535545584,29.063143067189664,6.0013895316440795,1967.9120057577327,1981.85,13.937994242267223,102.28534032428124,22.817074596496987,27.9801598599072,5.163085263410213,2210.659808756942,2048.8,0.0,4409.0074434464295,4261.6,0.0
300,12.5,35.307298635388065,25.305852776749056,26.887051903860236,1.58119912711118,233.69546291134233,214.88,0.0,78.75443241675384,25.389077266096955,31.168029971809762,5.778952705712808,1905.124535302816,1908.47,3.3454646971840702,102.83510597711717,25.14386287770846,30.57861501451327,5.434752136804811,2339.4855438130166,2316.4,0.0,4478.305542027175,4439.75,0.0
301,12.541666666666666,36.02770584193633,27.679508647361477,29.333540829872454,1.6540321825109778,249.44786289438167,237.63,0.0,80.40477516148891,27.77295877079553,33.3508166548869,5.577857884091369,1877.3641082962965,1856.72,0.0,104.99168033316556,27.50899075709492,32.91968933130608,5.41069857421116,2377.975910656152,2303.86,0.0,4504.787881846831,4398.21,0.0
302,12.583333333333334,36.94400082406766,30.409106626153452,31.98371207492138,1.5746054487679295,243.50893383687193,245.48,1.9710661631280573,82.50675780914187,30.484519463839714,35.83790678832346,5.353387324483744,1848.9169832066273,1849.5,0.5830167933727353,107.73875084446753,30.20594659712518,35.28247692366115,5.07653032653597,2289.4868047171067,2389.58,100.09319528289325,4381.912721760606,4484.5599999999995,102.64727823939393
303,12.625,37.679687364104,33.25600296691113,34.7765962187698,1.5205932518586636,239.83887232287088,224.57,0.0,84.19400127920572,33.333755657158086,38.42764028381063,5.093884626652546,1795.2687774417302,1797.71,2.4412225582698284,109.94435369220881,33.03650354352738,38.03247067887461,4.995967135347229,2299.2792893170354,2122.65,0.0,4334.386939081636,4144.93,0.0
304,12.666666666666666,37.02812012591576,36.25719136377295,37.831318397479336,1.5741270337063895,243.98923506106743,237.6,0.0,82.67772726904275,36.309319815984146,41.249867821537464,4.9405480055533175,1709.8691524356725,1739.15,29.280847564327587,107.96508244627084,36.03055752911949,41.409853316349114,5.379295787229623,2431.1288097343236,2408.52,0.0,4384.987197231063,4385.27,0.28280276893747214
305,12.708333333333334,32.516088371607054,38.35267308785703,39.885227289811425,1.5325542019543974,208.59954768300267,233.53,24.930452316997332,72.27980389033227,38.366307266735916,43.24599510962045,4.879687842884536,1476.4142570602614,1630.91,154.49574293973865,94.38353295301322,38.20807561982651,43.558844942082004,5.350769322255495,2114.0326099573945,2385.85,271.81739004260544,3799.0464147006587,4250.29,451.24358529934125
306,12.75,26.775958535883024,38.75605994515167,39.542133802352616,0.7860738572009467,88.1064298934358,172.22,84.1135701065642,59.14637296829478,38.669877322189485,43.20687795588181,4.5370006336923225,1123.301093035646,1288.51,165.2089069643539,77.22843080836574,38.70876848037053,43.569567306288036,4.860798825917506,1571.3903502419628,1800.84,229.44964975803714,2782.7978731710446,3261.5699999999997,478.77212682895515
307,12.791666666666666,23.535331792106774,37.980732828855096,38.00882024676568,0.028087417910583667,2.767141484982498,0.0,0.0,51.78698467725218,37.781190257311685,41.84250451388618,4.061314256574498,880.412995465417,940.83,60.41700453458304,67.61580994745736,37.94687797354216,42.67846309176991,4.7315851182277555,1339.2268129966228,1319.66,0.0,2222.4069499470224,2260.4900000000002,38.083050052977796
308,12.833333333333334,22.822404012766164,36.97594683278624,37.00250247270442,0.026555639918178997,2.5369819911245077,0.0,0.0,50.17600174136796,36.78365759363846,40.62309495922896,3.8394373655904985,806.4229203321323,805.28,0.0,65.5119102847432,36.94664067932639,41.762351647062445,4.815710967736052,1320.6261745291697,1337.9,17.27382547083039,2129.5860768524267,2143.1800000000003,13.593923147573605
309,12.875,22.826689695134,35.966117251827065,35.99329990741834,0.027182655591275307,2.597371325321506,0.0,0.0,50.18870319242376,35.74147965632477,39.386051615571986,3.644571959247216,765.687800605008,793.63,27.94219939499203,65.52795502625523,35.92720578956967,40.33960647870607,4.412400689136398,1210.3215961304816,1284.29,73.9684038695184,1978.6067680608112,2077.92,99.31323193918888
310,12.916666666666666,22.83093937091828,34.71693466128255,34.745562174142144,0.028627512859593196,2.7359403416916077,0.0,0.0,50.20194071332912,34.42945447896806,37.80821149012849,3.378757011160431,710.0299862396622,723.47,13.44001376033782,65.54410759519551,34.66331302313482,38.47223185966242,3.808918836527603,1045.0440507748765,1117.06,72.01594922512345,1757.8099773562303,1840.53,82.72002264376965
311,12.958333333333334,22.835718852293912,33.20018914418191,33.22998262974533,0.029793485563416766,2.847968792576079,0.0,0.0,50.21645149802544,32.867427586912655,35.81647141583527,2.949043828922612,619.906901653094,682.38,62.473098346906,65.56197048846258,33.139205237658125,36.38409258752406,3.244887349865934,890.5346994938585,954.08,63.54530050614153,1513.2895699395285,1636.46,123.17043006047152
312,13.0,22.84084236417328,31.46822218711733,31.499041713465296,0.030819526347965365,2.946709345617187,0.0,0.0,50.23210594020754,31.09634992066375,33.86182496295542,2.7654750422916656,581.5008493632669,542.87,0.0,65.5811016153673,31.400701804925728,33.90300677636551,2.5023049714397807,686.9389949069855,808.46,121.52100509301454,1271.3865536158696,1351.33,79.94344638413031
313,13.041666666666666,22.842649900479188,29.56730144685249,29.598919521428737,0.031618074576247324,3.0232991853913154,0.0,0.0,50.24134013190525,29.165848450449836,32.06202138184506,2.8961729313952205,609.0948526430077,606.47,0.0,65.59265327553852,29.494797536683546,31.391777455896,1.8969799192124555,520.8553824229971,547.02,26.1646175770029,1132.9735342513961,1153.49,20.516465748603878
314,13.083333333333334,22.84387337762391,27.556773730710592,27.588769778548468,0.03199604783787535,3.0596046033343525,0.0,0.0,50.25057058930229,27.14675417699667,29.949689997767653,2.8029358207709834,589.5944343990672,597.51,7.915565600932837,65.60394764473551,27.48345953087821,29.208051006108644,1.724591475230433,473.60407704431884,477.56,3.95592295568116,1066.2581160467203,1075.07,8.811883953279676
315,13.125,22.845618242508344,25.534708242159113,25.566823348751214,0.03211510659210148,3.0712241005762886,0.0,0.0,50.260637764637785,25.124785055370474,27.92569621396435,2.800911158593877,589.2865827065366,567.54,0.0,65.61614485395573,25.461355237080706,27.065317394101594,1.603962157020888,440.55897420315785,452.91,12.35102579684218,1032.9167810102708,1020.45,0.0
316,13.166666666666666,22.847010912495026,23.51452892238237,23.546801328881582,0.03227240649921015,3.0864551062032657,0.0,0.0,50.26966149319376,23.101540854192255,25.816468685147363,2.7149278309551086,571.2990137278013,597.14,25.840986272198734,65.62711594159573,23.43920767436599,24.94600859913023,1.5068009247642422,413.940977773842,411.44,0.0,988.3264466078465,1008.5799999999999,20.253553392153435
317,13.208333333333334,22.848067382243123,21.489842668933374,21.522190618292402,0.032347949359028405,3.0938228980835163,0.0,0.0,50.27765894030124,21.07920829564227,23.825598815477914,2.746390519835643,578.0116114651025,531.1,0.0,65.63681005926051,21.413767694770716,22.912861597745813,1.4990939029750976,411.8845750516143,399.79,0.0,992.9900094148004,930.8900000000001,0.0
318,13.25,22.844445060123032,19.513850348151156,19.545956260839862,0.03210591268870644,3.070187201174185,0.0,0.0,50.27630543303044,19.118394848262444,22.193910137401375,3.075515289138931,647.2625357263862,611.2,0.0,65.63581828035069,19.440196887357015,21.631961422137884,2.1917645347808694,602.1906709943622,407.34,0.0,1252.5233939219227,1018.54,0.0
319,13.291666666666666,23.745098521473565,17.765120352295444,17.79645133586615,0.03133098357070452,3.1142052228931485,0.0,0.0,52.325415200872136,17.52637079044439,21.862226603580726,4.335855813136337,949.7006574491619,669.91,0.0,68.31152245248457,17.734252956410074,20.541519066330014,2.80726610991994,802.7434512645884,781.67,0.0,1755.5583139366436,1451.58,0.0
320,13.333333333333334,30.593068529678042,17.722607254117943,18.78295686656325,1.0603496124453073,135.79111223059334,0.0,0.0,67.95974782897265,17.93010471878663,22.756641948947916,4.826537230161286,1373.0509192627335,1223.68,0.0,88.73090474563153,17.731095091053305,20.941852143442503,3.210757052389198,1192.5636810485478,806.13,0.0,2701.405712541875,2029.81,0.0
321,13.375,36.5513602576326,20.450420189661777,22.229842140979333,1.7794219513175555,272.25866563127846,278.0,5.741334368721539,81.64934556365967,20.551197638105766,25.215851215747787,4.664653577642021,1594.3047071952108,1478.79,0.0,106.61250890441504,20.271382379850646,24.19276623871365,3.9213838588630026,1750.035040594788,1566.24,0.0,3616.598413421277,3323.0299999999997,0.0
322,13.416666666666666,37.52594570041574,23.33629216915932,25.160980765785432,1.8246885966261104,286.62866951530845,249.26,0.0,83.88635384204017,23.41495682230131,28.146956127727933,4.731999305426623,1661.6334037306708,1662.81,1.1765962693291385,109.53685687470453,23.121766699714453,27.677914704072997,4.556148004358544,2089.090827938301,1874.06,0.0,4037.35290118428,3786.13,0.0
323,13.458333333333334,37.388048795275864,26.245012517530977,28.009154869840593,1.7641423523096158,276.09951970495206,306.37,30.270480295047946,83.55325279156011,26.31469776345476,30.689714661194536,4.375016897739776,1530.1792933620954,1608.32,78.14070663790449,109.10379888822344,26.029023316586876,31.05016686202697,5.0211435454400934,2293.1989476985195,2236.91,0.0,4099.477760765567,4151.6,52.12223923443344
324,13.5,36.940456060358116,29.03198752740879,30.6885309208402,1.6565433934314093,256.15585887782413,227.81,0.0,82.50375625518089,29.1047943821651,33.5171401943486,4.412345812183499,1523.850942840586,1401.18,0.0,107.73423248941559,28.824839368295233,33.88815262577968,5.063313257484449,2283.430213776913,2281.32,0.0,4063.437015495323,3910.3100000000004,0.0
325,13.541666666666666,36.922729513017416,31.78937826420486,33.51515027081457,1.7257720066097129,266.73281162297184,267.76,1.0271883770281534,82.45021979243121,31.865062280283453,36.7063085190875,4.841246238804047,1670.891363696012,1597.69,0.0,107.66612361937392,31.583032367675475,36.49920627865376,4.916173910978284,2215.672354309189,2219.48,3.807645690811114,4153.296529628173,4084.9300000000003,0.0
326,13.583333333333334,37.61619934937133,34.6748437821938,36.28801125829296,1.6131674760991643,254.01162612133902,248.69,0.0,84.04110914423147,34.74802389436707,39.53624218527386,4.788218290906791,1684.476438704618,1695.14,10.663561295382124,109.74518461611692,34.45263247527076,39.25383922363631,4.801206748365551,2205.642417620287,2146.0,0.0,4144.130482446244,4089.83,0.0
327,13.625,37.652906480495595,37.69901311970644,39.2258799745318,1.5268668548253572,240.65722090171133,241.71,1.0527790982886813,84.11432766850825,37.75908472524327,42.21524784471526,4.456163119471988,1569.0265117506142,1621.45,52.423488249385855,109.84197995115204,37.465375980874015,42.39284640974327,4.927470428869256,2265.6436503297473,2197.08,0.0,4075.327382982073,4060.24,0.0
328,13.666666666666666,36.87564956709277,40.5432913165253,42.054139778649954,1.510848462124656,233.2167881826813,222.19,0.0,82.307552509662,40.60736092939166,45.12019351357584,4.512832584184181,1554.8486976697625,1466.1,0.0,107.48364146077917,40.325967852463656,45.428128010591756,5.1021601581281,2295.597180525631,2266.16,0.0,4083.6626663780744,3954.45,0.0
329,13.708333333333334,33.727092081599075,42.91697806390937,44.517073913377985,1.600095849468616,225.9041041077707,228.11,2.2058958922293073,75.04719751303527,42.94248014095257,47.31425787009782,4.371777729145251,1373.3833448993487,1596.39,223.00665510065141,98.00056890960745,42.74805738918633,47.997706546848285,5.249649157661956,2153.565576455822,2261.49,107.9244235441779,3752.8530254629413,4085.99,333.13697453705845
330,13.75,29.27770263594306,43.86066286542735,45.47082746692342,1.6101646014960664,197.33607878403376,210.32,12.983921215966234,64.83682529919517,43.87181888029641,47.82019706127275,3.9483781809763414,1071.6172823187999,1119.68,48.06271768120018,84.66359833056,43.79947660217183,49.028729619010605,5.229253016838776,1853.2568000655192,1992.65,139.3931999344809,3122.210161168353,3322.65,200.4398388316472
331,13.791666666666666,25.40769344193478,43.931640695266246,44.76936378944026,0.8377230941740166,89.09738401528635,175.38,86.28261598471364,56.02268106083025,43.79907587569904,47.56741680534719,3.7683409296481543,883.7171846582127,998.96,115.24281534178738,73.14941454713683,43.89220060860115,48.17617294751295,4.283972338911802,1311.767106856227,1681.38,369.61289314377314,2284.581675529726,2855.7200000000003,571.1383244702743
332,13.833333333333334,22.802141827611106,42.70000048259583,42.728797843511046,0.028797360915213233,2.7487013518584127,0.0,0.0,50.11897558916088,42.38845744895507,45.73453843518299,3.3460809862279177,702.0012052083184,752.72,50.7187947916816,65.43675706271782,42.637181845737636,46.18777610531937,3.550594259581736,972.5726195327327,933.5,0.0,1677.3225260929094,1686.22,8.89747390709067
333,13.875,22.810053604677034,41.36736383427843,41.39473794298408,0.027374108705650713,2.61375885679844,0.0,0.0,50.1378700563127,41.13241197573651,44.31310234400618,3.1806903682696728,667.5541470041836,637.15,0.0,65.46191776372528,41.33483881857021,45.11959436339454,3.7847555448243284,1037.1122931833572,994.28,0.0,1707.2801990443393,1631.4299999999998,0.0
334,13.916666666666666,22.815628550913882,40.11675685960675,40.14465240038506,0.027895540778310135,2.6641976856713927,0.0,0.0,50.15322546279835,39.85416739958241,43.006107789741755,3.1519403901593464,661.7227838599803,684.89,23.16721614001972,65.4816407637926,40.07452853400196,43.69224599864955,3.6177174646475834,991.6385996451273,1062.56,70.92140035487262,1656.0255811907791,1747.4499999999998,91.4244188092207
335,13.958333333333334,22.820155072242212,38.66803170376329,38.697341502827214,0.029309799063923947,2.799823512818167,0.0,0.0,50.16806108509352,38.342228118365014,41.24465374086627,2.902425622501255,609.5195499603067,624.83,15.310450039693364,65.50023144428444,38.61053866859291,41.74076155600628,3.1302228874133675,858.256934580273,902.49,44.23306541972704,1470.576308053398,1527.3200000000002,56.74369194660221
336,14.0,22.82490760949523,36.951417426123506,36.9817287747847,0.03031134866119345,2.8960997251279843,0.0,0.0,50.18352855939271,36.59078874368977,39.5783227543687,2.987534010678928,627.5860430808059,580.38,0.0,65.51923757032547,36.88882246814125,39.34671645360072,2.457893985459471,674.1106770557874,796.12,122.00932294421261,1304.5928198617212,1376.5,71.90718013827882
337,14.041666666666666,22.83008082266297,35.12290143251304,35.15358467470505,0.030683242192012017,2.9322967638208732,0.0,0.0,50.1994126932803,34.754147538978344,37.936061762024416,3.1819142230460713,668.6307228433716,661.25,0.0,65.53895929210958,35.060995249300305,37.12614340530463,2.0651481560043266,566.5653086468799,534.02,0.0,1238.1283282540724,1195.27,0.0
338,14.083333333333334,22.83551880369485,33.28212617742521,33.31289122796891,0.0307650505436996,2.940815236323932,0.0,0.0,50.21570726194716,32.91495148243053,35.832180219445405,2.9172287370148737,613.2100880912935,661.83,48.61991190870651,65.55986345094352,33.221243851237425,35.344461669510835,2.1232178182734103,582.6822848355863,582.51,0.0,1198.8331881632039,1244.3400000000001,45.50681183679626
339,14.125,22.84109736990747,31.410875416940442,31.442083240465912,0.031207823525470246,2.9838684374603766,0.0,0.0,50.23248898157699,31.02657440991504,33.78902575399221,2.7624513440771743,580.8694808608477,550.03,0.0,65.5809142422782,31.34482419932715,33.09564908931195,1.7508248899847985,480.639437488538,565.87,85.23056251146198,1064.4927867868462,1115.9,51.40721321315391
340,14.166666666666666,22.842804102520457,29.440451781598604,29.47243066626534,0.03197888466673504,3.0578202474391287,0.0,0.0,50.24188710863903,29.023496052202123,31.837972862203852,2.814476810001729,591.9197650973434,597.91,5.990234902656539,65.59291668415955,29.36599458905183,30.705591689219133,1.3395971001673033,367.81578698904315,378.04,10.224213010956873,962.7933723338258,975.95,13.156627666174245
341,14.208333333333334,22.84390427970416,27.348557363599173,27.380857846630718,0.03230048303154476,3.088720230759579,0.0,0.0,50.25113116419231,26.92731604576487,29.763289838410113,2.8359737926452446,596.5505898617441,571.64,0.0,65.60413275518005,27.273520750512407,28.648644342902003,1.3751235923895955,377.6349279116712,341.13,0.0,977.2742380041749,912.77,0.0
342,14.25,22.845779066658938,25.307354838192047,25.33943604283433,0.03208120464228159,3.068003594901023,0.0,0.0,50.26153880604871,24.901131894036823,27.66097485564618,2.7598429616093583,580.6566119192331,607.58,26.923388080766927,65.61737872004703,25.23599852406947,26.95113078532802,1.7151322612585496,471.1028344322985,397.99,0.0,1054.8274499464326,1005.57,0.0
343,14.291666666666666,23.171573135545945,23.362141597458685,23.393780633225607,0.03163903576692206,3.0688664038508726,0.0,0.0,51.00466896023284,23.027583834579172,26.754218536619067,3.7266347020398953,795.6571703453097,539.41,0.0,66.58737666782459,23.308519659327114,25.54718485277046,2.238665193443346,623.9938025750685,527.99,0.0,1422.719839324229,1067.4,0.0
344,14.333333333333334,29.593750775290633,22.901473713368347,24.259526221215538,1.3580525078471908,168.23478517495258,0.0,0.0,65.64317329178827,23.103585562154496,28.280019272411007,5.176433710256511,1422.3924818273936,1041.56,0.0,85.70834602474876,22.91923542006756,26.177405151668523,3.2581697316009617,1168.950290063668,703.68,0.0,2759.5775570660144,1745.2399999999998,0.0
345,14.375,35.08415487843754,25.481650759410492,27.53549190503159,2.0538411456210994,301.6317776325671,348.08,46.44822236743289,78.23663270984711,25.572296823172433,30.916383992415486,5.344087169243053,1750.1807697333838,1790.81,40.629230266616105,102.15776335977486,25.323562720638854,29.33476959573088,4.011206875092025,1715.3220125593043,1634.34,0.0,3767.1345599252554,3773.2299999999996,6.095440074744147
346,14.416666666666666,35.13525990801362,27.74943546984665,29.32831405204901,1.5788785822023605,232.2154589343949,239.09,6.874541065605115,78.34330770236805,27.831250903675127,32.809041600498695,4.977790696823568,1632.4419983694331,1664.79,32.34800163056684,102.29850113493632,27.590451194278607,31.891867046288986,4.301415852010379,1841.9588590367487,1741.78,0.0,3706.6163163405768,3645.66,0.0
347,14.458333333333334,34.8616914053179,29.956198458870148,31.445740156975756,1.489541698105608,217.37036945957985,210.57,0.0,77.70154404023772,30.042719839892257,34.995298416888026,4.952578576995769,1610.869088101549,1556.77,0.0,101.46200854089884,29.803087539026205,34.57696379951861,4.773876260492404,2027.560571409339,1886.11,0.0,3855.800028970468,3653.45,0.0
348,14.5,35.04839115277689,32.22855888669846,33.67498930292013,1.4464304162216735,212.20951698660443,209.89,0.0,78.12280701204016,32.313334938355865,37.41216051494926,5.098825576593391,1667.4284954035759,1622.87,0.0,102.01387771055809,32.06877895834895,37.20955673292034,5.14077777457139,2195.2668065223274,2114.22,0.0,4074.904818912508,3946.9799999999996,0.0
349,14.541666666666666,35.177192819618284,34.53188207167705,35.86557524537826,1.3336931737012065,196.38862597361427,200.08,3.691374026385745,78.41122281953582,34.61275273288689,39.79609006988806,5.18333733700117,1701.3235938334303,1669.16,0.0,102.39125392688551,34.36797442532596,39.335948915636386,4.967974490310425,2129.322497741035,2219.8,90.47750225896516,4027.0347175480797,4089.04,62.005282451920266
350,14.583333333333334,35.078038968366634,36.81863099952747,38.11543279856524,1.296801799037766,190.41805927518527,178.18,0.0,78.17405165170426,36.89713215001278,41.939233068549285,5.042100918536505,1649.9598616759256,1690.24,40.280138324074414,102.08212870633533,36.65504544688461,41.407632015904724,4.752586569020117,2030.8552879186175,1981.35,0.0,3871.2332088697285,3849.77,0.0
351,14.625,34.15526712658158,38.986091486174864,40.49998980525377,1.5138983190789048,216.44801983974713,188.57,0.0,76.04056421366599,39.057309567729924,44.18509969156195,5.127790123832028,1632.2053468203003,1567.09,0.0,99.29611004846679,38.83461450491542,43.896876330298355,5.062261825382933,2104.146929988676,2024.97,0.0,3952.800296648724,3780.63,0.0
352,14.666666666666666,35.29735170849898,41.089705558318,42.63510733590575,1.5454017775877489,228.34039805166566,231.05,2.7096019483343525,78.66536664685883,41.1904334976195,46.00094364189281,4.810510144273309,1584.0683982627054,1657.36,73.29160173729451,102.726564761673,40.93580047167573,46.13750153515915,5.201701063483419,2236.801160572567,2130.64,0.0,4049.209956886938,4019.0499999999997,0.0
353,14.708333333333334,33.888205797001724,43.49039269227804,44.25830187447121,0.767909182193165,108.93254757659695,210.35,101.41745242340305,75.41809423162181,43.512523449445716,47.77847756590046,4.265954116454743,1346.7623222651512,1460.87,114.10767773484872,98.48513030380305,43.31804238894971,48.424615207155604,5.1065728182058905,2105.2293546571404,2284.93,179.7006453428594,3560.9242244988886,3956.1499999999996,395.225775501111
354,14.75,28.333421933683375,44.27412484995871,44.307009927215994,0.03288507725728351,3.9002919760905,0.0,0.0,62.68121698835364,44.25061912790351,48.54967564850926,4.299056520605745,1128.0018160512125,1194.98,66.97818394878755,81.84764604578189,44.21784406456944,49.40400209935545,5.186158034786011,1776.8516265279823,1874.31,97.45837347201768,2908.7537345552855,3069.29,160.53626544471445
355,14.791666666666666,24.565481092809044,44.015502239383544,44.043849165662884,0.028346926279340323,2.914945720186662,0.0,0.0,54.10953355786872,43.867030035982026,47.8842270905429,4.017197054560874,909.905205872146,1037.56,127.65479412785396,70.65072546003802,43.98454308561448,48.73741648214185,4.75287339652737,1405.633489285588,1647.09,241.45651071441193,2318.4536408779204,2684.6499999999996,366.19635912207923
356,14.833333333333334,22.80022407995794,42.91805132151646,42.945407242915856,0.027355921399397687,2.610896682914452,0.0,0.0,50.113526875323224,42.67322304791087,46.28138967504559,3.6081666271347217,756.9039606327991,768.45,11.546039367200933,65.43056751787692,42.87313913164942,46.996687371260485,4.123548239611068,1129.4083409003258,1148.27,18.86165909967417,1888.9231982160395,1916.72,27.796801783960518
357,14.875,22.808229529591593,41.84198074420967,41.86845311982101,0.026472375611341192,2.527456648107618,0.0,0.0,50.132506824159066,41.64105104911158,45.07797376543208,3.4369227163204954,721.2542947047665,731.66,10.405705295233474,65.45529979869202,41.81380896174409,45.52663217824966,3.7128232165055763,1017.2982828965465,1092.41,75.11171710345354,1741.0800342494208,1824.0700000000002,82.98996575057936
358,14.916666666666666,22.8151298462235,40.656326420084916,40.68453060226182,0.02820418217690701,2.693615980905222,0.0,0.0,50.151527910601466,40.37075145387937,43.65024046581439,3.27948901193502,688.4772164151899,697.33,8.85278358481014,65.47893895324273,40.60502598743361,43.84479556104209,3.239769573608477,888.0041179202469,924.15,36.14588207975305,1579.174950316342,1621.48,42.305049683658126
359,14.958333333333334,22.818468972070374,39.06922303751644,39.09918964191246,0.029966604396022944,2.8623534485010946,0.0,0.0,50.16394321127611,38.71339631737229,41.849124420656146,3.135728103283853,658.4598364853739,665.85,7.390163514626124,65.49453430919164,39.0047774073753,41.982606640098254,2.9778292327229536,816.4020216239538,834.24,17.83797837604618,1477.7242115578288,1500.0900000000001,22.36578844217138
360,15.0,22.823926459482138,37.27822503851237,37.30845592842929,0.03023088991692191,2.8882881282120487,0.0,0.0,50.180138562825206,36.92530823264431,39.69679445101755,2.7714862183732407,582.1619324698236,637.05,54.888067530176386,65.51504674304165,37.22010527763194,39.67010186224782,2.4499965846158815,671.9017282272282,780.94,109.03827177277185,1256.9519488252638,1417.99,161.0380511747362
361,15.041666666666666,22.829949611924068,35.450105260027755,35.481096364803726,0.030991104775971223,2.9617011588574402,0.0,0.0,50.19842898634928,35.06312687741485,37.85318481978567,2.790057942370815,586.2766156923542,512.98,0.0,65.53763527983455,35.38423966778788,37.207803778475885,1.8235641106880038,500.27756518745883,544.92,44.642434812541126,1089.5158820386705,1057.9,0.0
362,15.083333333333334,22.835511497697066,33.47959679793259,33.51100700788258,0.031410209949996215,3.002484728978098,0.0,0.0,50.215526618894735,33.083463761529075,36.06488911614792,2.9814253546188425,626.7021520602631,646.26,19.557847939736916,65.5590471664626,33.41249068233044,35.02462792508055,1.6121372427501086,442.4190999108067,438.65,0.0,1072.1237367000479,1084.9099999999999,12.786263299951997
363,15.125,22.841864942778198,31.477968271716826,31.509815319209842,0.03184704749301659,3.0450887787719934,0.0,0.0,50.23460742916184,31.064747634371205,33.87231718794339,2.8075695535721827,590.3815281248635,592.7,2.318471875136538,65.58323102012469,31.40701584322998,32.888945894511465,1.4819300512814841,406.8363391644829,429.68,22.843660835517085,1000.2629560681185,1022.3800000000001,22.117043931881653
364,15.166666666666666,22.843256954789467,29.337513918433956,29.370345385075435,0.03283146664147907,3.139406353712687,0.0,0.0,50.244144247103925,28.88304376834137,31.71329424789967,2.830250479558302,595.263906884617,573.77,0.0,65.59559747663934,29.25567882265003,30.603387701069764,1.3477088784197342,370.05817747149536,367.27,0.0,968.4614907098251,941.04,0.0
365,15.208333333333334,22.844237198734874,27.087783842340965,27.12070017692278,0.03291633458181664,3.147656650811144,0.0,0.0,50.25333157451975,26.641569688675077,29.4155911252818,2.7740214366067235,583.5443865375371,602.57,19.025613462462957,65.60680434130457,27.009074861172067,28.420499229420248,1.4114243682481806,387.6195913616898,356.32,0.0,974.3116345500381,958.8900000000001,0.0
366,15.25,22.846029039809178,24.928982658015777,24.961554449791187,0.032571791775410475,3.1149537178635955,0.0,0.0,50.26358111690528,24.50344857806137,27.242995282902687,2.7395467048413167,576.409805701524,550.15,0.0,65.61970776601342,24.854553483605915,26.485712851360173,1.6311593677542575,448.0535375192387,402.57,0.0,1027.5782969386264,952.72,0.0
367,15.291666666666666,22.84681813623319,22.88112219857742,22.91312597308453,0.03200377450711045,3.06073796469355,0.0,0.0,50.27137656507569,22.488451147131883,25.979209518795113,3.4907583716632296,734.5811669178112,588.78,0.0,65.62915860996884,22.812071151019868,24.75535459762629,1.9432834466064222,533.8659368685508,477.08,0.0,1271.5078417510554,1065.86,0.0
368,15.333333333333334,22.998333468681658,21.116650443570446,21.146985978547725,0.030335534977279366,2.9204330128139575,0.0,0.0,50.618610028827,20.828714106624304,24.96638762165613,4.137673515031825,876.7295788036314,867.19,0.0,66.08358053650176,21.072237682001205,24.521732501148733,3.449494819147528,954.2194989421217,574.04,0.0,1833.8695107585672,1441.23,0.0
369,15.375,24.207004912995803,20.09794886604699,20.125669731916418,0.027720865869426348,2.8089698245254335,0.0,0.0,53.35969438479725,20.062405612294622,24.51280440028398,4.450398787989357,994.0574538448074,871.42,0.0,69.66563468615097,20.114159723787353,25.149904526339103,5.035744802551751,1468.525645697444,1320.42,0.0,2465.392069366777,2191.84,0.0
370,15.416666666666666,25.301171551421405,20.120033015549158,20.807552580495383,0.6875195649462249,72.8156812157775,0.0,0.0,55.84598035777046,20.133486437124724,24.997452271031694,4.8639658339069705,1137.0554886032908,1103.53,0.0,72.91304602192017,20.129168979204664,25.501319186714483,5.372150207509819,1639.655510636256,1597.78,0.0,2849.526680455324,2701.31,0.0
371,15.458333333333334,24.928490918279486,19.988203647529485,20.69491898351678,0.706715335987294,73.74621385117644,140.82,67.07378614882356,55.000978796495126,19.92636369335411,24.864104063629785,4.937740370275677,1136.8361965664342,1152.54,15.703803433565781,71.80906358262988,19.976793934402142,25.305315000481343,5.328521066079201,1601.7147482364528,1657.41,55.695251763547276,2812.2971586540634,2950.77,138.47284134593656
372,15.5,24.661108776343486,19.56283020032973,19.59148429249259,0.028654092162859968,2.958002088033757,0.0,0.0,54.39554267462863,19.502664429370114,24.738987720852904,5.23632329148279,1192.3094605931767,1103.24,0.0,71.01813519213768,19.5578721038272,24.93907633636556,5.381204232538359,1599.7346934126724,1522.56,0.0,2795.002156093883,2625.8,0.0
373,15.541666666666666,25.32902975582494,19.370865294964144,19.399567949182366,0.028702654218221824,3.0432654622521755,0.0,0.0,55.915023214949706,19.369045852514088,24.736071445468575,5.367025592954487,1256.2075515774193,1265.16,8.952448422580801,73.00251154071965,19.37745118302814,24.75572542765663,5.378274244628489,1643.5388305865386,1654.9,11.361169413461539,2902.78964762621,2920.0600000000004,17.2703523737905
374,15.583333333333334,25.767814515670747,19.335356665408593,19.365108509699446,0.029751844290853313,3.209155061707867,0.0,0.0,56.91331138135033,19.323937001459328,24.545686570468607,5.22174956900928,1244.0250297126493,1228.09,0.0,74.30606621026071,19.334368590523525,24.518166584871967,5.183797994348442,1612.3954484345809,1607.23,0.0,2859.629633208938,2835.3199999999997,0.0
375,15.625,25.84874693660202,19.260350188232024,19.290221585404787,0.029871397172762215,3.2321704472718698,0.0,0.0,57.09771689949521,19.254209108683668,24.37340143468803,5.119192326004363,1223.5434968553354,1240.98,17.436503144664584,74.5470114872394,19.26073388488862,24.51429890630271,5.25356502141409,1639.3948763933197,1592.74,0.0,2866.1705436959273,2833.7200000000003,0.0
376,15.666666666666666,25.916416700326288,19.232370957815583,19.262362025825674,0.02999106801009077,3.2536146122950966,0.0,0.0,57.25175804853013,19.225352283279484,23.99201691910562,4.766664635826135,1142.3591087749687,1186.73,44.3708912250313,74.74865377182047,19.231391911280927,24.739963830214528,5.508571918933601,1723.6203909192325,1661.34,0.0,2869.233114306496,2848.0699999999997,0.0
377,15.708333333333334,24.978300221886578,19.075297571448424,19.104709495850912,0.02941192440248841,3.075286248591304,0.0,0.0,55.11919408015152,18.996964917569283,23.196718200566604,4.199753282997321,969.004650207868,1078.76,109.75534979213194,71.96366336318479,19.06108332974847,24.51815710356767,5.4570737738192,1643.8883297500947,1760.78,116.89167024990525,2615.9682662065543,2839.54,223.57173379344567
378,15.75,24.09303284065472,18.455235363253404,18.48395373344101,0.02871837018760459,2.8963462945473144,0.0,0.0,53.10984171507705,18.339584422347524,22.21664321141857,3.8770587890710466,861.9391704514621,843.71,0.0,69.33891523368044,18.438519740824464,23.376812892160743,4.938293151336278,1433.3529164591237,1505.0,71.64708354087634,2298.188433205133,2348.71,50.521566794866885
379,15.791666666666666,23.498208154645596,17.86979341968533,17.897573535980243,0.02778011629491317,2.7325494507105392,0.0,0.0,51.763356743156244,17.727489242094958,21.572831736580675,3.845342494485717,833.2142387402829,865.7,32.48576125971715,67.57973141697582,17.848273843187226,22.23937914330382,4.391105300116596,1242.1943145479843,1340.91,98.7156854520158,2078.1411027389777,2206.61,128.46889726102245
380,15.833333333333334,22.84036195871833,16.871786316747205,16.900805217697044,0.029018900949839832,2.7744900148031153,0.0,0.0,50.27851743777649,16.60545927462321,20.317773514623898,3.712314240000687,781.3154610640928,787.46,6.144538935907235,65.63968974624352,16.811983711584325,20.819564882406816,4.00758117082249,1101.154026294238,1126.47,25.315973705761962,1885.243977373134,1913.93,28.686022626866134
381,15.875,22.837622027445576,15.543009481816666,15.573106481380838,0.030096999564172222,2.877221566265495,0.0,0.0,50.278195720783295,15.23501582718032,18.567932405453764,3.3329165782734442,701.4607121339889,763.13,61.66928786601113,65.63858890474373,15.476716268035736,19.162272295302657,3.685556027266921,1012.654921471102,1059.98,47.32507852889796,1716.9928551713565,1823.1100000000001,106.11714482864363
382,15.916666666666666,22.833831052938354,13.975684780082387,14.007055734887553,0.031370954805165496,2.99851167721229,0.0,0.0,50.27598155948647,13.614685409998359,16.666433197577394,3.0517477875790355,642.2563704517189,627.25,0.0,65.63436461837725,13.897585245177074,17.15666155990416,3.259076314727084,895.4163896274026,949.83,54.41361037259742,1540.6712717563337,1577.08,36.408728243666246
383,15.958333333333334,22.829924029945694,12.216202362649065,12.248337322117022,0.03213495946795675,3.0710115285400903,0.0,0.0,50.273607728371296,11.82844171464866,14.612734447170917,2.784292732522257,585.9413805013708,645.19,59.248619498629296,65.62984200558765,12.133303259493283,14.890317668906153,2.7570144094128697,757.4249705256032,825.17,67.7450294743968,1346.437362555514,1470.3600000000001,123.9226374444861
384,16.0,22.82513885183586,10.499699246607003,10.530380996659412,0.03068175005240903,2.9315194488146545,0.0,0.0,50.26944401494315,10.202139657715605,12.952543947176325,2.75040428946072,578.7617785572565,513.76,0.0,65.62336543323524,10.441610206196184,12.601225320931718,2.1596151147355336,593.2449928854263,673.56,80.31500711457363,1174.9382908914977,1187.32,12.381709108502264
385,16.041666666666668,22.820717814524162,9.327439174490301,9.355304440569437,0.027865266079135864,2.6618998956418247,0.0,0.0,50.26551335993392,9.162857199681115,12.1164138168736,2.9535566171924845,621.4620977689909,632.53,11.067902231009043,65.6177674109702,9.302680301145394,11.010882979908185,1.7082026787627917,469.2022352316612,497.05,27.847764768338834,1093.326232896294,1129.58,36.25376710370597
386,16.083333333333332,22.819723176712156,8.694026785324168,8.720191395741873,0.026164610417705347,2.499331532051311,0.0,0.0,50.26842333616155,8.599430456358052,11.29545550267101,2.6960250463129576,567.3073500854667,600.17,32.86264991453322,65.62111627923706,8.681523724616634,10.12233358815622,1.4408098635395863,395.7760509624496,427.8,32.02394903755044,965.5827325799676,1027.97,62.38726742003246
387,16.125,22.817321270178518,8.249829946555652,8.275653602438412,0.025823655882760477,2.4665027679823566,0.0,0.0,50.26650616448709,8.16640845227879,10.515677247295995,2.349268795017206,494.32279085929736,525.15,30.82720914070262,65.61803740246006,8.233885664618482,9.461914815273065,1.2280291506545833,337.3114914253021,351.67,14.358508574697908,834.1007850525818,876.8199999999999,42.719214947418095
388,16.166666666666668,22.81538616207054,7.887611991929361,7.913068236932383,0.02545624500302246,2.4312039350772676,0.0,0.0,50.264538224116315,7.821898041171293,10.116087771647374,2.2941897304760808,482.7143976601258,454.99,0.0,65.61491036964011,7.874488566833569,9.020127748600078,1.1456391817665095,314.6658571845551,310.95,0.0,799.8114587797581,765.94,0.0
389,16.208333333333332,22.814388960533737,7.61487043509411,7.639906125670086,0.025035690575975877,2.3909342915649647,0.0,0.0,50.264174614494,7.570079319814771,10.110940686086009,2.540861366271238,534.6120572276163,503.12,0.0,65.61416128775299,7.6062406513023495,8.877769685341148,1.2715290340387986,349.2392823545257,306.4,0.0,886.242273873707,809.52,0.0
390,16.25,22.811799553747402,7.410682395756939,7.435778767619803,0.02509637186286451,2.3964573910778126,0.0,0.0,50.259657591279456,7.358288111863206,10.026645039625906,2.6683569277627006,561.3874133095319,559.31,0.0,65.6080392845327,7.399098440740203,8.724773450864767,1.3256750101245638,364.0770910656589,380.73,16.6529089343411,927.8609617662686,940.04,12.179038233731376
391,16.291666666666668,22.806986152147434,7.123311705017861,7.148779411323481,0.02546770630562012,2.431403042414242,0.0,0.0,50.24838172530016,7.055944566318281,9.78979147201282,2.733846905694538,575.0366088021111,556.62,0.0,65.59319685271583,7.1066236134795915,8.528196308490685,1.4215726950110934,390.325653055355,335.71,0.0,967.7936648998804,892.3299999999999,0.0
392,16.333333333333332,22.80567720717537,6.879609940930621,6.904295596751896,0.024685655821275354,2.3566053895149244,0.0,0.0,50.244181333394316,6.857186797304445,9.633152495917662,2.7759656986132164,583.8470547977917,586.91,3.0629452022083115,65.58831552039052,6.876221857960846,8.73642095527506,1.8601990973142142,510.7226638120838,433.9,0.0,1096.9263239993904,1020.81,0.0
393,16.375,22.805991474568412,6.838350399699733,6.862463357373569,0.024112957673835922,2.3019647312718443,0.0,0.0,50.24457682423539,6.837445504486965,9.986430548182884,3.1489850436959195,662.3064960814121,574.3,0.0,65.59007381880173,6.840180890492977,9.58869137436284,2.748510483869863,754.6311731434512,577.76,0.0,1419.239633956135,1152.06,0.0
394,16.416666666666668,23.164048552255643,6.824607141068767,6.84944493381743,0.024837792748662935,2.4083893023554914,0.0,0.0,51.05663074323364,6.824367631573305,10.266939806603526,3.4425721750302207,735.7570467504202,745.2,9.442953249579887,66.65177027980958,6.824359106140176,10.605333585043214,3.7809744789030377,1054.9081770933822,924.4,0.0,1793.0736131461579,1669.6,0.0
395,16.458333333333332,23.164582618319887,6.8436652157944575,6.8683006180584805,0.024635402264022943,2.3888196431829907,0.0,0.0,51.057372702761924,6.853809523716666,10.177590678692722,3.3237811549760563,710.3789900255534,719.68,9.301009974446515,66.6531844916671,6.845784442632739,10.909585364767032,4.063800922134293,1133.8420311053744,1179.37,45.527968894625474,1846.6098407741108,1899.0499999999997,52.44015922588892
396,16.5,23.1999398248487,6.909645999286466,6.934200001849986,0.02455400256351936,2.384560684770826,0.0,0.0,51.13720499190754,6.924744027564355,10.579104850854174,3.654360823289819,782.2537206673738,694.9,0.0,66.7570843845834,6.9126177192900204,10.877121967296286,3.964504248006266,1107.8615050094327,1080.32,0.0,1892.4997863615772,1775.2199999999998,0.0
397,16.541666666666668,23.201828398203094,6.985519318698806,8.358415199637777,1.3728958809389713,133.33956575527864,0.0,0.0,51.14076178351034,6.999049194558891,11.075800203241982,4.076751008683091,872.731405049539,864.8,0.0,66.76143252044221,6.987372815103019,10.950221942990138,3.962849127887119,1107.4711187035807,1127.26,19.788881296419277,2113.5420895083985,1992.06,0.0
398,16.583333333333332,23.51856614143487,7.051463046408644,8.438996509373494,1.38753346296485,136.60089042789988,263.98,127.37910957210013,51.8597191308463,7.0597277053371945,11.161317766312884,4.101590060975689,890.392793598965,874.15,0.0,67.70025376923107,7.052088543652503,10.986239183011579,3.9341506393590757,1114.9117839810528,1079.27,0.0,2141.905468007918,2217.4,75.4945319920821
399,16.625,24.600332074362015,7.067740547290264,7.095760873019218,0.028020325728953743,2.8854488041603212,0.0,0.0,54.3177536374385,7.066628448275059,11.135870542947439,4.069242094672379,925.2403270216826,899.22,0.0,70.91045049297718,7.065805122951813,11.276061973924048,4.210256850972234,1249.7353650331452,1141.38,0.0,2177.861140858988,2040.6000000000001,0.0
400,16.666666666666668,25.599424191944255,7.104994555868572,7.134999873225578,0.030005317357005623,3.2153454936922548,0.0,0.0,56.592231103676234,7.11575698161239,11.194118896891355,4.078361915278966,966.1438697419005,942.78,0.0,73.88135719095757,7.105702088329472,11.890824276461304,4.785122188131832,1479.8821121495541,1348.33,0.0,2449.241327385147,2291.1099999999997,0.0
401,16.708333333333332,24.695761113508244,7.148271080294325,7.176672914635196,0.028401834340870735,2.9360809786588837,0.0,0.0,54.537207697823476,7.135665643326312,10.940390075177962,3.8047244318516507,868.5910089540627,979.12,110.52899104593735,71.19825039783953,7.142829310987816,12.106775516679974,4.963946205692158,1479.4340566511582,1600.08,120.64594334884168,2350.96114658388,2579.2,228.23885341612004
402,16.75,22.95680546919921,7.086071541030431,7.110366530981764,0.024294989951333612,2.3346802093787997,0.0,0.0,50.586315135225156,7.094456575923812,10.350947564060938,3.2564909881371262,689.5760190048339,750.99,61.41398099516607,66.03884896642667,7.087835653854586,11.663591571507796,4.57575591765321,1264.9156594478166,1348.04,83.12434055218341,1956.8263586620292,2099.0299999999997,142.20364133797057
403,16.791666666666668,22.812858413163614,7.217767662720356,7.240977856343235,0.023210193622879238,2.216448743563548,0.0,0.0,50.25995489902863,7.257912380353274,10.108535775254028,2.8506233949007536,599.737442854011,621.6,21.862557145989058,65.61234151974963,7.228871039591877,11.224623411400087,3.9957523718082095,1097.4464214697414,1173.29,75.84357853025858,1699.400313067316,1794.8899999999999,95.48968693268398
404,16.833333333333332,22.8163070094547,7.387283027651175,7.4104971681386065,0.023214140487431756,2.2171607631632866,0.0,0.0,50.268762944855794,7.425616512128555,10.100613988092466,2.6749974759639104,562.8864553927706,571.39,8.5035446072294,65.62358594804422,7.395307270181943,11.001749954397152,3.6064426842152084,990.6909982876664,1012.84,22.149001712333643,1555.7946144436003,1584.23,28.43538555639975
405,16.875,22.817141444315254,7.5371673861545725,7.561011369212828,0.023843983058255525,2.2773997214750015,0.0,0.0,50.27289366880757,7.536600322605643,10.325100563753491,2.7885002411478483,586.8184960327528,547.78,0.0,65.62865510303965,7.534917751889342,10.883615382035064,3.348697630145722,919.9594043100543,959.85,39.89059568994571,1509.0553000642822,1507.63,0.0
406,16.916666666666668,22.815429474112218,7.444296741903682,7.468950890803757,0.024654148900075334,2.3546040510538715,0.0,0.0,50.27044193624367,7.41247439174043,10.300422800340456,2.8879484086000264,607.7169615164072,619.31,11.59303848359275,65.62511782746398,7.433186049005526,10.602283759504356,3.1690977104988303,870.5725110153595,870.81,0.23748898464043577,1480.6440765828206,1490.12,9.475923417179274
407,16.958333333333332,22.816063026558275,7.362120281097281,7.38630293850219,0.02418265740490977,2.309638206603366,0.0,0.0,50.272671014874405,7.357045444163459,10.140635016426938,2.7835895722634785,585.7824890294189,589.24,3.4575109705810974,65.6274511149002,7.361422270074938,10.065706879712554,2.7042846096376163,742.9116309987556,861.47,118.55836900124439,1331.003758234778,1450.71,119.7062417652221
408,17.0,22.815391199751513,7.335155713104313,7.359445596307452,0.024289883203139517,2.3198108227741234,0.0,0.0,50.27150998150369,7.320981283422205,10.016644549565836,2.6956632661436304,567.2660528419219,575.69,8.423947158078136,65.62443567044753,7.331464892412745,9.18945321001758,1.8579883176048355,510.3966141778751,614.65,104.25338582212487,1079.9824778425711,1190.3400000000001,110.357522157429
409,17.041666666666668,22.81463521891333,7.255681006365875,7.2800539884152204,0.02437298204934546,2.327670067817204,0.0,0.0,50.269536560809904,7.240583016193399,9.75876522822593,2.5181822120325306,529.8967517142681,552.13,22.23324828573186,65.62110266340345,7.251228077891158,8.639467408966032,1.3882393310748746,381.33537265720156,395.04,13.70462734279846,913.5597944392869,947.1700000000001,33.61020556071321
410,17.083333333333332,22.817270262857637,7.253003636980191,7.276631397240572,0.02362776026038116,2.256760470699983,0.0,0.0,50.27562433815647,7.277801912707521,9.609951880197768,2.3321499674902464,490.8097376569695,500.6,9.79026234303052,65.6287877425102,7.26002840048015,8.394872961759932,1.134844561279782,311.7668872788246,356.21,44.443112721175396,804.833385406494,856.81,51.97661459350593
411,17.125,22.817500717997085,7.36327552571707,7.3872555775068305,0.023980051789760815,2.290432057622967,0.0,0.0,50.27728027257692,7.358359209756276,9.599417276411954,2.241058066655677,471.6546387389996,473.94,2.2853612610003893,65.63085210048058,7.3615712023341,8.341589322591823,0.9800181202577223,269.2411101466974,255.28,0.0,743.18618094332,729.22,0.0
412,17.166666666666668,22.814091550502418,7.227652487963349,7.2526506273627795,0.02499813939943074,2.387316993801593,0.0,0.0,50.270049539465475,7.179142976464183,9.535069695620718,2.3559267191565354,495.75866636970056,462.02,0.0,65.62115447998,7.2124547983278555,8.175497355068524,0.9630425567406684,264.5383069226187,271.17,6.631693077381328,762.6842902861208,733.19,0.0
413,17.208333333333332,22.813668384781955,7.061062306333052,7.085570345072257,0.024508038739204707,2.3404690721821377,0.0,0.0,50.2698874224381,7.0438012580511655,10.730427180074633,3.6866259220234676,775.7757665078368,522.57,0.0,65.61945810190016,7.057372788027662,7.989803244070851,0.9324304560431891,256.1228430842935,245.52,0.0,1034.2390786643125,768.09,0.0
414,17.25,22.8150753899063,7.04812621471372,7.07201740720927,0.02389119249555005,2.28170219233993,0.0,0.0,50.274098183779095,7.058220050609378,11.410719486583059,4.35249943597368,915.9720809778867,1025.19,109.21791902211339,65.62488127768383,7.052211019629089,8.235153879540743,1.1829428599116536,324.96120912158153,254.5,0.0,1243.2149922918081,1279.69,36.475007708191924
415,17.291666666666668,24.451605629954923,6.905271202101394,7.199780304841014,0.29450910273962005,30.144308739323783,0.0,0.0,53.99104170401526,6.794363464788588,11.524176701639158,4.72981323685057,1068.9685380244887,799.61,0.0,70.47938256834773,6.879595686105667,8.790450619806526,1.9108549337008593,563.753216537985,384.28,0.0,1662.8660633017976,1183.8899999999999,0.0
416,17.333333333333332,30.273014047665388,6.606963190684053,7.105390755804906,0.49842756512085273,63.162154993189304,56.0,0.0,67.2940810806938,6.718153215459647,12.105951650359913,5.387798434900266,1517.705230617233,1340.48,0.0,87.85227267648304,6.613509637414912,9.570904153805904,2.957394516390992,1087.580690144329,736.69,0.0,2668.4480757547512,2133.17,0.0
417,17.375,35.442450983901516,8.823616609521755,9.079360299385566,0.25574368986381124,37.94267084355484,60.1,22.157329156445158,79.17404056552957,8.95267358406532,14.42340785204798,5.47073426798266,1813.1246128812747,1672.46,0.0,103.36872650572755,8.687446151124485,12.306272736246994,3.618826585122509,1565.8716523688868,1432.38,0.0,3416.9389360937166,3164.94,0.0
418,17.416666666666668,37.05909577853316,11.521400513168455,11.749643607892006,0.22824309472355075,35.40720861631123,0.0,0.0,82.88871993264898,11.615401895259815,17.166711672226587,5.551309776966772,1926.1500642629012,1917.16,0.0,108.22348589047768,11.333822681549986,15.121222901577886,3.7874002200278998,1715.7813487900492,1651.55,0.0,3677.3386216692616,3568.71,0.0
419,17.458333333333332,37.33199137328813,14.34638380451626,14.749093123784611,0.40270931926835196,62.93207632638901,54.33,0.0,83.49904172639994,14.42955799431524,19.899487491078624,5.469929496763383,1911.8879852229184,1888.01,0.0,109.02260813077635,14.145095351147761,17.979749440622193,3.834654089474432,1750.0158626165758,1718.98,0.0,3724.835924165883,3661.3199999999997,0.0
420,17.5,37.32026050603218,17.177173547485562,17.57937688970541,0.402203342219849,62.83325606466203,54.33,0.0,83.45229826580592,17.257509203933658,22.733732389109445,5.476223185175787,1913.0162768528564,1888.01,0.0,108.963881029103,16.973271748766795,20.810656010474087,3.8373842617072924,1750.3184771034491,1718.98,0.0,3726.168010020968,3661.3199999999997,0.0
421,17.541666666666668,37.04527250138878,19.98861681832624,21.024370581077093,1.0357537627508542,160.6159006934693,54.33,0.0,82.79617637460507,20.066662356027162,25.632261583906438,5.565599227879275,1928.9520635735787,1888.01,0.0,108.1092062456985,19.785456948521887,23.837969426205206,4.052512477683319,1833.944815803473,1718.98,0.0,3923.512780070521,3661.3199999999997,0.0
422,17.583333333333332,37.23014787998722,22.778504070318515,24.378017467521857,1.5995133972033422,249.27680363399028,250.7,1.4231963660097051,83.20697034509728,22.860897067283346,28.384920568995543,5.524023501712197,1924.04156907317,1918.54,0.0,108.6485358814719,22.573549700477145,27.106290219808038,4.532740519330893,2061.5029493214984,1884.09,0.0,4234.821322028658,4053.33,0.0
423,17.625,36.48135368337073,25.57517968578703,27.11944459618888,1.54426491040185,235.82615614291186,230.1,0.0,81.46322603276074,25.637360171040857,31.15678684853934,5.519426677498483,1882.1524483592916,1876.96,0.0,106.37254093224337,25.373023115654366,29.967003238057828,4.593980122403462,2045.5865954309816,2173.73,128.14340456901846,4163.565199933185,4280.79,117.22480006681508
424,17.666666666666668,35.52672387309975,27.92822986704582,29.46251383425113,1.5342839672053117,228.1708347926324,225.02,0.0,79.24623129217753,28.01300042617939,33.66383141972787,5.650830993548482,1874.5203527738342,1837.49,0.0,103.47773004195878,27.76149788894242,32.277059930970104,4.515562042027685,1955.950820345542,1856.17,0.0,4058.642007912009,3918.6800000000003,0.0
425,17.708333333333332,34.29791265830558,30.192984315315414,30.986403489776837,0.7934191744614232,113.91203379617235,216.12,102.20796620382765,76.40408803903598,30.248360184217983,35.44072250700593,5.192362322787947,1660.6603258590553,1865.91,205.24967414094476,99.76692193572289,30.03737991318402,34.605002607209,4.567622694024983,1907.5503911413796,1998.31,90.75960885862037,3682.1227507966073,4080.34,398.21724920339284
426,17.75,29.355558439635328,31.406979468155033,31.442890458018447,0.03591098986341379,4.412827458292652,0.0,0.0,65.05951417994369,31.380539886642907,36.37952725664124,4.998987369998332,1361.4198530162441,1417.84,56.420146983755785,84.9496924364028,31.32344571179935,36.0622001705425,4.738754458743152,1685.0983016945993,1764.57,79.47169830540065,3050.930982169136,3182.41,131.479017830864
427,17.791666666666668,25.501806251519046,31.146606109367248,31.176536300409797,0.029930191042549126,3.19506468369723,0.0,0.0,56.26451483210273,31.067794102070096,36.261596177628846,5.19380207555875,1223.2611918893672,1270.05,46.78880811063277,73.46194715192601,31.12836907764366,35.81072389254785,4.682354814904187,1439.8789396006155,1561.67,121.7910603993846,2666.33519617368,2831.7200000000003,165.38480382632042
428,17.833333333333332,24.325844534910065,30.762614739501025,30.790694207418905,0.028079467917880407,2.859275644215378,0.0,0.0,53.59562678928411,30.646079473157094,34.86164891900563,4.215569445848537,945.768459026695,1156.74,210.97154097330497,69.97619708707289,30.746921320335755,35.06457904667331,4.317657726337554,1264.7298599012447,1292.82,28.090140098755228,2213.357594572155,2449.56,236.20240542784495
429,17.875,23.00115050583536,29.851227101105625,29.87874290017952,0.02751579907389612,2.649298619804423,0.0,0.0,50.59563160766334,29.64712275013022,32.995121145318656,3.347998395188437,709.0836750812454,722.03,12.946324918754613,66.05800010564981,29.813537971297965,33.84354345613762,4.030005484839652,1114.3722340834834,1214.46,100.08776591651667,1826.1052077845331,1936.49,110.38479221546686
430,17.916666666666668,22.84136773031687,28.897736410023782,28.9246775758444,0.026941165820616675,2.575951694428738,0.0,0.0,50.23688543813172,28.706026786036496,31.805837230556403,3.099810444519907,651.8641056507993,682.13,30.26589434920072,65.58932530065465,28.865412697497483,32.619726604044054,3.754313906546571,1030.7728467831078,995.29,0.0,1685.2129041283356,1677.42,0.0
431,17.958333333333332,22.842378888359473,27.883138597328134,27.910828443706222,0.027689846378088134,2.647653214308179,0.0,0.0,50.24342899397126,27.65652353562007,30.72251985805858,3.065996322438508,644.8372614339969,607.84,0.0,65.59711653126165,27.84068552009275,31.184983387406966,3.3442978673142143,918.309178896489,1048.5,130.19082110351098,1565.7940935447941,1656.3400000000001,90.54590645520602
432,18.0,22.843868027069664,26.678260721429677,26.70709001819004,0.02882929676036383,2.7567851150222116,0.0,0.0,50.25125535104372,26.401687053200142,29.546673094482166,3.1449860412820243,661.5533329180076,668.68,7.126667081992309,65.60566934976771,26.6244462051351,28.897630289981716,2.2731840848466156,624.2739337665433,769.53,145.25606623345664,1288.5840517995732,1438.21,149.62594820042682
433,18.041666666666668,22.84466722777934,25.213485043155575,25.243646401066815,0.03016135791123986,2.8842636088202593,0.0,0.0,50.257987741344536,24.881771580174707,27.95447911710644,3.072707536931734,646.4360170720447,640.61,0.0,65.61301167318003,25.14799838570455,26.83166806564174,1.6836696799371893,462.43009218960293,461.25,0.0,1111.7503728704678,1101.8600000000001,0.0
434,18.083333333333332,22.846012410068063,23.582390243106882,23.61285650462684,0.030466261519958238,2.9135924166052223,0.0,0.0,50.26551309917432,23.248204544395435,26.134135201992983,2.885930657597548,607.23281915185,638.36,31.127180848150033,65.62213984284044,23.519713349687525,25.030307042363493,1.5105936926759682,414.9514428276285,447.23,32.27855717237151,1025.0978543960837,1085.5900000000001,60.49214560391647
435,18.125,22.847573173492354,21.92839351447191,21.959243073237822,0.030849558765911667,2.950449989633463,0.0,0.0,50.27383902425101,21.579499161011345,24.329140179493105,2.7496410184817606,578.6517515989176,561.93,0.0,65.63224280400031,21.86249617010843,23.208062052982495,1.345565882874066,369.67615318672296,366.11,0.0,951.278354775274,928.04,0.0
436,18.166666666666668,22.845831376616633,20.212872841621,20.243955622284265,0.031082780663265197,2.9725286886266398,0.0,0.0,50.274744433237096,19.858824711689802,22.72409020996532,2.865265498275516,602.9953538992994,581.63,0.0,65.63319034966224,20.145489768391197,21.48191140817667,1.336421639785474,367.16919603788034,356.98,0.0,973.1370786258065,938.61,0.0
437,18.208333333333332,22.841472295229682,18.505981294890184,18.537009827653844,0.03102853276365991,2.9667746370268513,0.0,0.0,50.27194407855068,18.15852518390026,21.05295706661757,2.89443188271731,609.099492489523,610.73,1.6305075104770594,65.62933173014208,18.439928101891784,19.82581525120628,1.3858871493144953,380.7369914797076,361.21,0.0,992.8032586062575,971.94,0.0
438,18.25,22.838043188509975,16.835010348994786,16.865948777652022,0.030938428657236727,2.957715289028129,0.0,0.0,50.27166267618736,16.497030934969725,19.654246652045266,3.157215717075541,664.3955720347233,594.69,0.0,65.6279459861622,16.769933483113245,18.388510438957464,1.618576955844219,444.653166002427,385.14,0.0,1112.0064533261784,979.83,0.0
439,18.291666666666668,24.07064175285294,15.384836770241604,15.415580757326909,0.030743987085305235,3.0977551115872366,0.0,0.0,53.07305453497537,15.211946819493233,19.54352443250298,4.331577613009747,962.3197697182395,722.74,0.0,69.28529905945138,15.365403788162642,17.316812583970947,1.9514087958083053,565.9637012321863,489.42,0.0,1531.381226062013,1212.16,0.0
440,18.333333333333332,30.845910237058376,15.639382203232788,16.73971656005752,1.1003343568247317,142.07625075852243,0.0,0.0,68.54966809044646,15.857899441242399,20.905861500988266,5.047962059745867,1448.5072139285294,1196.94,0.0,89.49929319553283,15.640912275160787,18.570450715725805,2.929538440565018,1097.534120565317,627.12,0.0,2688.117585252369,1824.06,0.0
441,18.375,36.73750301733325,18.425898137879976,20.24214888933412,1.8162507514541453,279.308830095013,290.33,11.021169904987005,82.09411039630794,18.527600333776533,23.620268092340904,5.092667758564371,1750.0746301613003,1672.55,0.0,107.19125088336602,18.24349522558066,22.28371548034204,4.04022025476138,1812.8572367178424,1568.9,0.0,3842.240696974156,3531.7799999999997,0.0
442,18.416666666666668,37.26447079832171,21.31505645417642,22.970558130306188,1.6555016761297665,258.2401747260494,250.99,0.0,83.29485667339394,21.388577790749814,26.60821945218287,5.219641661433055,1819.9443068602193,1779.32,0.0,108.7628496600435,21.103747173988246,25.73242395108973,4.628676777101482,2107.349927947798,1999.48,0.0,4185.534409534066,4029.79,0.0
443,18.458333333333332,37.78416421626701,24.15169880939211,25.7304798167915,1.5787810073993924,249.70712665759737,247.79,0.0,84.48111377475401,24.236647367703295,29.36248572552253,5.125838357819234,1812.6909292223136,1808.4,0.0,110.31435712348856,23.938468143884933,28.956248217254437,5.017780073369504,2317.089903957663,2147.14,0.0,4379.487959837574,4203.33,0.0
444,18.5,37.240722083271095,27.20022805563504,28.679597629346123,1.4793695737110824,230.6184237665486,233.06,2.4415762334514,83.21015407787446,27.25411204910542,32.31974282593171,5.065630776826293,1764.448886409444,1761.69,0.0,108.65583485031702,26.974349446606865,32.303786410461214,5.329436963854349,2424.0055329606225,2418.37,0.0,4419.072843136615,4413.12,0.0
445,18.541666666666668,34.968833369449,29.56348263625618,31.14226693970266,1.5787843034464828,231.1017145475217,210.85,0.0,77.95206482898477,29.632892925807376,34.87922916834344,5.246336242536067,1711.9180417493608,1714.47,2.5519582506392453,101.7890420869266,29.39850467899886,34.69776655690985,5.299261877910986,2257.956824280889,2359.32,101.36317571911104,4200.9765805777715,4284.64,83.6634194222288
446,18.583333333333332,37.12044667887906,31.964487209298014,33.49933317500087,1.534845965702857,238.49386653707296,236.82,0.0,82.90892386025416,32.06873297324657,36.839126925531886,4.770393952285318,1655.5974464828214,1666.05,10.452553517178558,108.26542054085579,31.779977449778762,36.61115517492791,4.831177725149146,2189.4851572740345,2100.04,0.0,4083.5764702939287,4002.91,0.0
447,18.625,39.06591107292037,35.330565026827955,36.74492324691198,1.4143582200840257,231.28986360012243,221.88,0.0,87.39269869643529,35.383426704696234,39.78638954559414,4.4029628408979065,1610.7175654210375,1586.34,0.0,114.12343275387428,35.06347247217521,39.80667560828038,4.743203136105173,2265.9262726553325,2206.98,0.0,4107.933701676493,4015.2,0.0
448,18.666666666666668,36.49839454185756,38.3292437004974,39.85051921366694,1.5212755131695417,232.42394072900936,221.36,0.0,81.4467722908465,38.37233931016238,43.05318158264417,4.68084227248179,1595.8685247982633,1578.21,0.0,106.35773853138826,38.1054957583863,43.27887159961751,5.173375841231213,2303.2567314236867,2248.68,0.0,4131.549196950959,4048.25,0.0
449,18.708333333333332,32.77277625720172,40.312684638874195,41.78776896506778,1.4750843261935813,202.3621595277992,227.12,24.757840472200797,72.8582113334316,40.3555898529269,45.17330330071445,4.817713447787554,1469.3277952125286,1564.28,94.95220478747137,95.14030426640548,40.177759142798585,45.73324560754895,5.555486464750366,2212.513115521379,2290.42,77.90688447862112,3884.2030702617067,4081.82,197.6169297382935
450,18.75,29.487849263268178,41.32425871711559,42.57144717415836,1.2471884570427676,153.9481252683553,166.12,12.171874731644692,65.32422686661013,41.340463219384176,45.824330011898226,4.48386679251405,1226.1008808518447,1340.66,114.55911914815533,85.29933430319906,41.26034532087102,46.422434909449336,5.1620895885783185,1843.1912639033935,2087.19,243.99873609660654,3223.2402700235934,3593.9700000000003,370.7297299764068
451,18.791666666666668,26.345883937359513,41.48835021246508,42.732346534004634,1.243996321539555,137.19272880640884,132.84,0.0,58.156597772231045,41.43102961264456,45.85308296901425,4.422053356369695,1076.5202270724615,1087.34,10.819772927538452,75.93635891409791,41.46273561805813,46.00032644164184,4.537590823583706,1442.362172861482,1569.08,126.71782713851803,2656.0751287403523,2789.2599999999998,133.18487125964748
452,18.833333333333332,23.760335722304145,40.917699310179174,41.61852685889881,0.7008275487196372,69.70484436250153,134.17,64.46515563749846,52.288834112510905,40.75258819273973,44.969930025962356,4.217341833222626,923.0962491299645,1044.43,121.3337508700356,68.27160754007511,40.89151447357828,45.25896981269259,4.367455339114308,1248.1530020593827,1291.7,43.5469979406173,2240.9540955518487,2470.3,229.3459044481515
453,18.875,22.813837492036505,39.88808208048626,39.915109905423094,0.02702782493683742,2.5811227869811155,0.0,0.0,50.14910092121744,39.66504976195183,43.251808219149275,3.5867584571974476,752.9471718042045,787.97,35.02282819579557,65.47688191088152,39.84921702600026,44.07724814660512,4.228031120604861,1158.84510035579,1184.73,25.88489964421001,1914.3733949469756,1972.7,58.32660505302442
454,18.916666666666668,22.81853588909164,38.778292017422224,38.805630059838116,0.02733804241589155,2.611285830990966,0.0,0.0,50.16285461664106,38.54088636838818,41.82294946762741,3.282063099239231,689.1732200198188,703.96,14.786779980181223,65.49443492447435,38.73872516111518,42.51487285136674,3.7761476902515625,1035.2675352621159,1114.62,79.35246473788402,1727.0520411129255,1818.58,91.52795888707442
455,18.958333333333332,22.82270438980591,37.45770025107443,37.48643740389908,0.028737152824653833,2.7454280508564466,0.0,0.0,50.17637085394283,37.159959507415174,40.188588369246666,3.0286288618314927,636.1280223215864,660.65,24.521977678413577,65.51102973952594,37.40402090842227,40.52283141714429,3.118810508722021,855.2688187212606,937.46,82.19118127873946,1494.1422690937034,1598.1100000000001,103.96773090629677
456,19.0,22.827510706581464,35.892531845370144,35.92224933376978,0.029717488399633396,2.839683127399821,0.0,0.0,50.191269824612974,35.55919499809988,38.605194607408784,3.0459996093089003,639.9665145253819,597.64,0.0,65.52920345649012,35.83374499336063,38.20829609140692,2.3745510980462896,651.3518223028669,754.91,103.55817769713303,1294.1580199556486,1352.55,58.391980044351385
457,19.041666666666668,22.832596241681834,34.189116347440816,34.21940743416167,0.030291086720851013,2.895138703700172,0.0,0.0,50.20679076030829,33.83733184419113,37.046418447111215,3.209086602920088,674.4396951845098,668.74,0.0,65.54829265767592,34.12855093628177,35.94126779255658,1.812716856274811,497.3825920725265,530.02,32.637407927473475,1174.7174259607364,1198.76,24.042574039263627
458,19.083333333333332,22.837583627534787,32.404339968389465,32.43503865878392,0.030698690394451944,2.9347372436562527,0.0,0.0,50.22208524156851,32.04036319510176,35.216168519902546,3.175805324800784,667.6484381573841,665.96,0.0,65.56749307894717,32.341882312070446,33.93422286133612,1.5923405492656713,437.0425864706698,447.97,10.927413529330238,1107.6257618717102,1113.93,6.304238128289853
459,19.125,22.841414809791896,30.583712247980333,30.6145648741704,0.030852626190068122,2.949948010812037,0.0,0.0,50.234520165075196,30.218759284290755,33.37442338382185,3.1556640995310943,663.5784159310248,655.04,0.0,65.58336581468002,30.521349074291415,31.971245787866437,1.449896713575022,398.04300005971214,409.62,11.576999940287863,1064.571364001549,1064.6599999999999,0.08863599845085446
460,19.166666666666668,22.84249901654931,28.763684754418264,28.794676919769934,0.0309921653516696,2.963430588486308,0.0,0.0,50.24245845867654,28.395979702613992,31.64594811252843,3.2499684099144375,683.5168822343961,657.86,0.0,65.5936443601057,28.700003295558652,30.054958656390774,1.3549553608321219,372.03686182054037,370.05,0.0,1058.5171746434228,1027.91,0.0
461,19.208333333333332,22.84410155798421,26.935111115004773,26.9662607762306,0.03114966122582885,2.978699098722921,0.0,0.0,50.252288629997494,26.564427364949115,29.903188197202933,3.3387608322538185,702.3286414154628,695.09,0.0,65.60539104108129,26.869723883871256,28.150169757682843,1.280445873811587,351.6413813534455,357.88,6.238618646554471,1056.9487218676313,1052.97,0.0
462,19.25,22.844579758243174,25.09266764440382,25.123984388372087,0.031316743968265115,2.9947391425014342,0.0,0.0,50.259153150433136,24.71944211359522,28.16460710726763,3.4451649936724102,724.8104001404323,695.33,0.0,65.6137392708466,25.02535851527526,26.504471031210002,1.479112515934741,406.25173104409066,329.22,0.0,1134.0568703270244,1024.5500000000002,0.0
463,19.291666666666668,24.354741788114076,23.514652855894727,23.960869375622813,0.44621651972808607,45.491305268513514,0.0,0.0,53.6855767721358,23.366829206467578,28.087529965285967,4.7207007588183885,1060.8728110223806,740.16,0.0,70.08866915308005,23.507963565236874,25.549669064904098,2.0417054996672235,599.0183634538013,467.46,0.0,1705.3824797446955,1207.62,0.0
464,19.333333333333332,31.307604745905103,23.970082446009187,25.289610452453847,1.31952800644466,172.92893970519353,87.02,0.0,69.56448419580742,24.18827261447169,29.566190951160937,5.377918336689248,1566.0333139716954,1377.63,0.0,90.82972565701678,23.961712384848273,26.864978985660542,2.9032666008122696,1103.8603764919706,715.64,0.0,2842.822630168859,2180.29,0.0
465,19.375,36.7190261302676,26.741550963990587,27.636617822672193,0.8950668586816057,137.57700639630724,255.8,118.22299360369277,82.00409457528973,26.83279389962545,31.98831969398262,5.155525794357171,1769.7329051208455,1711.89,0.0,107.07915910552812,26.552842358320323,30.430586291530545,3.8777439332102226,1738.1341924634721,1477.66,0.0,3645.444103980625,3445.3500000000004,0.0
466,19.416666666666668,37.767205558223594,29.65723879698633,30.438919039961252,0.7816802429749217,123.57858305455002,0.0,0.0,84.41236672697283,29.734611225298,34.9870249753345,5.252413750036499,1855.9412763540993,1778.38,0.0,110.2267981404893,29.43427824962833,33.882921424585746,4.4486431749574145,2052.645675923973,1939.78,0.0,4032.1655353326223,3718.16,0.0
467,19.458333333333332,38.242163324754706,32.792982820021805,34.33603372456104,1.5430509045392355,247.0142053152225,232.0,0.0,85.49694863110464,32.85887617837218,38.27431242867346,5.415436250301283,1938.1317087608306,1880.45,0.0,111.6457594420863,32.54985689483616,37.37246135266268,4.822604457826522,2253.8400894473384,2097.26,0.0,4438.986003523391,4209.71,0.0
468,19.5,38.042845930856544,35.934784317741894,37.509557005907496,1.5747726881656021,250.7783822718921,243.73,0.0,85.02386802195616,35.993467064936745,41.4363335895749,5.442866524638156,1937.170143307495,1940.65,3.479856692505109,111.02921081820195,35.691403653711525,40.78246740396393,5.0910637502524025,2366.1649246800357,2339.32,0.0,4554.113450259423,4523.700000000001,0.0
469,19.541666666666668,37.95781086150332,38.97347760504483,40.506662967770374,1.533185362725547,243.60996301844355,239.81,0.0,84.81494114060357,39.03745717252236,44.31593293312523,5.278475760602873,1874.0454554268015,1879.61,5.564544573198418,110.75748241334384,38.73565970456092,43.83233192464794,5.096672220087015,2362.9743277150756,2322.22,0.0,4480.629746160321,4441.639999999999,0.0
470,19.583333333333332,37.95456419457,42.07713841309915,43.56559007629715,1.4884516631979992,236.48193416690526,229.66,0.0,84.79659024901598,42.13485467428755,47.26747059522611,5.132615920938555,1821.8657858361425,1815.39,0.0,110.73553525958536,41.83294307949508,46.916411029017986,5.083467949522905,2356.385398713421,2334.35,0.0,4414.733118716469,4379.4,0.0
471,19.625,37.942607563972125,45.14592329722349,46.5613381450226,1.4154148477991129,224.80716304155285,225.86,1.052836958447159,84.75956861539804,45.207394890880664,50.530207572407924,5.32281268152726,1888.5528578747512,1776.34,0.0,110.68807496549418,44.9022111809861,49.880789740780294,4.978578559794194,2306.7759928861537,2309.79,3.014007113846219,4420.1360138024575,4311.99,0.0
472,19.666666666666668,36.837034323956985,48.14746448358307,49.55910501313396,1.411640529550887,217.67472357968813,206.38,0.0,82.19797171523929,48.19304108773526,53.753317237309275,5.560276149574015,1913.1837631173366,1950.07,36.8862368826633,107.34227594076708,47.91593626612897,52.5140063074771,4.59807004134813,2066.072731083707,2235.65,169.57726891629318,4196.9312177807315,4392.1,195.1687822192689
473,19.708333333333332,32.654144710990224,50.254222489363066,51.05776094147572,0.8035384521126545,109.83587171120732,213.03,103.19412828879268,72.56276107582055,50.27265504947503,55.704495912273046,5.431840862798019,1649.9092658719774,1829.98,180.07073412802265,94.75657730430733,50.10516748997486,54.699860798829725,4.594693308854865,1822.4898454184352,1839.1,16.610154581564757,3582.23498300162,3882.1099999999997,299.8750169983796
474,19.75,26.834599618130305,50.780446779087875,50.81119193413446,0.03074515504658848,3.4535920137024534,0.0,0.0,59.25464049192242,50.69424021138198,55.70132278178377,5.007082570401792,1241.9563857279065,1439.9,197.94361427209355,77.37247521103623,50.72609076743454,55.7412232950676,5.015132527633057,1624.3070470918299,1757.16,132.8529529081702,2869.7170248334387,3197.0600000000004,327.3429751665617
475,19.791666666666668,23.817780932405324,50.011052618357986,50.03839310683982,0.027340488481833347,2.725880357316649,0.0,0.0,52.40164723300754,49.85105266733212,54.33375441819972,4.482701750867598,983.2954009777498,1029.2,45.904599022250295,68.42092153707242,49.987516407775736,54.85399492519427,4.866478517418535,1393.8080029417667,1464.31,70.5019970582332,2379.8292842768333,2493.51,113.68071572316694
476,19.833333333333332,23.32042805275034,49.3108039587974,49.33634074466814,0.025536785870741596,2.4928834630215477,0.0,0.0,51.27672169979968,49.18154661737947,53.449990732899856,4.2684441155203885,916.1974427172458,922.93,6.732557282754101,66.95201712034849,49.30086953308745,53.84091151796401,4.540041984876559,1272.3973589721568,1304.38,31.98264102784333,2191.0876851524245,2227.31,36.22231484757549
477,19.875,22.777068935596255,48.43461364637978,48.460500273454365,0.025886627074584112,2.4681555545776437,0.0,0.0,50.050731722329026,48.24049674324444,52.31618312888819,4.075686385643749,853.9066854610464,896.08,42.173314538953605,65.35010469308885,48.40291946358903,52.59516036704523,4.192240903456202,1146.810716798798,1223.26,76.44928320120198,2003.185557814422,2119.34,116.15444218557809
478,19.916666666666668,22.78281170782013,47.39106574650537,47.41779291117674,0.02672716467137093,2.5489389533626494,0.0,0.0,50.0661827543378,47.16057157657699,50.8869714000255,3.72639982344851,780.9678486172509,798.38,17.41215138274913,65.36954612330517,47.353006504540666,50.948748905706935,3.5957424011662695,983.9278760279947,1053.16,69.23212397200541,1767.4446635986083,1851.54,84.0953364013917
479,19.958333333333332,22.790582758205208,46.13245536530421,46.16023111494133,0.02777574963712226,2.649844829968433,0.0,0.0,50.086311107810104,45.86014484791425,49.224963223673775,3.3648183757595262,705.4721891963312,750.06,44.58781080366873,65.39492353913018,46.08726642679897,49.08033461335149,2.99306818655252,819.3319133565232,897.31,77.97808664347679,1527.4539473828227,1647.37,119.91605261717723
480,20.0,22.800070875026574,44.60511750183782,44.634726873253754,0.02960937141593689,2.825950880027181,0.0,0.0,50.11162852115726,44.25062693564516,47.22447538323982,2.973848447594662,623.8160910315752,646.92,23.103908968424776,65.42640060617741,44.5435579556202,46.66511419084011,2.1215562352199058,581.0410292127742,723.91,142.86897078722575,1207.6830711243765,1370.83,163.14692887562342
481,20.041666666666668,22.809067104305697,42.62634969743128,42.65801176986231,0.031662072431032584,3.023055253225029,0.0,0.0,50.136528487534726,42.19095287774117,45.212180479742045,3.0212276020008773,634.0695935948909,586.83,0.0,65.45721767192354,42.55041368763353,44.067893523472236,1.5174798358387065,415.79541318346435,420.73,4.9345868165356706,1052.8880620315804,1007.5600000000001,0.0
482,20.083333333333332,22.8152859989027,40.410643429629644,40.4427055345277,0.03206210489805272,3.0620845051970833,0.0,0.0,50.15471823115432,39.97223429405465,43.10779371857469,3.1355594245200393,658.3033342300666,667.7,9.396665769933406,65.48060410588255,40.34034347936034,41.6842937987551,1.3439503193947573,368.37921346627087,394.68,26.300786533729138,1029.7446322015346,1062.38,32.635367798465495
483,20.125,22.822051624141466,38.24714651804301,38.27864280330238,0.031496285259372314,3.0089380243897264,0.0,0.0,50.17366756878166,37.844595654040006,40.71617236240793,2.8715767083679253,603.1085621961213,634.58,31.471437803878757,65.50555222504312,38.18679616836247,39.41839142251252,1.2315952541500508,337.7111058301621,325.79,0.0,943.8286060506732,960.3700000000001,16.541393949326903
484,20.166666666666668,22.829290812289628,36.189752067525006,36.221646559326544,0.03189449180153758,3.0479464395183884,0.0,0.0,50.195752516650195,35.76402376262996,38.65173608909565,2.8877123264656888,606.7644392640183,557.31,0.0,65.53350847782211,36.120730971809955,37.36789898707843,1.2471680152684783,342.1272038080086,333.74,0.0,951.9395895115451,891.05,0.0
485,20.208333333333332,22.834032886863547,33.998598016376185,34.03082404037661,0.032226024000422626,3.0802684844359782,0.0,0.0,50.21214476701886,33.57006205353312,37.64396698208568,4.073904928552558,856.2860839095675,642.42,0.0,65.55370682002197,33.927260230878396,35.18817317022283,1.2609129393444363,346.0043667955818,334.41,0.0,1205.3707191895853,976.8299999999999,0.0
486,20.25,22.839299728525955,31.97540165181984,32.00657524145086,0.03117358963102035,2.9803606588264016,0.0,0.0,50.22834512432088,31.600132784996735,36.22944758232244,4.6293147973257085,973.3405300840365,1056.93,83.5894699159636,65.57465668548075,31.917498294261872,33.464191395944404,1.546693101682532,424.56031622269137,341.41,0.0,1400.8812069655542,1398.3400000000001,0.0
487,20.291666666666668,23.94166102378588,30.215616188999622,30.246494013946684,0.030877824947062038,3.0945692258918247,0.0,0.0,52.72788312027667,29.98787951870773,35.44552362759552,5.457644108887791,1204.6053065895114,873.33,0.0,68.83964875754054,30.194897397923505,32.27210395023595,2.0772065523124468,598.5735933513998,491.88,0.0,1806.273469166803,1365.21,0.0
488,20.333333333333332,30.035429718419522,30.144560248365842,30.178265628184963,0.03370537981912136,4.237720402163734,0.0,0.0,66.62028507964938,30.33960796805191,36.6459002769758,6.30629230892389,1758.6515860678358,1529.44,0.0,86.98715690309153,30.15918387143023,32.917236300192236,2.7580524287620065,1004.2847733930805,689.32,0.0,2767.17407986308,2218.76,0.0
489,20.375,35.24080218498831,32.55922757576982,32.60495101872876,0.045723442958944815,6.745030764518179,0.0,0.0,78.56510474838974,32.66151030030278,38.96625429233476,6.30474399203198,2073.463402802208,1950.63,0.0,102.58994624179127,32.40300313750713,36.11281534382204,3.709812206314915,1593.1473741271684,1302.53,0.0,3673.3558076938943,3253.16,0.0
490,20.416666666666668,36.80048663939715,35.21045847297652,35.25997199279241,0.04951351981588914,7.62740111996509,0.0,0.0,82.15558283273946,35.29452200051764,41.69013245621689,6.395610455699249,2199.471347684536,2152.17,0.0,107.28141996582096,35.01070017325165,39.28443339352717,4.273733220275524,1919.2482170323199,1833.98,0.0,4126.346965836821,3986.15,0.0
491,20.458333333333332,37.42388384527889,38.12724473812857,38.178123002498225,0.0508782643696577,7.970404603697465,0.0,0.0,83.5848080737556,38.194570993245556,44.48902496096685,6.294453967721296,2202.341362473015,2195.7,0.0,109.14938596671044,37.902524953129856,42.31423384019215,4.4117088870622965,2015.7068331390483,1941.99,0.0,4226.018600215761,4137.69,0.0
492,20.5,37.6986025993107,41.09234333339204,41.14338218716446,0.05103885377242534,8.054255246545296,0.0,0.0,84.20898368678958,41.16009429652459,47.5323489310645,6.372254634539907,2246.2121483738165,2156.56,0.0,109.9666715140426,40.85998050294937,45.42152618719989,4.561545684250518,2099.7729306543692,2024.09,0.0,4354.039334274731,4180.65,0.0
493,20.541666666666668,37.85835998252432,44.18939285954431,44.240542201016375,0.05114934147206185,8.10589674318473,0.0,0.0,84.56869669987826,44.2475030530931,50.82611931732826,6.5786162642351655,2328.8601848811877,2283.48,0.0,110.43771536181791,43.94519309552803,48.568726419772815,4.623533324244782,2137.4237459598617,2109.36,0.0,4474.389827584234,4392.84,0.0
494,20.583333333333332,37.476093148681166,47.19819235629546,47.24803984387855,0.04984748758309365,7.819820921914847,0.0,0.0,83.67671330439408,47.25547458969628,53.74139807624542,6.48592348654914,2271.829101771101,2321.2,49.37089822889902,109.27350562649644,46.96182001015399,51.54581693269716,4.5839969225431645,2096.806804941821,2098.59,1.7831950581789897,4376.455727634837,4419.79,43.33427236516309
495,20.625,36.946132898728415,50.074491283109886,50.325574542509585,0.25108325939969944,38.83166119920824,0.0,0.0,82.4441314865763,50.1326748405276,56.08843117462025,5.955756334092648,2055.397824685425,2172.56,117.16217531457505,107.66473699660952,49.84969437017417,54.5013054858257,4.6516111156515265,2096.4094441606535,2031.5,0.0,4190.6389300452865,4204.0599999999995,13.421069954712948
496,20.666666666666668,36.131827701355135,52.7769441841965,53.0312648593079,0.25432067511140133,38.46545042747713,62.87,24.404549572522868,80.55815398478173,52.838139940703066,58.739367617702996,5.90122767699993,1989.9909450820253,1892.48,0.0,105.20233077051545,52.56868451669436,57.37192211853171,4.8032376018373455,2115.2351569496427,2102.31,0.0,4143.691552459145,4057.66,0.0
497,20.708333333333332,32.25831655543134,54.894218681719146,54.932779392104024,0.038560710384878405,5.2069804787996405,0.0,0.0,71.64775867594852,54.898094320386306,60.671176578977374,5.773082258591067,1731.4485011529978,2044.71,313.26149884700226,93.56274843977104,54.742545505127744,59.84417479888739,5.101629293759643,1998.0718102135713,2073.27,75.19818978642866,3734.7272918453687,4117.98,383.2527081546309
498,20.75,27.94650046771453,55.36609018292294,55.39725586590997,0.031165682987030152,3.645887846691028,0.0,0.0,61.774035945944746,55.361006237014756,60.20379071170076,4.842784474686006,1252.276820523361,1396.11,143.83317947663886,80.66491400630782,55.330323090480235,60.4018185932781,5.071495502797866,1712.4580597089484,1873.73,161.27194029105158,2968.3807680790005,3269.84,301.4592319209996
499,20.791666666666668,25.406183692242838,55.3768839556814,55.404974929484034,0.028090973802633812,2.987483068032191,0.0,0.0,55.99706896490146,55.28328858472312,59.55734356637758,4.274054981654466,1001.8544328614954,1088.82,86.96556713850453,73.1184652658418,55.35190033188185,59.93359277464608,4.581692442764229,1402.3364544108197,1525.48,123.14354558918035,2407.178370340347,2614.3,207.12162965965308
500,20.833333333333332,23.01495435984086,54.47981653365701,54.50631882041987,0.026502286762863037,2.553246180286669,0.0,0.0,50.57979107443041,54.271275957645805,58.18740783756022,3.916131879914417,829.1508758328641,899.25,70.09912416713587,66.04175729310009,54.4462162687462,58.80017024266151,4.35395397391531,1203.6540419621538,1259.04,55.385958037846194,2035.3581639753047,2158.29,122.93183602469526
501,20.875,22.7554467733755,53.43848113834661,53.464642675624056,0.026161537277445746,2.491998925345329,0.0,0.0,49.99438074369221,53.221352806709874,56.574387537398216,3.353034730688343,701.7112983563771,746.42,44.70870164362282,65.27682058289416,53.40746715402034,57.24892041408339,3.841453260063055,1049.6723820124955,1131.91,82.23761798750456,1753.8756792942181,1878.33,124.45432070578181
502,20.916666666666668,22.765863162939915,52.078747828296116,52.107601848558694,0.028854020262578217,2.749727629915936,0.0,0.0,50.02195027923668,51.73705166097934,54.800659285441185,3.063607624461845,641.4945719211445,644.48,2.9854280788555343,65.31088841462844,52.01858502998051,55.23702378333357,3.2184387533530625,879.8934086960886,951.1,71.20659130391141,1524.137708247149,1595.58,71.4422917528509
503,20.958333333333332,22.77438604739784,50.17052089886365,50.20118249913071,0.03066160026705944,2.923080121816253,0.0,0.0,50.04498817221451,49.76757399408612,52.94731036657544,3.179736372489316,666.1176322702221,625.95,0.0,65.33995058018165,50.104113723944124,52.93851053066841,2.8343968067242855,775.244467697292,792.28,17.03553230270802,1444.2851800893304,1418.23,0.0
504,21.0,22.784532176931314,48.13412480900577,48.16487012317247,0.03074531416670112,2.932366673269573,0.0,0.0,50.07124862169581,47.739264929400996,50.97750716632909,3.2382422369280945,678.7298953485175,693.7,14.97010465148253,65.37391373331738,48.076490609800366,50.313268581856,2.2367779720556342,612.105929757548,742.02,129.914070242452,1293.7681917793352,1435.72,141.95180822066482
505,21.041666666666668,22.794387301436995,46.01120839422113,46.04302239640263,0.031814002181498324,3.0356063571794305,0.0,0.0,50.09804318326975,45.56904836108809,48.722383636135326,3.153335275047233,661.2872295037762,649.97,0.0,65.40760825135143,45.94206523710212,47.60923847730874,1.6671732402066226,456.4657781682422,464.84,8.37422183175778,1120.7886140291978,1114.81,0.0
506,21.083333333333332,22.80451922003977,43.72043571722896,43.7526769088826,0.03224119165363959,3.0777350456717274,0.0,0.0,50.124838625521505,43.269649516112096,46.333475051534265,3.0638255354221684,642.8597616195534,658.57,15.71023838044664,65.4418881410945,43.651291503265334,45.153610766693994,1.5023192634286602,411.54495406728824,431.78,20.235045932711728,1057.4824507325134,1090.35,32.86754926748654
507,21.125,22.81471104151765,41.39844565468433,41.43108217631364,0.03263652162930697,3.116865504220873,0.0,0.0,50.152077617871804,40.93297321161052,43.765641729589944,2.832668517979421,594.6807888341928,612.84,18.159211165807278,65.47679596871312,41.326107563613995,42.658294377683845,1.3321868140698498,365.13357917261953,374.95,9.816420827380455,962.9312335110332,987.79,24.858766488966808
508,21.166666666666668,22.821499355546912,38.98517873499607,39.018367754879954,0.033189019883884896,3.1705734980010356,0.0,0.0,50.172501287744986,38.50084129957101,41.299382137522365,2.798540837951357,587.7553968297269,562.23,0.0,65.50359624607087,38.90769306360931,40.15766718009427,1.2499741164849638,342.74047014811515,339.07,0.0,933.6664404758432,901.3,0.0
509,21.208333333333332,22.827689234828238,36.56543231961078,36.598280538673094,0.032848219062316275,3.1388676489094816,0.0,0.0,50.19252426215475,36.108169298348244,40.0570155810888,3.948846282740554,829.6759281067388,599.24,0.0,65.52852262624714,36.494281507772186,37.674156607187484,1.1798750994152982,323.6425664122855,330.14,6.497433587714511,1156.4573621679338,929.38,0.0
510,21.25,22.834454719836415,34.35579960954632,34.387859788240746,0.03206017869442945,3.064473060790907,0.0,0.0,50.212859000810425,33.934775308685296,38.250674263134385,4.315898954449089,907.1632370190275,1047.09,139.9267629809724,65.55469835548566,34.29142731075093,35.654603791039314,1.3631764802883808,374.0719397549209,300.86,0.0,1284.2996498347393,1347.9499999999998,63.650350165260534
511,21.291666666666668,22.94763347659581,32.198030316994085,32.23014042292651,0.032110105932424915,3.08445804250855,0.0,0.0,50.473931018713614,31.7964104181228,36.94814118166093,5.151730763538129,1088.4776399357938,750.38,0.0,65.89526652027355,32.133657492569625,34.13094084619158,1.9972833536219525,550.9258181297342,431.47,0.0,1642.4879161080366,1181.85,0.0
512,21.333333333333332,29.43805018281852,31.447761425437882,32.675209079940714,1.227447654502832,151.25552441105597,0.0,0.0,65.25436354494492,31.6282124898428,37.93367283514267,6.305460345299874,1722.3665438761482,1414.55,0.0,85.20377022401136,31.46628921284451,34.310902786165265,2.8446135733207534,1014.568360146884,654.35,0.0,2888.190428434088,2068.9,0.0
513,21.375,35.26445667440786,34.009574877390016,35.976828836199616,1.9672539588096,290.4001584036217,312.83,22.42984159637831,78.6136741910243,34.10324530763339,40.46831156509086,6.365066257457471,2094.5958914362323,1994.27,0.0,102.65398596860567,33.84516257901631,37.589239932198886,3.7440773531825755,1608.8659266346033,1364.69,0.0,3993.861976474457,3671.79,0.0
514,21.416666666666668,35.0417027203177,36.39221715606319,38.09771461365908,1.7054974575958894,250.17015708860708,252.4,2.2298429113929217,78.09292994728354,36.46234595396488,42.8759542185598,6.41360826459492,2096.5893313957567,2150.4,53.81066860424335,101.97523448970983,36.221482671388955,40.61219524580243,4.390712574413477,1874.2561510605356,1801.39,0.0,4221.015639544899,4204.1900000000005,0.0
515,21.458333333333332,34.800235261595176,38.52647905342037,40.043736976088034,1.5172579226676675,221.02470412042786,233.52,12.495295879572154,77.52806880264909,38.61192721734119,44.71520642129575,6.103279203954557,1980.7124338924145,1998.7,17.987566107585508,101.23813661926782,38.37472494925036,42.709943866250065,4.3352189169997075,1837.1913841834216,1891.39,54.19861581657847,4038.928522196264,4123.610000000001,84.68147780373647
516,21.5,35.753528051719094,40.922664873807655,42.40206071095757,1.4793958371499158,221.41269567728716,194.1,0.0,79.71677350260953,41.008338834656655,47.138802212900934,6.130463378244279,2045.7013838278212,1919.0,0.0,104.09865765413316,40.7446663846503,45.05505217017774,4.310385785527437,1878.2806965889945,1728.19,0.0,4145.394776094103,3841.29,0.0
517,21.541666666666668,36.007237341105196,43.53087274802987,45.06861891462198,1.5377461665921075,231.77878312492615,234.38,2.6012168750738454,80.29464936446377,43.60198239290461,50.06754657066158,6.465564177756967,2173.1627731846693,2128.2,0.0,104.8543972050332,43.33543771484711,47.87966848541053,4.544230770563416,1994.5560723786484,1973.08,0.0,4399.497628688244,4335.66,0.0
518,21.583333333333332,35.56036992030019,46.01935920190216,47.376657896069915,1.3572986941677527,202.0416587479746,214.09,12.04834125202541,79.257397434067,46.08738332231173,52.357027576054946,6.269644253743216,2080.0890632249425,2171.84,91.75093677505765,103.50041139357577,45.83394945398998,50.43181116414837,4.597861710158391,1992.0361017356354,1958.11,0.0,4274.166823708552,4344.04,69.87317629144763
519,21.625,35.328447361122315,48.38660012364931,49.729700395077856,1.343100271428547,198.62422334610633,175.53,0.0,78.71576263835641,48.46194356845884,54.41408508871606,5.952141520257214,1961.2555251862068,1944.86,0.0,102.79363329493674,48.209913432847145,52.86573723459477,4.655823801747623,2003.3737405393927,1970.52,0.0,4163.253489071705,4090.91,0.0
520,21.666666666666668,34.040717253157894,50.642204617092936,51.54318277516103,0.9009781580680922,128.38438026806014,208.04,79.65561973193985,75.7458010852358,50.696711990657455,56.65905974184893,5.962347751191473,1890.4930691088812,1936.66,46.16693089111891,98.91504129486088,50.47972718149441,55.302677022103424,4.822949840609013,1996.9827151598533,1983.5,0.0,4015.8601645367944,4128.200000000001,112.33983546320633
521,21.708333333333332,29.49919776405525,51.95431413309539,52.136908862234556,0.18259472913916852,22.547462134954117,37.61,15.062537865045883,65.33207880137145,51.930334151528996,57.336907838387816,5.40657368685882,1478.5902144780098,1807.76,329.1697855219902,85.31181268864512,51.8616456537941,57.068152091123984,5.206506437329885,1859.3228371363793,1962.28,102.95716286362062,3360.460513749343,3807.6499999999996,447.1894862506565
522,21.75,24.608094730144142,51.62823584997871,51.656629430892394,0.028393580913686378,2.924808134174502,0.0,0.0,54.19152807389114,51.47231569832745,55.96271696309981,4.490401264772359,1018.6283821655386,1136.31,117.68161783446135,70.75890789535232,51.59623542607468,56.75492948917258,5.158694063097904,1527.9886140853962,1717.91,189.9213859146039,2549.5418043851096,2854.2200000000003,304.6781956148907
523,21.791666666666668,22.998807252400002,50.67061401983945,50.69666889550284,0.02605487566339093,2.5083812312566716,0.0,0.0,50.54785082008486,50.493846599035344,54.78323625204624,4.289389653010893,907.6061268203082,887.67,0.0,65.99979606284911,50.64765988229276,55.6926284015168,5.044968519224042,1393.7994158238068,1321.54,0.0,2303.9139238753714,2209.21,0.0
524,21.833333333333332,22.823491381645855,49.86318679367402,49.88814517092348,0.024958377249461705,2.3845017715096706,0.0,0.0,50.15227476338492,49.714561876759134,53.74882083445445,4.0342589576953145,846.9419259025439,915.02,68.07807409745612,65.48358232898346,49.8465683559863,54.63185069058378,4.785282334597483,1311.714200829036,1449.54,137.82579917096405,2161.0406285030895,2364.56,203.51937149691048
525,21.875,22.777242403563207,48.87782216393911,48.90480529622233,0.026983132283220357,2.57272122942624,0.0,0.0,50.05129461109647,48.62706694523387,52.32270681759837,3.6956398723645023,774.2909502781736,765.96,0.0,65.35033007755146,48.83281524828743,52.74843733465095,3.91562208636352,1071.143801630549,1156.77,85.626198369451,1848.0074731381487,1922.73,74.72252686185129
526,21.916666666666668,22.78342605574586,47.50977864901645,47.53795637785124,0.028177728834791083,2.687350052751978,0.0,0.0,50.068364702506194,47.21801945761688,50.67470197265654,3.4566825150396596,724.4728652883515,769.79,45.317134711648464,65.3717368889461,47.460870889716574,50.86891181294614,3.4080409232295636,932.597075304959,968.38,35.78292469504095,1659.7572906460625,1738.17,78.41270935393754
527,21.958333333333332,22.79177236497023,45.98338689196826,46.01222301057508,0.028836118606818673,2.751149087422291,0.0,0.0,50.089940655494736,45.66888401895515,48.640236217565445,2.9713521986102975,623.0227042647177,665.3,42.27729573528222,65.39923259524632,45.93359553332382,48.86089529060563,2.9272997572818156,801.3810581425878,879.58,78.19894185741225,1427.154911494728,1544.88,117.7250885052722
528,22.0,22.800930133001877,44.280424867016414,44.3104737554975,0.030048888481083225,2.868006952196841,0.0,0.0,50.11431375155041,43.91408586175811,46.8417206288564,2.92763476709829,614.1548808251496,566.92,0.0,65.42978471764096,44.22015634137788,46.555291204522156,2.335134863144276,639.5679366058389,705.6,66.03206339416113,1256.5908243831855,1272.52,15.929175616814518
529,22.041666666666668,22.80983579114375,42.32927409983713,42.36047641805352,0.031202318216394076,2.9792588936721756,0.0,0.0,50.13849082877294,41.918166165104324,44.78789922897092,2.8697330638665974,602.298779406896,648.18,45.88122059310399,65.46015116390946,42.26142459992023,44.099098631250996,1.8376740313307636,503.5524416214586,556.38,52.82755837854137,1108.8304799220268,1204.56,95.72952007797312
530,22.083333333333332,22.816973634619142,40.17725982356512,40.20926036334674,0.03200053978162032,3.056430807846538,0.0,0.0,50.15863410226058,39.73986030750313,42.480058203877164,2.7401978963740348,575.3430271673112,542.11,0.0,65.48597858431894,40.105893576186176,41.558739353328676,1.4528457771424996,398.2603408984663,433.92,35.65965910153369,976.659798873624,976.03,0.0
531,22.125,22.82318095562889,37.980946278094045,38.01294060924538,0.03199433115133843,3.0566691458376094,0.0,0.0,50.17767700050666,37.552702414938715,40.51535141509861,2.9626490001598924,622.2859234784253,594.96,0.0,65.51043592431131,37.91360311534242,39.14606865168601,1.2324655363435895,337.9749381360807,346.12,8.145061863919295,963.3175307603436,941.08,0.0
532,22.166666666666668,22.829348485972144,35.81914587557695,35.85118376934134,0.03203789376438948,3.0616581549349124,0.0,0.0,50.196881014142015,35.39317159779395,38.5976533255507,3.2044817277567503,673.338979768828,635.64,0.0,65.53466399038703,35.7510299095479,36.94068005993239,1.1896501503844874,326.3544695403534,313.67,0.0,1002.7551074641163,949.31,0.0
533,22.208333333333332,22.83557741419659,33.682601108427946,33.71462890877388,0.03202780034593644,3.0615286932665833,0.0,0.0,50.21588164269457,33.2617176488849,36.73081658969726,3.4690989408123656,729.2173655727887,696.88,0.0,65.55873830936594,33.61412268319709,34.732557559958565,1.1184348767614765,306.9308289754056,323.01,16.079171024594416,1039.2097232414608,1019.89,0.0
534,22.25,22.840119242296005,31.563928150431536,31.596084711711697,0.032156561280160645,3.07444827933963,0.0,0.0,50.23107954942907,31.14118997735943,34.76771137241486,3.626521395055427,762.5388584819314,747.08,0.0,65.57803041450863,31.493007989553597,32.78024919821728,1.28724120866368,353.360114752878,274.62,0.0,1118.973421514149,1021.7,0.0
535,22.291666666666668,22.841088636583233,29.529701973312456,29.56094954384709,0.031247570534635116,2.9876676192942138,0.0,0.0,50.23769540037243,29.159517809686925,33.41417739753982,4.254659587852892,894.7336080149807,763.17,0.0,65.58727399301182,29.47047754065184,31.132932597385725,1.6624550567338865,456.4242577554093,416.32,0.0,1354.1455333896843,1179.49,0.0
536,22.333333333333332,22.84101205189043,27.851469776192996,28.57251656430808,0.7210467881150855,68.94106904743454,0.0,0.0,50.24229615488196,27.575484001970775,32.94594903633283,5.370465034362052,1129.4853350061555,1012.34,0.0,65.59378133710813,27.81208102316141,30.577330340722092,2.7652493175606807,759.2699039032824,480.26,0.0,1957.6963079568723,1492.6,0.0
537,22.375,23.701059958945276,26.814259410376167,27.88867775696854,1.074418346592374,106.59587739387207,133.34,26.74412260612793,52.19172218581461,26.749641834262597,32.96209326254957,6.212451428286975,1357.262524413156,1232.13,0.0,68.14104034786466,26.822777227030763,30.827230626465546,4.004453399434784,1142.2238600912551,1023.15,0.0,2606.082261898283,2388.62,0.0
538,22.416666666666668,25.130364443151468,26.696071019313557,27.786232463727384,1.0901614444138268,114.68030231836599,72.74,0.0,55.4354996171297,26.7126320240647,32.97286754219261,6.26023551812791,1452.7064414355937,1468.04,15.333558564406303,72.37813777174277,26.709551130500554,31.286495756308376,4.576944625807823,1386.699270339691,1244.16,0.0,2954.086014093651,2784.94,0.0
539,22.458333333333332,25.419449866594345,26.685966695849483,28.21635694914599,1.5303902532965061,162.84242544749975,151.71,0.0,56.09316897643214,26.658841890385816,32.555210658971006,5.896368768585191,1384.5027965355755,1416.78,32.277203464424474,73.2372288951272,26.68087975001444,31.645991363499842,4.965111613485401,1522.159431831902,1508.66,0.0,3069.5046538149772,3077.15,7.645346185022845
540,22.5,25.537313344534976,26.481774349583034,28.225828748204925,1.7440543986218913,186.43800891224603,167.39,0.0,56.36159842480809,26.46787383586328,32.15466715398199,5.68679331811871,1341.6831628884026,1332.65,0.0,73.5879645524266,26.483566605204015,31.56685398188082,5.083287376676804,1565.8518765977133,1511.37,0.0,3093.973048398362,3011.41,0.0
541,22.541666666666668,25.861452899587086,26.47821507419288,28.251289369946385,1.7730742957535028,191.9460051423912,199.01,7.0639948576088045,57.09880246114175,26.476500990492305,32.23093033700675,5.754429346514442,1375.3983086960804,1330.86,0.0,74.55077014003595,26.47852814978797,31.527236760166623,5.048708610378654,1575.5480918770802,1596.02,20.471908122919785,3142.892405715552,3125.89,0.0
542,22.583333333333332,25.714920272121507,26.412943533300073,28.027216227588656,1.6142726942885837,173.76460073975827,177.74,3.975399260241744,56.76602849767441,26.398893963734505,32.320514768824346,5.921620805089841,1407.1109040361987,1400.04,0.0,74.1161497159126,26.41119195014617,31.67843371666512,5.26724176651895,1634.1628257893499,1529.6,0.0,3215.0383305653068,3107.38,0.0
543,22.625,25.071880317552907,26.275243981723342,27.935580967184855,1.6603369854615124,174.25384599984181,162.78,0.0,55.305672659601306,26.223564710395504,32.18129756809258,5.957732857697078,1379.2720276037155,1394.15,14.877972396284576,72.20888098720808,26.267430877983777,31.807177044215507,5.53974616623173,1674.4789965877958,1713.92,39.44100341220428,3228.004870191353,3270.8500000000004,42.84512980864747
544,22.666666666666668,24.295656893849365,25.830829804266116,27.58541331942507,1.7545835151589522,178.44398549174272,179.14,0.6960145082572637,53.54469248336127,25.73385909799771,31.141517300469996,5.4076582024722875,1212.062141590229,1345.26,133.19785840977102,69.90892980037637,25.817988413049065,31.336088517183338,5.518100104134273,1614.8100831884049,1610.92,0.0,3005.3162102703764,3135.32,130.0037897296238
545,22.708333333333332,23.487456579401048,25.209661610399255,26.11069954704461,0.9010379366453556,88.58869228428688,171.37,82.78130771571313,51.714604781829564,25.055806206193548,29.623189178468447,4.567382972274899,988.7348965793302,1061.13,72.3951034206699,67.5188290517255,25.18540171456638,30.59017412355417,5.404772408987789,1527.5714635920594,1596.25,68.67853640794056,2604.8950524556767,2828.75,223.8549475443233
546,22.75,22.845145471592293,24.276714765295385,24.30432891393141,0.02761414863602596,2.640734929792278,0.0,0.0,50.262442392602985,24.065667515306902,27.7979912046081,3.7323236893011966,785.2756187190685,901.43,116.15438128093149,65.62181991615364,24.234914696428184,28.986269174220325,4.751354477792141,1305.163521787249,1438.6,133.4364782127509,2093.07987543611,2340.0299999999997,246.95012456388986
547,22.791666666666668,22.84645643192907,23.20154288073157,23.22991299978595,0.028370119054379472,2.7131838999217663,0.0,0.0,50.268358331567384,22.955034766409188,26.290000897442425,3.3349661310332372,701.7547386783847,654.07,0.0,65.62853921314377,23.152459629003346,27.297578674169376,4.14511904516603,1138.7515192458934,1151.84,13.088480754106513,1843.2194418241997,1805.9099999999999,0.0
548,22.833333333333332,22.847700641125098,21.986040823040238,22.014696735775836,0.028655912735597866,2.74066510225987,0.0,0.0,50.27447988729357,21.73575349277423,24.993254027595444,3.257500534821215,685.5376414753224,736.04,50.50235852467756,65.63619412355908,21.937882969861594,26.225040029532458,4.287157059670864,1177.9097292062286,1107.08,0.0,1866.1880357838108,1843.12,0.0
549,22.875,22.84853198075415,20.748710330833447,20.77780400955447,0.029093678721022087,2.782634494637519,0.0,0.0,50.28048692656326,20.47837623422246,23.5951174400221,3.1167412057996415,655.993357180774,620.72,0.0,65.64328732791213,20.696293397630846,24.68302270564058,3.9867293080097355,1095.4846451055237,1230.58,135.09535489447626,1754.260636780935,1851.3,97.03936321906485
550,22.916666666666668,22.844283402668413,19.344833891212126,19.37495028871419,0.030116397502062853,2.8799157570646,0.0,0.0,50.27654202196989,19.028622482214704,22.290104229980198,3.261481747765494,686.4036370727266,677.73,0.0,65.63737997777783,19.280387940532208,22.533090387397063,3.2527024468648555,893.7062549995348,940.83,47.12374500046519,1582.989807829326,1618.56,35.57019217067386
551,22.958333333333332,22.840860957937377,17.80601066799905,17.836410880962585,0.03040021296353501,2.906620418522027,0.0,0.0,50.27539035880035,17.486534212368,20.793854663301502,3.307320450933503,696.0347966177943,681.66,0.0,65.6349839914946,17.74267505220016,20.68351584114618,2.9408407889460193,807.9902515033705,828.84,20.84974849662956,1506.9316685396868,1510.5,3.568331460313175
552,23.0,22.83824430221125,16.259025438597153,16.289762445614834,0.030737007017680895,2.938485246776587,0.0,0.0,50.27600323629859,15.92558022364402,19.082282918337015,3.156702694692994,664.3449690280314,698.07,33.725030971968636,65.63453527702625,16.19252391619501,18.6878440662077,2.495320150012688,685.5796408388364,771.24,85.66035916116357,1352.8630951136445,1469.31,116.44690488635547
553,23.041666666666668,22.834732711309965,14.560807761396653,14.592735584733639,0.03192782333698574,3.0518590238394183,0.0,0.0,50.274846969471206,14.173675026438417,16.995078210206586,2.821403183768169,593.7657372868752,618.25,24.48426271312485,65.63153614903402,14.479269723200844,16.413604281738955,1.9343345585381115,531.426716833641,584.06,52.63328316635898,1128.2443131443556,1202.31,74.06568685564434
554,23.083333333333332,22.830384935930635,12.62537808457442,12.65851313183573,0.033135047261309225,3.1666499097791205,0.0,0.0,50.27283971169692,12.189246962490952,14.851115050891433,2.6618680884004817,560.169129167336,556.73,0.0,65.62744907618762,12.5315745315097,14.082698281695103,1.551123750185404,426.11929056089645,462.91,36.79070943910358,989.4550696380115,1019.6400000000001,30.184930361988563
555,23.125,22.827127040973057,10.74196493643511,10.772941783745042,0.030976847309931443,2.9599726272608273,0.0,0.0,50.272666700344935,10.437192585136199,13.03721481037456,2.6000222252383622,547.1522724097683,551.09,3.9377275902317024,65.62668565073145,10.684864182909529,12.108367245856533,1.4235030629470042,391.0552327139927,373.29,0.0,941.1674777510219,924.3800000000001,0.0
556,23.166666666666668,22.82222979533861,9.544747072855458,9.572905092174135,0.028158019318677674,2.690044104359658,0.0,0.0,50.26824800888451,9.363324283357615,11.924374260833567,2.5610499774759514,538.903527873786,531.22,0.0,65.62135132522013,9.517408022909963,10.89622853330049,1.3788205103905273,378.74955262060115,393.61,14.860447379398863,920.3431245987467,924.83,4.4868754012533145
557,23.208333333333332,22.818761206803902,8.763543671611739,8.790512718206587,0.026969046594848223,2.5760653804575178,0.0,0.0,50.26670804238757,8.630638304897108,12.104523535257792,3.4738852303606844,730.9625626736096,536.12,0.0,65.61825901767321,8.740922766219743,10.128627142980493,1.38770437676075,381.17190755055236,349.92,0.0,1114.7105356046195,886.04,0.0
558,23.25,22.813901269495126,8.16571805427435,8.192326659387227,0.02660860511287666,2.5410949325899375,0.0,0.0,50.26025046908217,8.044120898023685,12.178100778592336,4.133979880568651,869.7455816731713,918.48,48.734418326828745,65.60883979052926,8.141664630633914,9.61130543081767,1.4696408001837558,403.62009680797695,400.62,0.0,1275.9067734137382,1319.1,43.193226586261744
559,23.291666666666668,22.808495653520907,7.59541380721286,7.621710449670697,0.02629664245783747,2.510707775874648,0.0,0.0,50.24895519956846,7.4947010159192,11.549759606195613,4.0550585902764125,852.9496468205017,812.33,0.0,65.59374189158811,7.574129554828966,9.185162166637413,1.6110326118084473,442.34992953270574,395.1,0.0,1297.810284129082,1207.43,0.0
560,23.333333333333332,22.80745960778342,7.2387036989632545,8.46789581831588,1.229192119352625,117.35346187725814,0.0,0.0,50.246064778879294,7.191252796512936,11.466236302199151,4.274983505686215,899.1573968782955,886.76,0.0,65.59062650506908,7.23200524538851,9.488148245177648,2.2561429997891373,619.4519522732442,478.78,0.0,1635.9628110287977,1365.54,0.0
561,23.375,23.474397617664494,7.0706028429860615,9.159899371934493,2.0892965289484318,205.30227565485103,233.05,27.74772434514898,51.758667519060204,7.062595034822186,11.872453283178347,4.809858248356161,1042.112460385532,905.14,0.0,67.5667056257857,7.071667770465646,10.168037811638397,3.0963700411727517,875.7594356146435,751.56,0.0,2123.1741716550264,1889.75,0.0
562,23.416666666666668,23.868193598564854,7.074319509001339,8.671192790570306,1.5968732815689668,159.5472159459113,172.7,13.152784054088698,52.65347712627344,7.077757203297369,11.90138518462143,4.823627981324061,1063.1635684391315,1175.09,111.92643156086842,68.7360019347216,7.076045032499676,10.848637247709867,3.7725922152101905,1085.4838236938836,993.34,0.0,2308.1946080789266,2341.13,32.93539192107346
563,23.458333333333332,23.21257792132534,7.066816700703087,8.48624951979689,1.419432819093804,137.92323692382374,142.18,4.25676307617627,51.16595903648039,7.062648820331746,11.62816699037313,4.565518170041384,977.8458981889452,943.46,0.0,66.79427191076039,7.064982465194646,11.259930331057262,4.194947865862616,1172.9108724586902,1167.75,0.0,2288.680007571459,2253.3900000000003,0.0
564,23.5,23.21693273417366,7.070760119819107,8.378939356957002,1.308179237137895,127.13681255112688,129.81,2.673187448873122,51.17630019451758,7.074492588372832,11.824874447692366,4.750381859319535,1017.645768345738,1005.44,0.0,66.80764464870582,7.071409216062406,11.277245321623322,4.205836105560916,1176.1906687063697,1169.28,0.0,2320.9732496032348,2304.5299999999997,0.0
565,23.541666666666668,23.350884870462945,7.078516423313077,8.228781670472232,1.1502652471591555,112.43475174001708,120.38,7.945248259982918,51.48016834458833,7.075252631172264,11.771470589210455,4.696217958038192,1012.0161131883992,1023.02,11.00388681160075,67.20461623861796,7.0768250710684635,11.383816084754855,4.306991013686392,1211.6363530204228,1174.1,0.0,2336.0872179488388,2317.5,0.0
566,23.583333333333332,23.104294239119998,7.071006660694752,8.07028255451858,0.9992758938238273,96.64454406337691,100.29,3.645455936623094,50.92109750473757,7.0708890105043425,11.715286563522287,4.644397553017945,989.9798772324917,994.13,4.150122767508265,66.47499891643047,7.070391340830897,11.704996058129533,4.634604717298636,1289.6452481442964,1240.19,0.0,2376.2696694401648,2334.61,0.0
567,23.625,23.357027525369112,7.082120260597702,8.28798070020494,1.205860439607238,117.90001059785658,88.83,0.0,51.494519825830395,7.085744853440301,11.830739666288395,4.744994812848094,1022.8123865349165,979.24,0.0,67.22388199293269,7.082439302565254,11.844448682604742,4.762009380039489,1340.025487182073,1330.97,0.0,2480.7378843148463,2399.04,0.0
568,23.666666666666668,23.20188701101973,7.098201552461,8.528552810942568,1.4303512584815676,138.92014692251362,143.61,4.68985307748639,51.142768430542134,7.0956532795127005,11.812279188557753,4.716625909045052,1009.7523895941458,1060.02,50.26761040585416,66.76465605837129,7.0967003254896515,11.92124457756084,4.824544252071188,1348.348431510494,1340.02,0.0,2497.0209680271537,2543.65,46.629031972846406
569,23.708333333333332,22.813276162046822,7.108377860793829,8.570572552794328,1.462194692000499,139.63429118904477,130.4,0.0,50.26131033777091,7.128552763972701,11.26979942446399,4.141246660491289,871.2928083002473,952.84,81.54719169975272,65.61396966082263,7.1129555166103255,11.858132560354141,4.745177043743816,1303.3106922142747,1347.81,44.49930778572525,2314.237791703567,2431.05,116.81220829643325
570,23.75,22.813403064145245,7.24187965149779,8.671736669852384,1.4298570183545944,136.54692016927174,145.54,8.993079830728249,50.26160316413932,7.263563412270815,10.610131215040798,3.3465678027699832,704.1013699516785,782.84,78.73863004832151,65.61458581427098,7.247199347524189,11.624739444741055,4.377540097216865,1202.3467908047426,1250.44,48.09320919525749,2042.995080925693,2178.82,135.82491907430722
571,23.791666666666668,22.813600027257927,7.286279595416623,8.665425114094164,1.3791455186775412,131.7052659790824,123.88,0.0,50.26242483030418,7.287314236247695,10.423690120600497,3.1363758843528027,659.8888139330423,618.23,0.0,65.6155021612865,7.284241703199762,11.382329907276205,4.098088204076443,1125.6075111134621,1145.59,19.982488886537794,1917.2015910255868,1887.6999999999998,0.0
572,23.833333333333332,22.81719911840037,7.355859630200566,8.095664819681385,0.7398051894808191,70.66086177984008,136.06,65.39913822015993,50.27203826910749,7.39346422189326,10.381395665590858,2.9879314436975983,628.7765646543855,695.49,66.71343534561447,65.62791443704323,7.365171434887314,11.22483132026001,3.8596598853726967,1060.3197805939885,1097.03,36.71021940601145,1759.757207028214,1928.58,168.82279297178593
573,23.875,22.81711577519417,7.50619939758056,7.530139359399244,0.02393996181868374,2.286564325650078,0.0,0.0,50.2740205330573,7.502320670400258,10.244623232896341,2.742302562496083,577.1094843514047,554.95,0.0,65.63029922161796,7.503834741985435,10.977318386018212,3.4734836440327763,954.2647169843318,1014.85,60.58528301566821,1533.6607656613864,1569.8000000000002,36.13923433861373
574,23.916666666666668,22.814823387094503,7.387650652549508,7.412409757319407,0.024759104769899842,2.364565086265233,0.0,0.0,50.26970171004653,7.351566249314638,10.164472250156713,2.8129060008420748,591.9169162846599,592.59,0.6730837153401126,65.62404494500376,7.375437166596947,10.428402419446616,3.0529652528496696,838.6564306623146,884.31,45.653569337685326,1432.9379120332396,1476.9,43.962087966760464
575,23.958333333333332,22.815428324600212,7.295265063955308,7.319464084832717,0.02419902087740855,2.3111367563179233,0.0,0.0,50.271396990486004,7.290199548304643,9.957400001249457,2.6672004529448143,561.2751753578852,584.55,23.27482464211471,65.6261229142269,7.2948378344092815,10.149350773260226,2.8545129388509443,784.1659627003951,783.9,0.0,1347.7522748145984,1368.4499999999998,20.697725185401396
576,24.0,22.815591718242906,7.282375727590695,7.306504008922321,0.0241282813316257,2.304397251825998,0.0,0.0,50.27229310569223,7.277316589833016,9.882111030934656,2.6047944411016397,548.1524705624615,531.18,0.0,65.6265849695825,7.281309326389634,9.689739058176597,2.4084297317869634,661.6266791747115,775.95,114.32332082528853,1212.083546988999,1307.13,95.04645301100118
577,24.041666666666668,22.81497870498149,7.241524982309857,7.2657986765474964,0.02427369423763981,2.3182227784768115,0.0,0.0,50.27095922085179,7.230049073624723,9.795617867574405,2.565568793949682,539.8835072604593,558.59,18.70649273954075,65.62381771873021,7.237880868229025,9.107793692137538,1.8699128239085123,513.6674854292855,537.3,23.63251457071442,1055.8692154682217,1095.8899999999999,40.02078453177819
578,24.083333333333332,22.81490259406256,7.202780485922873,7.226988893500441,0.024208407577567925,2.3119799610744742,0.0,0.0,50.27110417589312,7.194806631967624,9.93405188402792,2.7392452520602957,576.4326420364887,514.23,0.0,65.6233651826039,7.200571665398929,8.858161511460436,1.6575898460615068,455.33894718942094,479.57,24.231052810579058,1034.083569186984,993.8,0.0
579,24.125,22.815542189352296,7.180911496348702,7.204933459767793,0.024021963419091463,2.294238265731276,0.0,0.0,50.27300854977476,7.183562002240645,10.051455159070024,2.8678931568293784,603.5275055704165,632.69,29.162494429583603,65.62531752011846,7.181422952470013,8.649338142604439,1.467915190134426,403.24742826350996,420.2,16.95257173649003,1009.0691720996576,1052.89,43.820827900342465
580,24.166666666666668,22.81565104604529,7.199732824111252,7.223798318219576,0.02406549410832426,2.2984066676484107,0.0,0.0,50.273622846581176,7.196826685257793,10.022788050727039,2.8259613654692455,594.7105282176311,567.77,0.0,65.62588795205349,7.198626492909935,8.517250420149214,1.3186239272392788,362.23913549418825,375.08,12.840864505811737,959.2480703794679,942.8499999999999,0.0
581,24.208333333333332,22.814718613820034,7.154439985407585,7.178848320343739,0.024408334936154574,2.331054862173403,0.0,0.0,50.272441691364136,7.135534957281649,10.851798471528117,3.7162635142464673,782.052132513122,615.52,0.0,65.62362403752158,7.1484492345129595,8.484551245927385,1.3361020114144253,367.02787752089404,337.88,0.0,1151.4110648961894,953.4,0.0
582,24.25,22.81291704741284,7.060360135657476,7.085004865344738,0.024644729687262057,2.353445276411812,0.0,0.0,50.2691416778972,7.029958570189318,11.221745043914643,4.191786473725325,882.0634890371676,943.85,61.78651096283238,65.61977512161089,7.052228184815598,8.879981301054054,1.8277531162384557,502.05522907612664,384.95,0.0,1386.472163389706,1328.8,0.0
583,24.291666666666668,25.95318496394703,6.79375885842757,7.919633540890575,1.1258746824630048,122.31506182246486,0.0,0.0,57.41251726005734,6.712271519052766,11.625838682565709,4.913567163512942,1180.8716866171078,813.47,0.0,74.94730027764186,6.7788865682779536,8.881342630046381,2.102456061768428,659.6022766030613,609.58,0.0,1962.789025042634,1423.0500000000002,0.0
584,24.333333333333332,33.03061597816343,7.163222133640663,9.122553150200517,1.9593310165598536,270.9091728594417,248.79,0.0,73.62923967555967,7.345664706172482,13.351600908804778,6.005936202632297,1851.1015925609267,1558.09,0.0,96.12510917468079,7.137657671730276,10.17917223636147,3.0415145646311945,1223.8437393683905,689.9,0.0,3345.854504788759,2496.7799999999997,0.0
585,24.375,37.30275140994299,10.03894361719676,11.71934592176388,1.6804023045671208,262.3936728189395,281.09,18.696327181060497,83.46598150193327,10.134859231320839,16.511071149082856,6.376211917762017,2227.7757461136657,2122.03,0.0,108.9748712173383,9.847251596914584,13.826095156296939,3.978843559382355,1815.024335303351,1756.04,0.0,4305.1937542359565,4159.16,0.0
586,24.416666666666668,38.38334869342594,13.03565669461488,14.581234756957027,1.5455780623421465,248.33219667531347,225.91,0.0,85.94447575079317,13.12218650314222,19.59100273587108,6.468816232728859,2327.2444570925295,2286.81,0.0,112.21484834331393,12.815696503072072,16.92521566888894,4.109519165816867,1930.370006836158,1812.67,0.0,4505.9466606040005,4325.389999999999,0.0
587,24.458333333333332,39.14290381160224,16.321486012064348,17.860511058547583,1.5390250464832356,252.17263257317384,252.08,0.0,87.6803122857782,16.393636348528897,22.844550813019595,6.4509144644906975,2367.6777633297743,2314.85,0.0,114.48527151545552,16.074334076845012,20.50145591016537,4.427121833320356,2121.6332660709895,1980.83,0.0,4741.483661973938,4547.76,0.0
588,24.5,38.78735721757902,19.632733322077055,21.090852997907803,1.4581196758307478,236.74596415394248,232.31,0.0,86.832914523786,19.69473830291428,26.03405729845438,6.339318995540097,2304.2320251880315,2362.31,58.07797481196849,113.38138960757237,19.384638822033114,24.216099146388864,4.831460324355749,2293.0811111233597,2190.29,0.0,4834.059100465334,4784.91,0.0
589,24.541666666666668,38.635978741352204,22.781126314759987,24.180664714983344,1.3995384002233564,226.34763518838753,221.62,0.0,86.46219909650394,22.85135506572397,28.8725847164633,6.021229650739333,2179.2682562494356,2186.66,7.391743750564274,112.90029134401595,22.541815004845944,27.465802262541544,4.9239872576956,2327.07942872228,2319.99,0.0,4732.695320160103,4728.2699999999995,0.0
590,24.583333333333332,37.305903504818225,25.866033195773213,27.171015046140642,1.3049818503674295,203.7892439606603,211.6,7.810756039339708,83.36889929784395,25.917800725798177,31.91218965496024,5.994388929162064,2091.9351108493515,2112.58,20.644889150648396,108.86173975930768,25.638211838326132,30.54739851534904,4.909186677022909,2237.093013914004,2258.36,21.266986085995995,4532.817368724016,4582.54,49.722631275983986
591,24.625,36.06023916655199,28.345739852258653,29.585664996220494,1.239925143961841,187.16442044616025,178.7,0.0,80.47644229103076,28.42745705369791,34.27434692387712,5.846889870179208,1969.6674433887827,2016.79,47.122556611217306,105.08493337105332,28.16698029850146,33.131919100646876,4.964938802145415,2184.004741817187,2146.69,0.0,4340.83660565213,4342.18,1.343394347870344
592,24.666666666666668,34.4542741154568,30.73148870781677,31.993402141618017,1.2619134338012472,182.00021134528086,180.04,0.0,76.76369198385889,30.78172550974801,36.38557361635129,5.603848106603277,1800.7002849347093,1873.04,72.33971506529065,100.23731449388283,30.56505723627959,35.66463015899435,5.09957292271476,2139.747133394583,2159.5,19.752866605416784,4122.447629674573,4212.58,90.13237032542656
593,24.708333333333332,29.948348938663152,32.00972947031807,33.393963742065814,1.3842342717477436,173.53285269549812,169.91,0.0,66.4102188797263,32.01871305051592,37.442180710597555,5.423467660081634,1507.6870010096773,1685.21,177.52299899032278,86.71482956486864,31.927988683386502,37.5811091829132,5.6531204995267,2052.0164673009504,2061.86,9.843532699049774,3733.2363210061258,3916.9800000000005,183.7436789938747
594,24.75,25.796947762705003,32.082487813919826,32.87703125567108,0.7945434417512516,85.79958664137011,166.88,81.08041335862988,56.93591179700483,31.982828474145535,36.72828084135805,4.745452367212515,1131.001347945467,1304.24,173.23865205453308,74.3397757091144,32.04926328706467,37.4405487478306,5.391285460765928,1677.694180808904,1997.35,319.6558191910958,2894.495115395741,3468.47,573.9748846042589
595,24.791666666666668,23.4091203000688,31.23813193842274,31.266588296518208,0.028456358095468204,2.788454965486917,0.0,0.0,51.517417163601294,31.026627256013224,34.893520412258106,3.866893156244881,833.9028881308353,941.88,107.97711186916467,67.26195239330926,31.201314151561036,35.87548117842344,4.674167026862406,1316.0516097640705,1340.17,24.11839023592961,2152.7429528603925,2282.05,129.30704713960768
596,24.833333333333332,22.842193873935013,30.118913299908527,30.146887977700228,0.027974677791700486,2.6748666152598197,0.0,0.0,50.23737217622685,29.875555080093985,33.33124866634176,3.4556935862477722,726.7103827337129,711.46,0.0,65.59017987241803,30.075490539687607,34.70780622706454,4.632315687376931,1271.8508786074296,1271.59,0.0,2001.2361279564025,1983.05,0.0
597,24.875,22.845077566625104,28.834763320428426,28.863818767037568,0.029055446609142166,2.778557677337643,0.0,0.0,50.249083392730505,28.542877122293923,31.863884484688754,3.3210073623948304,698.5495327209574,728.03,29.480467279042614,65.60496956511979,28.779598868814542,33.191267332994364,4.411668464179822,1211.5429931059125,1252.81,41.267006894087444,1912.8710835042075,1980.84,67.96891649579243
598,24.916666666666668,22.847299680797466,27.20839307608162,27.239811117658032,0.03141804157641204,3.0047836836182484,0.0,0.0,50.261672945646545,26.80720699217747,29.920820529131273,3.113613536953803,655.0898501949121,654.69,0.0,65.61998029771273,27.127573056613944,30.91307355082526,3.785500494211316,1039.8211024080792,1150.8,110.97889759192071,1697.9157362866094,1805.49,107.57426371339056
599,24.958333333333332,22.847751682667507,25.074471856750726,25.107895701932804,0.03342384518207808,3.196679566990179,0.0,0.0,50.27002975706822,24.596574715425618,27.58787365777184,2.991298942346223,629.4600671291151,641.19,11.729932870884909,65.62936538909703,24.978951890698443,28.235830320426654,3.2568784297282107,894.7443747656106,909.24,14.495625234389422,1527.4011214617158,1550.43,23.02887853828429
600,25.0,22.849915416003903,22.738177731210424,22.77206137597023,0.03388364475980765,3.2409620125051553,0.0,0.0,50.281866458451745,22.25226254320647,25.35598557037582,3.1037230271693517,653.2712906449678,603.09,0.0,65.64298219592258,22.646096335140854,25.098919368751005,2.4528230336101515,673.9904499829337,861.6,187.60955001706634,1330.5027026404068,1464.69,134.18729735959323
601,25.041666666666668,22.847423831334293,20.289229723493165,20.32421412553764,0.034984402044475615,3.345884287728973,0.0,0.0,50.28468259454587,19.753516042445938,22.745891306221917,2.9923752637759797,629.8701004747331,689.19,59.31989952526692,65.64562155949706,20.184271998710162,21.915050999998137,1.7307790012879742,475.60521306453,467.03,0.0,1108.8211978269921,1156.22,47.39880217300788
602,25.083333333333332,22.840794697238316,17.628380758850838,17.664163675515244,0.03578291666440592,3.4212607198955483,0.0,0.0,50.28050508167994,17.065818382312255,20.01553646964987,2.949718087337615,620.8395377616706,555.37,0.0,65.63942318067069,17.516139848039188,19.14706772443793,1.6309278763987436,448.12454892479155,466.95,18.825451075208434,1072.3853474063578,1022.3199999999999,0.0
603,25.125,22.8356600498305,14.956122674394088,14.99182469301971,0.0357020186256225,3.412758565549231,0.0,0.0,50.2791697254489,14.406311136088819,17.362174136372772,2.955863000283953,622.116360676426,673.78,51.66363932357399,65.63611422736284,14.847246491725794,16.337980551607014,1.4907340598812198,409.5833184808154,412.99,3.4066815191845876,1035.1124377227907,1086.77,51.65756227720931
604,25.166666666666668,22.832725296247105,12.423010298806215,12.457113501251115,0.03410320244489995,3.2595086564720996,0.0,0.0,50.28294625486516,11.97116578163094,14.84326206253759,2.87209628090665,604.5314998317914,556.96,0.0,65.64020081716208,12.335918779490207,13.819478862083532,1.4835600825933248,407.6376267877154,389.97,0.0,1015.4286352759789,946.9300000000001,0.0
605,25.208333333333332,22.829473767821018,10.637071270519286,10.667551147760037,0.030479877240750852,2.9127843894285332,0.0,0.0,50.285025822401025,10.354911471296154,14.094977039343105,3.7400655680469512,787.2580632888644,640.02,0.0,65.6421014182709,10.592194730886769,12.117926260185458,1.5257315292986888,419.2372087568021,409.54,0.0,1209.408056435095,1049.56,0.0
606,25.25,22.82223102889448,9.403985637205343,9.61950990870644,0.21552427150109743,20.58986538340389,0.0,0.0,50.275221685647416,9.189346995603316,13.421747856957937,4.232400861354622,890.7175561000006,923.94,33.22244389999946,65.62949951953983,9.366211318168157,11.109933283170466,1.74372196500231,479.044165032086,413.71,0.0,1390.3515865154905,1337.65,0.0
607,25.291666666666668,24.502805414550036,8.369179767237688,8.583031859615549,0.21385209237786107,21.93454040262385,36.17,14.235459597376153,54.09662208447362,8.171859244561334,13.506990907241814,5.33513166268048,1208.1323491545513,846.75,0.0,70.61898086963477,8.337841852835478,10.727712430330515,2.389870577495037,706.4721601464026,531.19,0.0,1936.5390497035778,1414.1100000000001,0.0
608,25.333333333333332,31.573119591722996,8.225039361460542,8.41939826780861,0.19435890634806796,25.68746013623115,0.0,0.0,70.27340231208737,8.404837532935014,14.794879307583523,6.390041774648509,1879.7232012979687,1573.62,0.0,91.74357149023972,8.223539698530004,11.408593009877672,3.1850533113476676,1223.18338358699,873.54,0.0,3128.5940450211897,2447.16,0.0
609,25.375,36.78993409589464,10.974588877546282,11.9970708262632,1.0224819487169192,157.46494412255146,42.99,0.0,82.27168231276227,11.075736530593984,17.46101696118192,6.385280430587935,2199.022016182674,2158.79,0.0,107.4160300802331,10.79588073150919,14.542711603298338,3.7468308717891485,1684.7381542777114,1556.87,0.0,4041.225114582937,3758.6499999999996,0.0
610,25.416666666666668,37.58236235622721,13.832459939050286,15.360810830473444,1.5283508914231572,240.43980891937244,257.6,17.160191080627584,84.08328879657715,13.920792720571292,20.58050764602748,6.659714925456189,2344.0374899287135,2193.02,0.0,109.7845146027722,13.626964235333553,17.6690208957585,4.042056660424947,1857.5593863404888,1753.96,0.0,4442.036685188575,4204.58,0.0
611,25.458333333333332,38.50726707094651,16.891102690844676,18.244050478865564,1.352947788020888,218.08357508145085,205.12,0.0,86.20384418873293,16.971187774001983,23.621918408356525,6.650730634354542,2399.9114391867215,2446.58,46.66856081327842,112.5568630748353,16.664049099333486,20.849501944368644,4.185452845035158,1972.0306394971817,1898.22,0.0,4590.025653765354,4549.92,0.0
612,25.5,39.70343925817259,20.252655961576448,21.627595997224812,1.3749400356483648,228.51310451913096,212.27,0.0,88.95092884172301,20.322101525336247,26.621348422871957,6.29924689753571,2345.515688588854,2294.87,0.0,116.14786991703544,19.99194108122292,24.336529915732005,4.344588834509086,2112.3172965898666,1976.66,0.0,4686.346089697852,4483.8,0.0
613,25.541666666666668,40.07772649712369,23.867465323643223,25.213906613192176,1.3464412895489524,225.88621185684758,223.95,0.0,89.79640957534534,23.920499182703672,30.232112790020935,6.311613607317263,2372.458367000836,2332.11,0.0,117.25496582566483,23.58477414669911,27.961696425791132,4.376922279092021,2148.3216412658176,2168.88,20.558358734182548,4746.666220123501,4724.9400000000005,0.0
614,25.583333333333332,40.26945162216072,27.480808710771015,28.692045467156934,1.2112367563859188,204.17566609041592,206.34,2.1643339095840872,90.22049705796348,27.534762915725697,33.841074936778526,6.306312021052829,2381.6607211243977,2347.34,0.0,117.81102859824362,27.193519278143896,31.59658126079671,4.403061982652815,2171.4006872080163,2045.38,0.0,4757.23707442283,4599.06,0.0
615,25.625,40.09086648754284,31.181311077033506,32.31803756236786,1.136726485334357,190.76585608026332,180.42,0.0,89.78735749034215,31.223661635115366,37.320586755275066,6.0969251201597,2291.528565358651,2349.48,57.9514346413489,117.2481672182822,30.88772772530567,35.40786145561334,4.520133730307673,2218.485377396028,2215.14,0.0,4700.779798834943,4745.04,44.26020116505697
616,25.666666666666668,36.925058087909385,34.36669016995468,35.53632671241989,1.1696365424652129,180.78872398172,180.21,0.0,82.45016452982321,34.39838567487839,40.343943345138655,5.945557670260264,2052.028303251064,2168.83,116.80169674893614,107.66603698929812,34.12956898571925,38.83574583499961,4.706176849280354,2121.0269893274885,2139.79,18.763010672511427,4353.844016560272,4488.83,134.98598343972753
617,25.708333333333332,32.011205211985036,36.18993407578254,36.83620533577461,0.6462712599920692,86.59964118313292,164.6,78.00035881686708,71.12532664667614,36.218865148069504,41.89080627701707,5.671941128947566,1688.7105338546335,1883.45,194.73946614536658,92.8746541556794,36.068718958792985,41.34037855915523,5.2716596003622485,2049.4805114115243,2032.47,0.0,3824.7906864492907,4080.5200000000004,255.72931355070978
618,25.75,28.1292877843846,36.845784583885866,36.87872653174442,0.03294194785855353,3.878887962823186,0.0,0.0,62.235518844435035,36.83016600853808,42.028353471754606,5.198187463216527,1354.2207875469212,1463.29,109.06921245307876,81.26310338717539,36.79997849064759,41.95624109033078,5.156262599683188,1753.992188453606,2016.43,262.43781154639396,3112.0918639633505,3479.7200000000003,367.6281360366497
619,25.791666666666668,24.678370342332975,36.591744686854526,36.62067643762794,0.02893175077341681,2.9887556945581872,0.0,0.0,54.383389920431924,36.44860839610271,41.16948950630451,4.720881110201795,1074.7032511186667,1222.12,147.4167488813332,71.00657185420766,36.56228221275668,41.22977608988003,4.667493877123356,1387.3355869820318,1465.81,78.47441301796812,2465.0275937952565,2687.93,222.90240620474333
620,25.833333333333332,22.82531238742164,35.55671837292828,35.584118948189605,0.02740057526132489,2.6180361240670638,0.0,0.0,50.18654902522619,35.32750930086853,39.42409771978085,4.096588418912326,860.6149582947457,912.63,52.01504170525425,65.52489047373474,35.51346727408217,39.98929134917644,4.475824075094273,1227.6612153088774,1285.63,57.968784691122664,2090.8942097276904,2198.26,107.36579027230982
621,25.875,22.833154590566487,34.50234216713841,34.52965962409582,0.02731745695741239,2.6109912024167046,0.0,0.0,50.206367670342736,34.27546215065456,37.79716126861128,3.5216991179567216,740.1338630195525,793.78,53.64613698044752,65.55039430645314,34.464463992225326,38.48323326119871,4.0187692689733865,1102.72597613011,1150.42,47.69402386989009,1845.4708303520792,1944.2,98.7291696479208
622,25.916666666666668,22.838546985515126,33.10586684444181,33.13610242464853,0.03023558020671402,2.8905867065098723,0.0,0.0,50.22426687346954,32.74149714928301,36.07807517066726,3.3365780213842484,701.4780963687907,671.97,0.0,65.57204842687888,33.03287422244728,36.69325360751862,3.6603793850713373,1004.7177520141357,1036.26,31.542247985864265,1709.0864350894362,1708.23,0.0
623,25.958333333333332,22.84260008570865,31.157804528785935,31.18983991051523,0.03203538172929399,3.063195136640083,0.0,0.0,50.2394647819836,30.730250685031983,34.11794074959443,3.387690064562449,712.4393496019437,716.81,4.3706503980562275,65.59051343960432,31.07623266969303,34.38710143198033,3.3108687622872957,909.0383824595041,954.32,45.28161754049597,1624.540927198088,1671.13,46.58907280191215
624,26.0,22.845203594811935,29.003294962283707,29.036194216234062,0.032899253950354534,3.146156387211149,0.0,0.0,50.25147741883806,28.544646849372313,31.71954864085621,3.1749017914838973,667.8491147839376,693.24,25.39088521606243,65.60580280032237,28.919641199264767,31.434606470388236,2.5149652711234687,690.6745772145615,844.81,154.13542278543844,1361.6698483857103,1538.05,176.38015161428962
625,26.041666666666668,22.846419053575055,26.631799814011405,26.665945429330847,0.03414561531944216,3.2655196824965977,0.0,0.0,50.26223126255974,26.123857269323256,29.379337165943326,3.25547989662007,684.9454828569511,627.52,0.0,65.61794383411124,26.53669981714987,28.325125853083712,1.788426035933842,491.2389847964669,517.55,26.31101520353303,1179.4499873359146,1145.07,0.0
626,26.083333333333332,22.84864071735232,24.146259171659693,24.18058252520936,0.034323353549666535,3.2828369009495644,0.0,0.0,50.27444468650721,23.641092191443875,26.946285498891456,3.305193307447581,695.5740494630576,728.09,32.515950536942455,65.63266780052471,24.05392863860336,25.59291924069389,1.5389906020905322,422.8197347024852,447.51,24.69026529751477,1121.6766210664923,1175.6,53.92337893350759
627,26.125,22.849075195592658,21.62792359731967,21.662871395159964,0.03494779784029589,3.342625067196998,0.0,0.0,50.28351881716244,21.096744161489895,24.200039404149756,3.1032952426598612,653.2027153976778,647.81,0.0,65.64347361739611,21.52748332349844,22.92532624614407,1.39784292264563,384.10428334840424,380.86,0.0,1040.649623813279,1028.67,0.0
628,26.166666666666668,22.843887201821545,19.02374548785206,19.058956420220696,0.03521093236863493,3.3670282187180653,0.0,0.0,50.280888558376596,18.48751834338248,21.76687636082606,3.279358017443581,690.2255005857645,643.68,0.0,65.6403039820086,18.920669847243616,20.296564695654368,1.375894848410752,378.05505742188046,370.23,0.0,1071.647586226363,1013.91,0.0
629,26.208333333333332,22.838602362963414,16.46009793112769,16.495127850712404,0.03502991958471213,3.3489440159888386,0.0,0.0,50.27998540227392,15.939154791314172,19.607699497953604,3.668544706639432,772.1260108089997,723.13,0.0,65.63730933965672,16.359228703017376,17.769041044616795,1.4098123415994195,387.3569048181229,369.54,0.0,1162.8318596431116,1092.67,0.0
630,26.25,22.833374772355462,13.974971159840985,14.009909560703099,0.03493840086211364,3.339430061080357,0.0,0.0,50.27792872861513,13.462430898318921,17.311710525836492,3.8492796275175714,810.1325151343586,808.68,0.0,65.63350521468676,13.87300716698937,15.464889702736771,1.591882535747402,437.35675735685675,389.31,0.0,1250.828702552296,1197.99,0.0
631,26.291666666666668,24.785760568183402,11.74103520462913,11.776177780861115,0.035142576231985245,3.6461545202642087,0.0,0.0,54.71985142746636,11.480816177038653,17.33026126613179,5.849445089093136,1339.85808734794,798.72,0.0,71.43243996073089,11.712514333721613,13.799611995570098,2.0870976618484853,624.0759986752192,469.7,0.0,1967.5802405434233,1268.42,0.0
632,26.333333333333332,31.58261411335241,11.765959409712996,11.805501255118385,0.03954184540538819,5.227622660199735,0.0,0.0,70.26571948200865,11.973528755321404,18.953668727933948,6.980139972612545,2053.0846366934934,1893.25,0.0,91.73619961970476,11.773398736855695,15.04878812164223,3.2753893847865356,1257.774847785076,765.04,0.0,3316.087107138769,2658.29,0.0
633,26.375,36.30345096964285,14.386129083337167,14.43791580677746,0.05178672344029245,7.869833941376963,0.0,0.0,81.12242374051246,14.485758011396829,21.03038538386569,6.5446273724688595,2222.4145222302723,2165.87,0.0,105.91829064697622,14.21775258679762,18.329532085111463,4.111779498313844,1823.0559779267703,1746.01,0.0,4053.3403340984196,3911.88,0.0
634,26.416666666666668,36.547770461766596,17.02442674840198,17.197630132728875,0.17320338432689653,26.49820687556821,0.0,0.0,81.66972205100483,17.110419565314167,23.96520972259616,6.854790157281993,2343.443385529288,2234.23,0.0,106.635122415252,16.838887679295475,21.064287015659026,4.225399336363552,1886.1110333862875,1843.52,0.0,4256.052625791144,4077.75,0.0
635,26.458333333333332,36.579461365180244,19.662457759859123,19.836737404600147,0.17427964474102353,26.68598245503317,37.22,10.53401754496683,81.72508437965686,19.747811234030145,26.816098013013075,7.06828677898293,2418.0694117463227,2404.18,0.0,106.70935401162923,19.475364198010727,24.034725246303076,4.559361048292349,2036.5998124996902,1869.49,0.0,4481.355206701046,4310.889999999999,0.0
636,26.5,36.331654458114755,22.30312482206862,23.13466401944503,0.8315391973764079,126.46406138029809,0.0,0.0,81.13669818932934,22.379680812989495,29.07829489336642,6.698614080376924,2275.1053534856355,2380.23,105.12464651436449,105.94368906435686,22.11514167258394,27.016213981209273,4.901072308625334,2173.5289316066574,2141.62,0.0,4575.0983464725905,4521.85,0.0
637,26.541666666666668,35.306213554137756,24.700695664478125,25.55464532324151,0.8539496587633835,126.20676566425398,237.57,111.36323433574601,78.75580531203576,24.774051266229687,31.09484221243052,6.320790946200834,2083.78653520722,2119.87,36.08346479277998,102.83557592967222,24.534178746831287,29.359758044154262,4.8255792973229745,2077.2657730176634,2142.26,64.99422698233684,4287.259073889138,4499.700000000001,212.44092611086307
638,26.583333333333332,35.106592212272716,26.877678589957956,26.92453064450497,0.046852054547013466,6.885199664188422,0.0,0.0,78.28410935748511,26.967494197043944,33.09412371202499,6.126629514981044,2007.6798384737922,2001.92,0.0,102.22056761785242,26.72665160722701,31.40949936167101,4.682847754444001,2003.7685262370744,1954.95,0.0,4018.333564375055,3956.87,0.0
639,26.625,35.59851730354199,29.254162806998455,29.30178167582234,0.04761886882388566,7.095944472607966,0.0,0.0,79.40631728534957,29.338773041761296,35.33414969595825,5.995376654196956,1992.8322886311557,1968.04,0.0,103.68743238391983,29.08523511384321,33.76585179983401,4.680616685990799,2031.554234037603,1996.19,0.0,4031.4824671413667,3964.23,0.0
640,26.666666666666668,34.30723702783505,31.523936225131813,31.568550079931622,0.044613854799809616,6.406999890359642,0.0,0.0,76.4208944262238,31.58658118134034,37.61129886269236,6.024717681352019,1927.2943178782655,1971.12,43.82568212173442,99.78973249969776,31.36737409479021,36.31125945418939,4.943885359399179,2065.1589036338573,2008.19,0.0,3998.8602214024822,3979.31,0.0
641,26.708333333333332,29.87243439432152,32.8977243784091,32.93404222603456,0.03631784762546175,4.5414019509577175,0.0,0.0,66.23674027988086,32.88931970755256,38.70847536680859,5.819155659256033,1613.4598019827265,1840.94,227.48019801727355,86.48820523053575,32.806468394368075,38.37355188411017,5.567083489742096,2015.5048306330857,2065.96,50.45516936691433,3633.50603456677,3906.9,273.3939654332303
642,26.75,25.95072573443764,32.82315145421986,32.85362753286023,0.030476078640369053,3.310608435665353,0.0,0.0,57.281878831193154,32.750223066024,37.90995058480208,5.159727518778084,1237.2094990255434,1360.67,123.46050097445664,74.7917142900086,32.801076401344694,38.10033943796808,5.299263036623387,1659.0832877897485,1917.25,258.1667122102515,2899.603395250957,3277.92,378.3166047490431
643,26.791666666666668,24.117064699650623,32.33791148763398,32.366021122689894,0.028109635055912463,2.837781020350856,0.0,0.0,53.119420860466775,32.199337955966094,36.88960758744805,4.690269631481954,1042.9184856247239,1094.34,51.42151437527605,69.35471816385926,32.31823565074024,37.12022233555679,4.801986684816548,1394.1072531745087,1376.64,0.0,2439.8635198195834,2470.98,31.116480180416602
644,26.833333333333332,22.83790549279059,31.40452304610605,31.43153524980971,0.02701220370365931,2.5823524222372463,0.0,0.0,50.22416927772718,31.20358034239575,35.35183714763281,4.148256805237057,872.1227598456688,974.76,102.63724015433115,65.57342218804403,31.367550766826874,36.45050114139991,5.082950374573038,1395.2208033533498,1387.53,0.0,2269.9259156212556,2362.29,92.36408437874434
645,26.875,22.844181061755734,30.425897224504904,30.453288496508808,0.027391272003903566,2.6193107076293245,0.0,0.0,50.24100398318855,30.204424500525324,33.84187977555473,3.6374552750294065,764.989009168515,754.1,0.0,65.59498736863736,30.386085010372124,35.04106525914751,4.654980248775384,1278.1673494139711,1383.4,105.23265058602897,2045.7756692901155,2137.5,91.7243307098845
646,26.916666666666668,22.845963214402328,29.061418978963086,29.0920019249712,0.03058294600811351,2.9247450538226856,0.0,0.0,50.25238812533879,28.686060576465632,31.97414991565904,3.2880893391934087,691.6709542052357,761.8,70.12904579476424,65.60859948706279,28.983047191488158,32.987420213426425,4.004373021938267,1099.7513860501138,1152.89,53.13861394988635,1794.3470853091721,1914.69,120.34291469082791
647,26.958333333333332,22.84601448325407,27.009871519701736,27.042852201773407,0.032980682071670486,3.1540553091994457,0.0,0.0,50.26000894095771,26.54658217850366,29.511536897951906,2.9649547194482473,623.7920718678894,606.41,0.0,65.61716845998512,26.916262434729436,30.32991009071177,3.4136476559823343,937.6384373773511,1027.16,89.52156262264896,1564.58456455444,1633.5700000000002,68.98543544556014
648,27.0,22.848341251549833,24.74488032603972,24.778399197532167,0.03351887149244703,3.2058506711511883,0.0,0.0,50.271972656716194,24.269320798583,27.15618600913013,2.886865210547132,607.5075197736572,626.96,19.4524802263428,65.6311532932747,24.655704981930096,27.23987512953812,2.584170147608024,709.9542528536696,828.82,118.86574714633048,1320.667623298478,1455.7800000000002,135.11237670152218
649,27.041666666666668,22.849513122535523,22.33280281419673,22.36737242055652,0.034569606359792004,3.3065158500293848,0.0,0.0,50.282050333594285,21.814759486324938,24.566774399999694,2.7520149136747563,579.2459227807094,573.38,0.0,65.64272387679048,22.233103254914216,24.30342070574253,2.0703174508283126,568.8827445258312,572.26,3.3772554741688054,1151.43518315657,1145.6399999999999,0.0
650,27.083333333333332,22.845941043452825,19.79287311036659,19.8278302441907,0.03495713382411125,3.34305939659618,0.0,0.0,50.28254121058221,19.265284561193205,22.094003077314806,2.828718516121601,595.3963603370494,570.54,0.0,65.64319094339234,19.69146286933956,21.582205264556674,1.8907423952171136,519.5427280137806,547.78,28.23727198621941,1118.2821477474263,1118.32,0.0378522525736571
651,27.125,22.840294985756135,17.2236221259123,17.258887951447665,0.03526582553536528,3.3717470581905924,0.0,0.0,50.280455899591246,16.686574296462894,19.52740101714594,2.8408267206830473,597.9201302432068,606.27,8.349869756793169,65.63936825362994,17.11846379044593,18.791999075883325,1.6735352854373957,459.8312581379216,473.89,14.058741862078364,1061.123135439319,1080.1599999999999,19.036864560680897
652,27.166666666666668,22.834730501264364,14.611065391336947,14.646794275838033,0.035728884501086355,3.4151876522293505,0.0,0.0,50.27820262024414,14.057835950048627,16.833636788451486,2.7758008384028585,584.2076914661691,576.51,0.0,65.63498564989895,14.499353978217759,16.107372934769064,1.6080189565513052,441.8000725637115,429.63,0.0,1029.4229516821101,1006.14,0.0
653,27.208333333333332,22.83163345941302,12.104461297283136,12.138260486742086,0.033799189458949996,3.230297290929083,0.0,0.0,50.281829866286344,11.669350856757827,15.297901502931383,3.628550646173556,763.7363959312995,578.96,0.0,65.63819892978651,12.021308636115405,13.64641316523419,1.6251045291187847,446.5161592476866,437.86,0.0,1213.482852469915,1016.82,0.0
654,27.25,22.829025150849684,10.41458177023928,10.444463474998367,0.029881704759086247,2.855564413227931,0.0,0.0,50.284691856068015,10.16222285520716,14.248555956032718,4.0863331008255575,860.1392833331614,937.8,77.66071666683854,65.64190532455754,10.376917245302367,12.258671699396498,1.8817544540941302,517.0628731547117,439.39,0.0,1380.0577209011012,1377.19,0.0
655,27.291666666666668,22.815398026719816,9.21091505077423,9.240741349890008,0.029826299115779165,2.8485683367562453,0.0,0.0,50.26099054014153,8.930621892599827,14.204141962890628,5.2735200702908,1109.5091051446302,769.98,0.0,65.61103450328334,9.154398734339324,11.760922429411458,2.606523695072134,715.87597355694,580.17,0.0,1828.2336470383266,1350.15,0.0
656,27.333333333333332,28.662507010480088,8.320021926592215,8.635428444647578,0.31540651805536335,37.84286966514568,0.0,0.0,63.59886489617157,8.388447393495928,14.722883273834995,6.334435880339067,1686.3842322935527,1441.8,0.0,83.02785975628144,8.324100046880208,11.670528678989143,3.3464286321089354,1163.0667347346948,839.08,0.0,2887.293836693393,2280.88,0.0
657,27.375,34.021962027253274,10.29164786262979,10.85698941904798,0.5653415564181916,80.51364524702107,71.36,0.0,75.88358415100191,10.411693144558804,16.45105683214127,6.0393636875824654,1918.3959230652383,1899.69,0.0,99.0732758426686,10.180103744459132,14.104691618892886,3.9245878744337546,1627.6079587420488,1476.15,0.0,3626.517527054308,3447.2,0.0
658,27.416666666666668,34.98249017513168,12.433892100857168,12.972367390718844,0.538475289861676,78.85254656445659,76.64,0.0,78.08444967204268,12.541960608917382,18.8402031842117,6.298242575294317,2058.6530553746193,1900.78,0.0,101.95002612486074,12.296525581362035,16.79852708944306,4.502001508081024,1921.2868113256138,1734.04,0.0,4058.7924132646895,3711.46,0.0
659,27.458333333333332,34.87142779160722,14.734909932897086,15.134006469933375,0.39909653703628933,58.256838582170154,66.64,8.383161417829847,77.81422837695824,14.817389905334291,21.24613678777803,6.42874688244374,2094.038036276935,2179.2,85.16196372306467,101.59948880487815,14.585159126169177,19.525358739326435,4.940199613157258,2101.044467647432,2059.37,0.0,4253.339342506537,4305.209999999999,51.870657493462204
660,27.5,34.81892267926572,16.80409686386898,16.975756266716246,0.17165940284726489,25.01970305796422,35.69,10.670296942035776,77.67905998793255,16.901900363172008,22.955138403645112,6.053238040473104,1968.2983938698712,1969.27,0.9716061301287482,101.42451975501413,16.66865288472027,21.61180904806881,4.94315616334854,2098.681406395805,2091.63,0.0,4091.9995033236405,4096.59,4.590496676359635
661,27.541666666666668,35.55757090269584,19.120238671149142,20.09423214014268,0.9739934689935374,144.97307591084666,0.0,0.0,79.36632696977868,19.213747266334067,25.03560073449075,5.821853468156682,1934.1795011172915,1925.27,0.0,103.62931661432218,18.962351808710658,23.71088597072627,4.748534162015613,2059.8776476418398,2052.75,0.0,4139.0302246699775,3978.02,0.0
662,27.583333333333332,35.909597406825185,21.57655506130202,23.335864115505885,1.7593090542038645,264.45507025479225,277.22,12.76492974520778,80.1635453185531,21.665437955232555,27.485959388696873,5.820521433464318,1953.1609507064036,1897.26,0.0,104.67296773970604,21.404780543827673,26.207858626401908,4.803078082574235,2104.5217020714044,2008.71,0.0,4322.1377230326,4183.1900000000005,0.0
663,27.625,36.18518451117175,24.112162053461102,25.691045946514652,1.5788838930535505,239.15541009592548,235.38,0.0,80.78615641339059,24.19617615194341,30.118298080605904,5.922121928662495,2002.6890108400207,1961.81,0.0,105.48750221250481,23.931482829964196,28.83489040855653,4.903407578592333,2165.2010396922624,2139.92,0.0,4407.045460628209,4337.110000000001,0.0
664,27.666666666666668,35.18980030161435,26.548221769571878,28.0345476699559,1.4863259003840206,218.94249963140265,226.77,7.827500368597356,78.47763123408322,26.61411084683117,32.173317464241904,5.559206617410734,1826.2403137397325,1995.26,169.01968626026746,102.47372820444748,26.37847787098419,31.408357909555175,5.029880038570983,2157.5923240490656,2128.4,0.0,4202.775137420201,4350.43,147.65486257979956
665,27.708333333333332,30.307260897134498,28.101059045270325,28.8896449117784,0.7885858665080754,100.04488761707836,196.33,96.28511238292165,67.2542585407802,28.080800360056287,33.220292806142,5.139492446085711,1446.902427144904,1614.73,167.82757285509592,87.81546146424012,27.995689384269838,33.468937734872256,5.473248350602418,2011.9415827748467,2128.04,116.0984172251533,3558.888897536829,3939.1,380.21110246317085
666,27.75,25.108215575761363,27.848998047220796,27.879420417492593,0.03042237027179695,3.19748209062609,0.0,0.0,55.38380976474208,27.715756280283784,32.63438517124074,4.918628890956953,1140.31833486532,1247.95,107.63166513468013,72.31129875475213,27.816032383659113,33.23075932261507,5.414726938955958,1639.0112937816295,1845.02,206.00870621837043,2782.5271107375756,3092.9700000000003,310.4428892624246
667,27.791666666666668,23.49498605795499,27.090666701060368,27.118630794912704,0.027964093852336447,2.7502689558401805,0.0,0.0,51.72522493161376,26.918415762934462,31.20103540667907,4.2826196437446065,927.2804778496276,1015.36,88.07952215037244,67.53267882498434,27.065052166133132,31.796049450498245,4.730997284365113,1337.4141076512133,1411.29,73.87589234878669,2267.4448544566812,2426.65,159.20514554331885
668,27.833333333333332,22.84446746105598,26.031285357657058,26.059644607885794,0.028359250228735533,2.7119083425282473,0.0,0.0,50.25630986905254,25.77704150909878,29.526846120079142,3.7498046109803624,788.857319612201,824.52,35.662680387799014,65.613778709898,25.980982075053795,30.41432377950355,4.433341704449756,1217.658430251163,1243.84,26.181569748836864,2009.227658205892,2068.3599999999997,59.13234179410756
669,27.875,22.84733685025199,24.755278466824407,24.78426926462556,0.028990797801153434,2.772649520945201,0.0,0.0,50.26649786818079,24.479700231505287,27.91655385167967,3.4368536201743822,723.1674793889247,738.75,15.582520611075324,65.62644151794798,24.702232803570396,28.81212388114631,4.109891077575913,1129.0375657099544,1172.54,43.502434290045585,1854.9776946198242,1911.29,56.31230538017576
670,27.916666666666668,22.85107098648699,23.267702798981432,23.298684488473356,0.030981689491923703,2.9635405936151784,0.0,0.0,50.281129795608116,22.894539981809,25.869984031271283,2.9754440494622827,626.2619698541398,693.42,67.15803014586015,65.64419619782218,23.191435882730286,26.833380679006297,3.641944796276011,1000.7576472007186,1066.68,65.9223527992815,1629.9831576484735,1760.1,130.11684235152643
671,27.958333333333332,22.84990466651565,21.179317610315938,21.213451192277297,0.03413358196135974,3.2648669064114135,0.0,0.0,50.2877510625739,20.668690094528074,23.344934888616937,2.6762447940888627,563.3616417003033,544.26,0.0,65.65121434261438,21.070383461576064,24.3093949024078,3.239011440831735,890.1321138318996,915.8,25.66788616810038,1456.758622438614,1460.06,3.3013775613858343
672,28.0,22.84431868901565,18.643865303472303,18.679171781503335,0.03530647803103193,3.376228496793031,0.0,0.0,50.2847256796931,18.09589250562074,20.734461658217697,2.6385691525969577,555.3973331416476,568.13,12.732666858352445,65.64672732543826,18.53237571954936,21.09809809448403,2.565722374934669,705.0533261085092,845.49,140.43667389149084,1263.8268877469498,1413.62,149.79311225305014
673,28.041666666666668,22.83783969184637,15.92857326712773,15.965052631706717,0.03647936457898737,3.4873979589999813,0.0,0.0,50.281483565991635,15.332867406142132,17.911076052175236,2.5782086460331044,542.6569476145736,529.09,0.0,65.64028663734906,15.80630911456932,17.649648057488154,1.8433389429188338,506.49468349635544,546.44,39.94531650364462,1052.639029069929,1075.5300000000002,22.890970930071262
674,28.083333333333332,22.833172124693753,13.113433492137936,13.149068419542795,0.03563492740485863,3.4059741925264295,0.0,0.0,50.28167079760682,12.586894285602826,15.165959814336603,2.5790655287337767,542.8393241669022,543.19,0.3506758330978528,65.6390598499958,13.007917296384118,14.638736034888804,1.6308187385046864,448.09208115811896,449.93,1.8379188418810486,994.3373795175476,993.1200000000001,0.0
675,28.125,22.831857584098795,11.082364363464647,11.113351734882523,0.030987371417875664,2.961591865182086,0.0,0.0,50.288106596652085,10.782500212940235,13.21582373203967,2.433323519099435,512.2292352977979,529.68,17.450764702202036,65.64724450608371,11.037456545796898,12.614529452237466,1.5770729064405682,433.3786340409987,430.07,0.0,948.5694612039787,959.75,11.180538796021324
676,28.166666666666668,22.82708819780216,9.795675224262542,9.824385076428108,0.028709852165565763,2.743346703037361,0.0,0.0,50.28385167244904,9.589417076055398,11.988029195191869,2.3986121191364713,504.8795548930098,482.56,0.0,65.6419064086386,9.762532901885129,11.220667423038552,1.4581345211534238,400.6618588120215,421.33,20.668141187978506,908.2847604080687,903.89,0.0
677,28.208333333333332,22.822510098001345,8.917709252889235,8.945125402106664,0.0274161492174283,2.619202563131807,0.0,0.0,50.280059291376496,8.762931153948362,12.180039968362475,3.4171088144141137,719.2068478609593,516.42,0.0,65.63590325000358,8.890426399507206,10.348305631313858,1.4578792318066522,400.5550757950873,365.44,0.0,1122.3811262191784,881.8599999999999,0.0
678,28.25,22.819691903547255,8.249423629728117,8.275862782105419,0.026439152377301767,2.5255532416918807,0.0,0.0,50.27834969489921,8.14324060341191,12.267612857583243,4.124372254171334,868.0367151355572,914.42,46.38328486444277,65.6333026981581,8.230063264847598,10.102873339945795,1.8728100750981973,514.5377223835657,423.51,0.0,1385.0999907608148,1337.9299999999998,0.0
679,28.291666666666668,22.8104197645132,7.716786528920366,7.744022522490541,0.0272359935701747,2.6006129711203734,0.0,0.0,50.26044195698577,7.554365080827449,12.768963425537162,5.214598344709713,1097.1004409756958,812.93,0.0,65.60947604525583,7.679948759433375,10.108477377417307,2.4285286179839316,666.9741759220914,595.41,0.0,1766.6752298689075,1408.34,0.0
680,28.333333333333332,29.077736675806058,7.141288295694701,7.472069108181018,0.3307808124863172,40.2624439210421,0.0,0.0,64.56253139939334,7.189210102105371,13.464670367408935,6.275460265303564,1695.9980873761472,1376.22,0.0,84.28590776306925,7.138736784607862,10.585341935839528,3.446605151231666,1216.0340208499986,729.14,0.0,2952.294552147188,2105.36,0.0
681,28.375,34.18604411279107,9.014365093308434,9.55483808600769,0.5404729926992555,77.34318812481098,76.12,0.0,76.27418447690467,9.13270041224932,15.408274802912189,6.275574390662868,2003.688838379417,1993.87,0.0,99.58214620308523,8.90093036323032,13.267807319633972,4.366876956403653,1820.3364322852553,1716.25,0.0,3901.368458789483,3786.24,0.0
682,28.416666666666668,33.82450877742496,10.965771196643068,11.509467351781641,0.5436961551385728,76.98160898609049,65.54,0.0,75.42579504346811,11.061682834611869,17.641101003109238,6.579418168497369,2077.3353445379294,1978.65,0.0,98.4768675852417,10.848297151815123,15.530032757315558,4.681735605500435,1929.924563424219,1879.94,0.0,4084.241516948239,3924.13,0.0
683,28.458333333333332,33.706729693826546,12.852233258462133,13.368758327184423,0.5165250687222898,72.87981246812998,75.32,2.4401875318700093,75.1412777945701,12.949281146909337,19.558847539932742,6.609566393023405,2078.982192945113,2140.54,61.55780705488678,98.10719136937014,12.738138916182006,17.901158926363255,5.163020010181249,2120.332035676946,1933.39,0.0,4272.194041090189,4149.25,0.0
684,28.5,33.96996617186991,14.772685074307052,15.18975147106396,0.4170663967569084,59.306123595425,57.37,0.0,75.73514869038272,14.868166423787022,21.04601914388559,6.177852720098569,1958.5481679237764,1981.61,23.06183207622348,98.88516614325654,14.653841505131195,20.079583394554867,5.425741889423671,2245.8952749469577,2262.76,16.864725053042548,4263.749566466159,4301.74,37.99043353384059
685,28.541666666666668,34.810080278931686,16.808671228367494,17.22098903136045,0.4123178029929555,60.080887033476934,48.05,0.0,77.65854902665386,16.91140241724068,22.80201163670838,5.890609219467699,1914.9115061328077,1898.47,0.0,101.39805783579015,16.676497571267085,21.786881251337125,5.11038368007004,2169.1139540908766,2181.63,12.516045909123477,4144.106347257161,4128.15,0.0
686,28.583333333333332,35.51420213395785,19.139273711887935,19.526581924790307,0.38730821290237216,57.578187886602485,58.32,0.7418121133975148,79.26664165903662,19.229807245514095,25.015677821339672,5.785870575825577,1919.8106529873521,1889.59,0.0,103.49937607255664,18.98083340299955,23.93198481284077,4.95115140984122,2145.0783682445363,2102.62,0.0,4122.467209118491,4050.5299999999997,0.0
687,28.625,35.6622840466741,21.518923802265313,21.842928945520818,0.3240051432555049,48.36823980739777,42.09,0.0,79.59404174424603,21.607815907124515,27.344540623369756,5.7367247162452415,1911.3657199767401,1904.64,0.0,103.9295485792854,21.354024356584798,26.489749933692188,5.13572557710739,2234.292740622634,2129.39,0.0,4194.026700406772,4076.12,0.0
688,28.666666666666668,34.20774658148906,23.77168518730372,24.14947689072268,0.3777917034189606,54.09736433489246,39.82,0.0,76.22868077385498,23.832030440196135,29.26581364250248,5.433783202306344,1733.883583764651,1871.39,137.5064162353492,99.53554810373042,23.620540124562815,29.06601907075982,5.445478946197003,2268.890410465222,2279.42,10.529589534778097,4056.8713585647656,4190.63,133.7586414352345
689,28.708333333333332,29.22294790541497,24.979960711551797,25.234821985353726,0.2548612738019287,31.176481286986245,54.92,23.743518713013756,64.78341960756744,24.949193962814594,29.706465405173414,4.757271442358821,1290.0930181886781,1557.2,267.10698181132193,84.58785207573457,24.89753009177086,30.842404402269842,5.944874310498982,2104.9893268153596,2202.24,97.25067318464016,3426.258826291024,3814.3599999999997,388.1011737089757
690,28.75,24.21676544276199,24.532798688912138,24.562691077436206,0.02989238852406828,3.0302326804675834,0.0,0.0,53.37201181367382,24.34259385468722,28.420547867372935,4.077954012685716,911.077080374489,1005.03,93.95291962551096,69.68389527635172,24.490009663578746,30.628363699361646,6.1383540357829,1790.5381412772183,1960.63,170.0918587227818,2704.645454332175,2965.66,261.0145456678247
691,28.791666666666668,22.847258074200614,23.46460879641414,23.492782376446797,0.02817358003265724,2.694482379542791,0.0,0.0,50.27026236419225,23.229781419847253,26.791865193636767,3.5620837737895137,749.5739842586469,802.13,52.55601574135312,65.632315720369,23.4187931953977,28.836103661637576,5.417310466239876,1488.3349408449053,1599.54,111.20505915509466,2240.603407483095,2401.67,161.06659251690508
692,28.833333333333332,22.85045365227159,22.255106355829852,22.284606979408565,0.029500623578712748,2.821793616708463,0.0,0.0,50.28207192910984,21.95331836051631,25.153838266412173,3.200519905895863,673.647840089312,682.57,8.922159910688038,65.64616055505674,22.19372914261258,26.692983673607163,4.499254530994584,1236.3718753484188,1356.62,120.24812465158107,1912.8415090544393,2039.19,126.3484909455608
693,28.875,22.849655917121467,20.568533523158617,20.60053759387566,0.032004070717043476,3.061146468039355,0.0,0.0,50.287763549894414,20.157680521746933,23.434692027485234,3.277011505738301,689.8259248370629,650.56,0.0,65.65209824578113,20.48061085948212,24.436625544951994,3.9560146854698743,1087.1907028202377,1096.11,8.919297179762225,1780.07777412534,1746.6699999999998,0.0
694,28.916666666666668,22.844992674558785,18.48242585198046,18.5160604382304,0.03363458624994209,3.216446534994435,0.0,0.0,50.286935012959404,18.003991479022805,21.107040466944785,3.10304898792198,653.1952562310133,715.0,61.80474376898667,65.65041002625276,18.382761894966208,21.894506463237292,3.5117445682710837,965.0717128293405,1059.18,94.10828717065954,1621.4834155953483,1774.18,152.69658440465173
695,28.958333333333332,22.83862385418837,16.040098794481697,16.075475543894484,0.035376749412787234,3.3821049588722976,0.0,0.0,50.282932236625726,15.491740714435169,18.274563476604012,2.782822762168843,585.7406523447638,577.38,0.0,65.643752013988,15.924390042683081,18.90415584594253,2.9797658032594487,818.7941891812002,852.74,33.94581081879983,1407.9169464848364,1430.12,22.203053515163447
696,29.0,22.833845338073015,13.414155869411884,13.449632889849264,0.03547702043737999,3.3909814752675995,0.0,0.0,50.282602320931055,12.88265939740759,15.738406130371141,2.855746732963551,601.0860633899575,581.24,0.0,65.64113108979117,13.30405697616447,15.660613636524127,2.356556660359658,647.5199689601084,768.45,120.93003103989167,1251.9970138253334,1349.69,97.69298617466666
697,29.041666666666668,22.83272508977618,11.289638726426173,11.320981936936757,0.03134321051058464,2.9957147051542132,0.0,0.0,50.2896577973632,10.97376202409121,13.744460999134681,2.770698975043471,583.2667888742506,608.26,24.99321112574944,65.64931032926513,11.238713456464458,13.022903945638424,1.784190489173966,490.30984321173696,509.5,19.19015678826304,1076.5723467911416,1117.76,41.187653208858364
698,29.083333333333332,22.82776407653954,9.955390941498042,9.984407806043095,0.029016864545052812,2.772765117983501,0.0,0.0,50.28528099831088,9.73340540781161,12.572900657790694,2.839495249979084,597.6972420304425,545.95,0.0,65.64345311407754,9.919130760893383,11.45083632214974,1.5317055612563575,420.88740702786623,455.54,34.65259297213379,1021.3574141762922,1001.49,0.0
699,29.125,22.823886003075945,9.014050635199261,9.04139210855888,0.027341473359618007,2.612225877291824,0.0,0.0,50.282277977772544,8.868010234010821,11.713244173351931,2.84523393934111,598.8694363550222,638.67,39.80056364497773,65.6391906906142,8.989562374834264,10.359803728454013,1.3702413536197486,376.4952592410966,371.31,0.0,977.9769214734107,1009.98,32.00307852658932
700,29.166666666666668,22.82149016270321,8.41865308361353,8.444914788678767,0.02626170506523806,2.5088005865557728,0.0,0.0,50.28108431419175,8.317169492580357,11.168634619256256,2.8514651266758992,600.1667388858,549.1,0.0,65.63716895956505,8.401363142613194,9.771083977180778,1.369720834567584,376.3406465831423,369.12,0.0,979.0161860554981,918.22,0.0
701,29.208333333333332,22.820143453956543,7.980706662089569,8.006261416229904,0.02555475414033559,2.441120968559019,0.0,0.0,50.28115199052234,7.914448478392994,11.098007634482286,3.1835591560892924,670.0656692470338,643.16,0.0,65.63634279336874,7.968708446830921,9.274942714024288,1.3062342671933669,358.892738383965,371.93,13.037261616034982,1031.399528599558,1015.0899999999999,0.0
702,29.25,22.818409950458253,7.712167005864042,7.737413466903108,0.02524646103906658,2.411488033339285,0.0,0.0,50.279661981674465,7.6537576913631105,11.225995901004268,3.5722382096411573,751.8513517190904,689.49,0.0,65.63393488133602,7.700769359915074,9.092934721465225,1.392165361550151,382.4885948033673,334.07,0.0,1136.751434555797,1023.56,0.0
703,29.291666666666668,22.812852734340805,7.365959071031712,7.391980962989464,0.026021891957752175,2.4849502039773204,0.0,0.0,50.26921946943448,7.267910823965136,12.315718719795308,5.047807895830172,1062.1948333297607,807.46,0.0,65.61974060152086,7.341609647780232,9.263741279275479,1.9221316314952466,527.9792551480741,419.79,0.0,1592.6590386818123,1227.25,0.0
704,29.333333333333332,22.807546761665613,6.913843832493425,6.939805235879359,0.025961403385934112,2.478597248333132,0.0,0.0,50.25767689774883,6.827898674872108,12.758342445236503,5.930443770364395,1247.6386682830152,1312.44,64.8013317169848,65.6059377301424,6.893798954013443,10.23246341170847,3.3386644576950264,916.8855855810068,626.46,0.0,2167.0028511123555,1938.9,0.0
705,29.375,23.512578187688423,6.6220042179544425,6.648179232789898,0.026175014835455812,2.5762405589463926,0.0,0.0,51.85604227794431,6.605494641871897,12.640488874327328,6.034994232455431,1310.0125346495925,1176.11,0.0,67.69537758885699,6.621702943015312,11.912182801474723,5.290479858459411,1499.1783584645152,1201.27,0.0,2811.767133673054,2377.38,0.0
706,29.416666666666668,24.469576249950784,6.681883388450723,6.7088444316934615,0.026961043242738292,2.761610120059211,0.0,0.0,54.02981177366466,6.718228960886333,13.374954053362158,6.656725092475825,1505.54347340424,1440.31,0.0,70.5342226261281,6.69187728790516,12.559579221335149,5.867701933429989,1732.4757036778467,1795.73,63.25429632215332,3240.780787202146,3236.04,0.0
707,29.458333333333332,24.81556276604391,6.84140401108197,6.869420628183399,0.028016617101429553,2.910308631043107,0.0,0.0,54.81600707430603,6.8573342852793315,13.612350094954884,6.755015809675553,1550.0046146011982,1563.75,13.745385398801773,71.5606392349721,6.841090996461039,12.531499443737243,5.690408447276203,1704.577987455782,1657.84,0.0,3257.4929106880236,3221.59,0.0
708,29.5,24.632887660895545,6.922741534819795,6.950569066948099,0.027827532128304355,2.8693877711260765,0.0,0.0,54.399851397782854,6.929940206402692,13.579882418652584,6.649942212249893,1514.3100640768942,1527.37,13.05993592310574,71.01725767971409,6.921106060605893,12.552627908144412,5.63152184753852,1674.128907002989,1740.45,66.32109299701096,3191.3083588510094,3267.8199999999997,76.5116411489903
709,29.541666666666668,24.396098348893638,6.961621207500868,6.989027741018664,0.027406533517796206,2.7988118710106717,0.0,0.0,53.86055602000237,6.96478717140395,13.44927884170957,6.484491670305619,1461.995356276709,1492.72,30.724643723291138,70.31292698228758,6.960285826728935,12.396906223318947,5.436620396590012,1600.1600047969032,1596.76,0.0,3064.9541729446228,3089.48,24.52582705537725
710,29.583333333333332,24.243617009133548,6.98756478448546,7.014646214693101,0.027081430207640977,2.7483259269490463,0.0,0.0,53.51321829854614,6.990643404009309,13.184467167750366,6.193823763741057,1387.4557411171459,1422.7,35.24425888285418,69.85976780544277,6.986861978221905,12.545746406891551,5.558884428669646,1625.601183609224,1592.86,0.0,3015.805250653319,3015.56,0.0
711,29.625,24.033003922504733,7.011154058998444,7.03775897481637,0.026604915817926234,2.6765118494356015,0.0,0.0,53.0342118795904,7.014515770880043,12.911753002191702,5.897237231311659,1309.1938064806704,1344.07,34.87619351932949,69.23489270364179,7.0107514102561,12.86615724191134,5.85540583165524,1696.9976793390285,1647.97,0.0,3008.8679976691346,2992.04,0.0
712,29.666666666666668,24.030915809733365,7.033790706018003,7.060394528663706,0.026603822645703268,2.6761693341960635,0.0,0.0,53.029294714734874,7.036881608003998,12.799726595387243,5.762844987383245,1279.2399474981326,1266.27,0.0,69.22882803085588,7.033363639607529,13.071004778831798,6.037641139224268,1749.6593411034348,1736.23,0.0,3031.5754579357636,3002.5,0.0
713,29.708333333333332,23.440919855710895,7.052140134971669,7.077535828260257,0.02539569328858793,2.4919191486888077,0.0,0.0,51.68951331033415,7.051424627006498,12.24133483792493,5.189910210918431,1122.952823231197,1284.52,161.56717676880294,67.47950691654532,7.050919203728095,12.904219266118723,5.853300062390628,1653.3770793591289,1753.0,99.62292064087114,2778.821821739015,3037.52,258.69817826098506
714,29.75,22.811813651287487,7.072461669278957,7.0961024838384015,0.023640814559444223,2.2574673384495547,0.0,0.0,50.261175813191784,7.096007458156823,11.34848686254957,4.252479404392748,894.6930983320699,955.59,60.89690166793014,65.61435988096196,7.077791675504658,12.368109042381455,5.290317366876797,1453.0476168716536,1545.25,92.20238312834636,2349.9981825421733,2500.84,150.8418174578269
715,29.791666666666668,22.81475271153622,7.241382609923506,7.264624036939855,0.023241427016349014,2.219615658432546,0.0,0.0,50.26766215894887,7.27744103740374,10.91314741657929,3.6357063791755504,765.0269134659483,827.15,62.12308653405171,65.62276326035263,7.250560191296995,12.029508931692641,4.778948740395646,1312.7623421567034,1352.18,39.41765784329664,2080.0088712810843,2179.33,99.32112871891559
716,29.833333333333332,22.81759420838131,7.37916776767292,7.402506963650906,0.023339195977986726,2.229230452255804,0.0,0.0,50.27481266066277,7.412380112621516,10.682814194015377,3.2704340813938604,688.2640487460611,695.96,7.695951253938915,65.63189996395741,7.385430189820939,11.713942210848298,4.328512021027359,1189.1943268673938,1264.78,75.58567313260619,1879.6876060657107,1960.74,81.05239393428928
717,29.875,22.819750868551267,7.5470755906964975,7.570582250010754,0.023506659314256773,2.245437833543403,0.0,0.0,50.28132825608603,7.565851981839984,10.522991487955041,2.957139506115057,622.4117446343633,673.97,51.55825536563668,65.63993548873297,7.550439054339575,11.222462116404131,3.6720230620645555,1008.9572600129411,1104.49,95.5327399870589,1633.6144424808479,1778.46,144.84555751915218
718,29.916666666666668,22.818286344285287,7.540438352291173,7.56490952775619,0.02447117546501687,2.337421749511227,0.0,0.0,50.27922184354373,7.513626149462804,10.252276753272977,2.7386506038101723,576.400568198239,563.48,0.0,65.63664082232596,7.530498227720653,10.613367385835808,3.0828691581151553,847.0336492015415,903.77,56.73635079845849,1425.7716391492918,1467.25,41.47836085070821
719,29.958333333333332,22.817371119280846,7.42077069147919,7.445342033940906,0.024571342461715773,2.3468952992033625,0.0,0.0,50.27801723316964,7.394835553618329,10.13374355209755,2.738907998479222,576.4409308102724,582.5,6.059069189727552,65.63458938599904,7.413393693444231,10.14424532683126,2.7308516333870294,750.291631093218,780.82,30.52836890678202,1329.079457202694,1363.3200000000002,34.24054279730626
720,30.0,22.816999844873855,7.3222302001911626,7.346643694628551,0.024413494437388827,2.331780737137994,0.0,0.0,50.27790408182527,7.305325976150304,10.29740107613984,2.9920750999895356,629.7220187997843,563.58,0.0,65.63342977238783,7.318253842294154,9.638369575314282,2.3201157330201285,637.4321625709747,710.72,73.28783742902533,1269.4859621078972,1274.3000000000002,4.814037892102988
721,30.041666666666668,22.81741677484957,7.269250166168039,7.293386705350801,0.02413653918276193,2.305370322312879,0.0,0.0,50.2792617977982,7.2666255702448295,10.267756753254211,3.001131183009382,631.6450486021101,689.92,58.27495139788982,65.63421309890037,7.268996201496357,9.117144784134531,1.8481485826381743,507.7692423367211,554.23,46.46075766327891,1141.7196612611442,1244.15,102.43033873885588
722,30.083333333333332,22.817657145181776,7.2671227493458055,7.2912025664582325,0.024079817112427016,2.2999768160043104,0.0,0.0,50.27984224166445,7.2647187720550415,9.896644872405563,2.6319261003505217,553.9452226851993,566.36,12.414777314800745,65.6347682792029,7.266431701872156,8.836018384312913,1.5695866824407574,431.23945200896645,450.65,19.410547991033525,987.4846515101701,1017.01,29.525348489829867
723,30.125,22.81764563384619,7.248000379394264,7.272171905195632,0.02417152580136861,2.308735180350686,0.0,0.0,50.280256635075254,7.241319792090103,9.895504264300204,2.654184472210101,558.6345778922599,534.77,0.0,65.63491728463568,7.245633845457055,8.6323843303462,1.386750484889145,381.0065946073535,400.79,19.7834053926465,941.9499076799641,935.56,0.0
724,30.166666666666668,22.81718440406217,7.214466361052416,7.238750958529003,0.024284597476587066,2.319488297023958,0.0,0.0,50.27973898937536,7.201817841733159,9.946958073497768,2.7451402317646094,577.7723751571103,576.11,0.0,65.63391651254473,7.210703129183599,8.499241249901699,1.2885381207181004,354.01756919332274,349.78,0.0,934.1094326474571,925.89,0.0
725,30.208333333333332,22.81644447572323,7.143977794569241,7.1684025779803155,0.024424783411074458,2.332802187024029,0.0,0.0,50.278931364529036,7.125943019040893,10.746743353943831,3.6208003349029383,762.0611807963186,572.95,0.0,65.6323160180834,7.138732333587775,8.555486939194529,1.4167546056067533,389.23473277614806,346.76,0.0,1153.6287157594907,919.71,0.0
726,30.25,22.816588117613303,7.0908941706827155,7.115076140814032,0.024181970131316177,2.309625719173386,0.0,0.0,50.280080817913955,7.086040982229767,11.063661360960683,3.977620378730916,837.1793802059242,946.67,109.49061979407577,65.63369472094568,7.089966490380722,8.618733633690612,1.5287671433098895,420.0175302265689,420.75,0.7324697734310917,1259.5065361516665,1367.42,107.91346384833355
727,30.291666666666668,22.809770958090876,6.972172700598014,6.997734329793427,0.025561629195412827,2.4406678418029824,0.0,0.0,50.26391421621824,6.88840481709826,10.60479953083901,3.7163947137407503,781.9470817261114,720.45,0.0,65.61273819745705,6.949384302870527,8.531607680071994,1.5822233772014673,434.56543840145304,408.28,0.0,1218.9531879693675,1128.73,0.0
728,30.333333333333332,22.804796083132658,6.540982711203724,6.56651241213491,0.025529700931185673,2.4370876252228286,0.0,0.0,50.25009839198697,6.483147974722908,10.460880391944515,3.977732417221607,836.7037302032106,837.76,1.0562697967893655,65.5958095705182,6.525475812848064,9.057025360330256,2.531549547482192,695.1231499583986,449.86,0.0,1534.263967786832,1287.62,0.0
729,30.375,22.807418627075613,6.502809329050265,6.526359014051729,0.023549685001463594,2.2483320969883063,0.0,0.0,50.254656960923505,6.536113715596563,10.758429292359999,4.222315576763436,888.2316134497694,830.3,0.0,65.603554028136,6.516536559094277,10.129388278306575,3.6128517192122978,992.1486116379518,933.15,0.0,1882.6285571847095,1763.4499999999998,0.0
730,30.416666666666668,22.807432169791138,6.61355030235909,6.6372700532376046,0.023719750878514745,2.264569946304044,0.0,0.0,50.2538734406092,6.629571853369317,11.157969844316378,4.528397990947061,952.6060924548422,941.53,0.0,65.60316693158798,6.617133423161702,10.906246293678459,4.289112870516757,1177.8541166314587,1044.81,0.0,2132.724779032605,1986.34,0.0
731,30.458333333333332,22.807118784923865,6.681294790001679,6.705116565553337,0.02382177555165832,2.274279186727317,0.0,0.0,50.25230031984569,6.692046695807781,11.219396019143977,4.527349323336196,952.3556789165029,958.4,6.044321083497039,65.60147510883881,6.682749602265928,11.242616022418629,4.559866420152701,1252.174771048907,1304.9,52.725228951093186,2206.804729152137,2263.3,56.49527084786314
732,30.5,22.869007380142616,6.723145757620672,6.747185843484238,0.02404008586356632,2.301349363724809,0.0,0.0,50.39103036537504,6.730354265956139,11.067952245232474,4.337597979276335,914.9592678025025,940.75,25.790732197497505,65.78306157333692,6.723585596347575,11.499096977481733,4.775511381134158,1315.0225201339315,1191.89,0.0,2232.283137300159,2132.6400000000003,0.0
733,30.541666666666668,22.87061814563646,6.796823851090134,6.820488002695047,0.023664151604912753,2.265520862553571,0.0,0.0,50.393792077048325,6.823793327325431,11.01411852874212,4.190325201416689,883.942453851619,883.2,0.0,65.7871032157464,6.80311110959987,11.810873106912206,5.007761997312336,1379.0616064921726,1431.91,52.848393507827495,2265.2695812063453,2315.11,49.84041879365486
734,30.583333333333332,22.81113417591446,6.956685183315877,6.979791688810779,0.02310650549490134,2.206380309798407,0.0,0.0,50.25851194269803,7.003676995023442,11.164647676165162,4.16097068114172,875.393878894386,879.0,3.6061211056139655,65.60988725691458,6.967765393933296,11.433289841333739,4.465524447400443,1226.424977477626,1318.47,92.04502252237398,2104.0252366818104,2197.4700000000003,93.44476331818987
735,30.625,22.811745462639944,7.152638099944684,7.176258281714434,0.02362018176974967,2.255490366073455,0.0,0.0,50.260336801087256,7.164516579366908,11.342634684187122,4.178118104820213,879.0333064765323,865.92,0.0,65.61198343265754,7.1536840053745445,11.31896614976737,4.165282144392825,1144.002082888331,1126.06,0.0,2025.2908797309367,1991.98,0.0
736,30.666666666666668,22.809976115165732,7.118298252653879,7.14273946043377,0.02444120777989056,2.333709088757856,0.0,0.0,50.25655595939198,7.096770137130014,11.253250300069999,4.156480162939984,874.4151219015226,885.98,11.56487809847738,65.6073443487473,7.10957794495664,11.519826784097013,4.410248839140373,1211.1969738636672,1153.95,0.0,2087.9458048539477,2039.93,0.0
737,30.708333333333332,22.81361220384423,7.116778677064218,7.1401645813951,0.023385904330881502,2.2333019629177406,0.0,0.0,50.264678226445376,7.156179535611874,10.865846635521265,3.7096670999093915,780.5434239140823,856.49,75.94657608591774,65.61834868082528,7.127292466150185,11.578411395237575,4.45111892908739,1222.626259381726,1260.71,38.08374061827408,2005.402985258726,2117.2,111.79701474127387
738,30.75,22.817431150061644,7.36106427834699,7.38406331149895,0.022999033151959836,2.1967242889674012,0.0,0.0,50.2739601969192,7.406495718585274,10.189907208335889,2.7834114897506153,585.7600338206908,697.79,112.02996617930921,65.63084021297502,7.37284905911805,11.424232950594451,4.051383891476401,1113.0395208526952,1176.26,63.220479147304786,1700.9962789623532,1874.05,173.0537210376467
739,30.791666666666668,22.81640873501143,7.453050662354896,7.477228165241917,0.024177502887020808,2.309180896828309,0.0,0.0,50.27248916906783,7.438147217907257,9.769227706116896,2.331080488209638,490.55406904178597,466.06,0.0,65.62899484388501,7.4455348235051435,11.156659332412831,3.7111245089076874,1019.5311560948536,1040.87,21.33884390514629,1512.394406033468,1506.9299999999998,0.0
740,30.833333333333332,22.817630518171377,7.397883704762682,7.4218966956100445,0.024012990847362303,2.2935912479845664,0.0,0.0,50.27632549987312,7.401945107395984,9.832929644330518,2.4309845369345338,511.61697985103444,508.11,0.0,65.63333619718387,7.397554372191947,10.66341746411342,3.2658630919214735,897.2669663374323,989.2,91.93303366256771,1411.1775374364513,1497.31,86.13246256354864
741,30.875,22.81927349803295,7.464329322622573,7.488133422237922,0.023804099615349017,2.2738027982547355,0.0,0.0,50.281439467825926,7.472335055765063,9.895917350586117,2.4235822948210544,510.1110102094931,508.27,0.0,65.63965564678259,7.466594345629942,10.430254767283886,2.9636604216539437,814.317856938287,795.97,0.0,1326.7026699460348,1304.24,0.0
742,30.916666666666668,22.818198197747083,7.434357521512541,7.458834399328745,0.024476877816203668,2.3379573914533207,0.0,0.0,50.280386051226934,7.409141395007025,9.80953264370234,2.400391248695315,505.2192179840084,505.02,0.0,65.63825318062963,7.426083801264127,10.32730778705667,2.9012239857925426,797.1453151121143,824.01,26.864684887885687,1304.7024904875761,1329.03,24.32750951242383
743,30.958333333333332,22.81702936014365,7.311005012107699,7.335602999506415,0.024597987398716548,2.3494050608337504,0.0,0.0,50.27833393246102,7.284752157519872,9.669290264976024,2.3845381074561516,501.8620651683288,498.32,0.0,65.6354610553714,7.303621546335255,10.089879546505566,2.786258000170311,765.5244969352152,761.25,0.0,1269.7359671643778,1259.57,0.0
