time_sec,total_load,station_supply_temp_set_K,station_supply_temp_set_C,station_supply_temp_warn_C,station_return_temp_max_C,station_cooling_feedforward_W,station_cooling_capacity_W,station_cooling_kp_W_per_K,user3_heat,user3_required_flow_kg_s,user3_valve_opening,user4_heat,user4_required_flow_kg_s,user4_valve_opening,user6_heat,user6_required_flow_kg_s,user6_valve_opening
0,953320.0,280.15,7.0,12.0,20.0,953320.0,8000000.0,1000000.0,130750.0,6.247013855709508,0.4,280610.0,13.407071189679886,0.75,541960.0,25.89393215480172,0.9
3600,749250.0,280.15,7.0,12.0,20.0,749250.0,8000000.0,1000000.0,127880.0,6.1098901098901095,0.4,250740.0,11.979933110367893,0.75,370630.0,17.70807453416149,0.9
7200,698230.0,280.15,7.0,12.0,20.0,698230.0,8000000.0,1000000.0,102170.0,4.881509794553273,0.4,253190.0,12.096989966555183,0.75,342870.0,16.38174868609651,0.9
10800,721339.9999999999,280.15,7.0,12.0,20.0,721339.9999999999,8000000.0,1000000.0,87710.0,4.190635451505017,0.4,352900.0,16.860965121834685,0.75,280730.0,13.41280458671763,0.9
14400,711599.9999999999,280.15,7.0,12.0,20.0,711599.9999999999,8000000.0,1000000.0,137040.0,6.547539417104634,0.4,282720.0,13.5078834209269,0.75,291840.0,13.943621595795507,0.9
18000,718340.0,280.15,7.0,12.0,20.0,718340.0,8000000.0,1000000.0,101660.0,4.857142857142857,0.4,381560.0,18.230291447682752,0.75,235120.0,11.233635929288104,0.9
21600,770740.0,280.15,7.0,12.0,20.0,770740.0,8000000.0,1000000.0,114870.0,5.488294314381271,0.4,410110.0,19.594362159579553,0.75,245760.0,11.741997133301481,0.9
25200,820420.0000000001,280.15,7.0,12.0,20.0,820420.0000000001,8000000.0,1000000.0,113370.0,5.41662685140946,0.4,390510.0,18.657907310081224,0.75,316540.0,15.123745819397994,0.9
28800,1020400.0,280.15,7.0,12.0,20.0,1020400.0,8000000.0,1000000.0,109610.0,5.236980410893454,0.4,569550.0,27.212135690396558,0.75,341240.0,16.30387004300048,0.9
32400,1058540.0,280.15,7.0,12.0,20.0,1058540.0,8000000.0,1000000.0,110630.0,5.285714285714286,0.4,524460.0,25.05781175346393,0.75,423450.0,20.23172479694219,0.9
36000,1222540.0,280.15,7.0,12.0,20.0,1222540.0,8000000.0,1000000.0,84200.0,4.02293358815098,0.4,585480.0,27.973244147157192,0.75,552860.0,26.414715719063548,0.9
39600,1407060.0,280.15,7.0,12.0,20.0,1407060.0,8000000.0,1000000.0,123700.0,5.910176779741997,0.4,593500.0,28.35642618251314,0.75,689860.0,32.960344003822264,0.9
43200,1471280.0000000002,280.15,7.0,12.0,20.0,1471280.0000000002,8000000.0,1000000.0,94180.0,4.499761108456761,0.4,713020.0,34.06688963210702,0.75,664080.0,31.72861920688008,0.9
46800,1446550.0,280.15,7.0,12.0,20.0,1446550.0,8000000.0,1000000.0,83960.0,4.011466794075489,0.4,646430.0,30.8853320592451,0.75,716160.0,34.21691352126135,0.9
50400,1417920.0,280.15,7.0,12.0,20.0,1417920.0,8000000.0,1000000.0,126360.0,6.037267080745342,0.4,544910.0,26.034878165312946,0.75,746650.0,35.67367415193502,0.9
54000,1492830.0,280.15,7.0,12.0,20.0,1492830.0,8000000.0,1000000.0,101960.0,4.871476349737219,0.4,564470.0,26.96942188246536,0.75,826400.0,39.48399426660296,0.9
57600,1535900.0,280.15,7.0,12.0,20.0,1535900.0,8000000.0,1000000.0,85710.0,4.095078834209269,0.4,669860.0,32.00477783086479,0.75,780330.0,37.28284758719541,0.9
61200,1564330.0,280.15,7.0,12.0,20.0,1564330.0,8000000.0,1000000.0,44280.0,2.115623506927855,0.4,671290.0,32.073100812231246,0.75,848760.0,40.55231724796942,0.9
64800,1449130.0,280.15,7.0,12.0,20.0,1449130.0,8000000.0,1000000.0,110840.0,5.29574773053034,0.4,503110.0,24.037744863831822,0.75,835180.0,39.903487816531296,0.9
68400,1287480.0,280.15,7.0,12.0,20.0,1287480.0,8000000.0,1000000.0,90070.0,4.303392259913998,0.4,427710.0,20.43526039178213,0.75,769700.0,36.77496416626852,0.9
72000,1233900.0,280.15,7.0,12.0,20.0,1233900.0,8000000.0,1000000.0,96330.0,4.60248447204969,0.4,418270.0,19.9842331581462,0.75,719300.0,34.36693741041567,0.9
75600,1184679.9999999998,280.15,7.0,12.0,20.0,1184679.9999999998,8000000.0,1000000.0,89300.0,4.266602962255136,0.4,437590.0,20.907310081223123,0.75,657790.0,31.42809364548495,0.9
79200,1041319.9999999999,280.15,7.0,12.0,20.0,1041319.9999999999,8000000.0,1000000.0,66590.0,3.1815575728619208,0.4,357310.0,17.07166746297181,0.75,617420.0,29.499283325370282,0.9
82800,1009370.0,280.15,7.0,12.0,20.0,1009370.0,8000000.0,1000000.0,89640.0,4.2828475871954135,0.4,396470.0,18.942666029622554,0.75,523260.0,25.000477783086478,0.9
86400,882069.9999999999,280.15,7.0,12.0,20.0,882069.9999999999,8000000.0,1000000.0,84270.0,4.02627806975633,0.4,358380.0,17.122790253225038,0.75,439420.0,20.994744386048733,0.9
90000,588810.0000000001,280.15,7.0,12.0,20.0,588810.0000000001,8000000.0,1000000.0,69970.0,3.3430482560917345,0.4,298490.0,14.26134734830387,0.75,220350.0,10.527950310559007,0.9
93600,719410.0,280.15,7.0,12.0,20.0,719410.0,8000000.0,1000000.0,97100.0,4.639273769708552,0.4,334540.0,15.983755375059724,0.75,287770.0,13.749163879598662,0.9
97200,727780.0000000001,280.15,7.0,12.0,20.0,727780.0000000001,8000000.0,1000000.0,85590.0,4.0893454371715245,0.4,402100.0,19.211657907310084,0.75,240090.0,11.471094123268037,0.9
100800,749600.0,280.15,7.0,12.0,20.0,749600.0,8000000.0,1000000.0,118880.0,5.679885332059245,0.4,438510.0,20.951266125179167,0.75,192210.0,9.183468705207837,0.9
104400,801960.0,280.15,7.0,12.0,20.0,801960.0,8000000.0,1000000.0,88270.0,4.217391304347826,0.4,489330.0,23.379359770664117,0.75,224360.0,10.719541328236982,0.9
108000,988330.0,280.15,7.0,12.0,20.0,988330.0,8000000.0,1000000.0,58110.0,2.7763975155279503,0.4,710750.0,33.95843287147635,0.75,219470.0,10.485905398948876,0.9
111600,887760.0,280.15,7.0,12.0,20.0,887760.0,8000000.0,1000000.0,80970.0,3.868609651218347,0.4,582020.0,27.807931199235547,0.75,224770.0,10.73913043478261,0.9
115200,930390.0,280.15,7.0,12.0,20.0,930390.0,8000000.0,1000000.0,83310.0,3.980410893454372,0.4,515690.00000000006,24.63879598662208,0.75,331390.0,15.83325370281892,0.9
118800,1452390.0,280.15,7.0,12.0,20.0,1452390.0,8000000.0,1000000.0,115180.0,5.503105590062113,0.4,712950.0,34.063545150501675,0.75,624260.0,29.82608695652174,0.9
122400,1455870.0,280.15,7.0,12.0,20.0,1455870.0,8000000.0,1000000.0,91130.0,4.354037267080745,0.4,640800.0,30.61634018155757,0.75,723940.0,34.58862876254181,0.9
126000,1651290.0,280.15,7.0,12.0,20.0,1651290.0,8000000.0,1000000.0,113730.0,5.433827042522695,0.4,681760.0,32.57333970377449,0.75,855800.0,40.888676540850454,0.9
129600,1572520.0,280.15,7.0,12.0,20.0,1572520.0,8000000.0,1000000.0,73970.0,3.5341614906832297,0.4,612450.0,29.261825131390353,0.75,886100.0,42.336359292881035,0.9
133200,1702870.0,280.15,7.0,12.0,20.0,1702870.0,8000000.0,1000000.0,69770.0,3.3334925943621596,0.4,644640.0,30.79980888676541,0.75,988460.0,47.226946966077406,0.9
136800,1808100.0000000002,280.15,7.0,12.0,20.0,1808100.0000000002,8000000.0,1000000.0,74430.0,3.556139512661252,0.4,611540.0,29.218346870520783,0.75,1122130.0,53.6134734830387,0.9
140400,1903240.0,280.15,7.0,12.0,20.0,1903240.0,8000000.0,1000000.0,127790.0,6.105590062111801,0.4,717730.0,34.29192546583851,0.75,1057720.0,50.53607262302915,0.9
144000,1887790.0,280.15,7.0,12.0,20.0,1887790.0,8000000.0,1000000.0,46530.0,2.223124701385571,0.4,688160.0,32.879120879120876,0.75,1153100.0,55.09316770186335,0.9
147600,1982389.9999999998,280.15,7.0,12.0,20.0,1982389.9999999998,8000000.0,1000000.0,77380.0,3.6970855231724795,0.4,681310.0,32.55183946488294,0.75,1223700.0,58.46631629240325,0.9
151200,1633000.0,280.15,7.0,12.0,20.0,1633000.0,8000000.0,1000000.0,84960.0,4.059245102723363,0.4,480250.0,22.945532728141423,0.75,1067790.0,51.01720019111323,0.9
154800,1369430.0,280.15,7.0,12.0,20.0,1369430.0,8000000.0,1000000.0,38100.0,1.8203535594839944,0.4,428830.0,20.48877209746775,0.75,902500.0,43.11992355470616,0.9
158400,1990020.0,280.15,7.0,12.0,20.0,1990020.0,8000000.0,1000000.0,593370.0,28.350215002388914,0.4,548780.0,26.21978021978022,0.75,847870.0,40.50979455327281,0.9
162000,1420190.0,280.15,7.0,12.0,20.0,1420190.0,8000000.0,1000000.0,59330.0,2.8346870520783565,0.4,447930.0,21.401337792642142,0.75,912930.0,43.618251313903485,0.9
165600,1483260.0,280.15,7.0,12.0,20.0,1483260.0,8000000.0,1000000.0,55720.0,2.6622073578595318,0.4,617990.0,29.52651696129957,0.75,809550.0,38.67892976588629,0.9
169200,1423780.0,280.15,7.0,12.0,20.0,1423780.0,8000000.0,1000000.0,81190.0,3.879120879120879,0.4,522900.0,24.983277591973245,0.75,819690.0,39.16340181557573,0.9
172800,1205230.0,280.15,7.0,12.0,20.0,1205230.0,8000000.0,1000000.0,57400.0,2.74247491638796,0.4,388160.0,18.54562828475872,0.75,759670.0,36.29574773053034,0.9
176400,989360.0000000001,280.15,7.0,12.0,20.0,989360.0000000001,8000000.0,1000000.0,76340.0,3.647396082178691,0.4,423980.0,20.257047300525564,0.75,489040.0,23.365504061156237,0.9
180000,1042930.0000000001,280.15,7.0,12.0,20.0,1042930.0000000001,8000000.0,1000000.0,63460.0,3.0320114667940756,0.4,452260.0,21.608217869087433,0.75,527210.0,25.189202102245584,0.9
183600,864210.0,280.15,7.0,12.0,20.0,864210.0,8000000.0,1000000.0,96690.0,4.619684663162924,0.4,420100.0,20.071667462971813,0.75,347420.0,16.59913999044434,0.9
187200,929109.9999999999,280.15,7.0,12.0,20.0,929109.9999999999,8000000.0,1000000.0,56560.0,2.702341137123746,0.4,503030.0,24.033922599139988,0.75,369520.0,17.65504061156235,0.9
190800,764370.0,280.15,7.0,12.0,20.0,764370.0,8000000.0,1000000.0,70960.0,3.3903487816531293,0.4,445300.0,21.275680840898232,0.75,248110.0,11.854276158623986,0.9
194400,1141080.0,280.15,7.0,12.0,20.0,1141080.0,8000000.0,1000000.0,57790.0,2.7611084567606308,0.4,821790.0,39.26373626373626,0.75,261500.0,12.494027711419015,0.9
198000,1018240.0,280.15,7.0,12.0,20.0,1018240.0,8000000.0,1000000.0,78990.0,3.7740086000955566,0.4,616060.0,29.43430482560917,0.75,323190.0,15.441471571906355,0.9
201600,1316100.0,280.15,7.0,12.0,20.0,1316100.0,8000000.0,1000000.0,77130.0,3.685140946010511,0.4,696160.0,33.26134734830387,0.75,542810.0,25.934543717152412,0.9
205200,1288390.0,280.15,7.0,12.0,20.0,1288390.0,8000000.0,1000000.0,97600.0,4.663162924032489,0.4,583830.0,27.894409937888202,0.75,606960.0,28.999522216913522,0.9
208800,1537310.0,280.15,7.0,12.0,20.0,1537310.0,8000000.0,1000000.0,63150.0,3.0172001911132345,0.4,675780.0,32.2876254180602,0.75,798380.0,38.14524605828954,0.9
212400,1604510.0,280.15,7.0,12.0,20.0,1604510.0,8000000.0,1000000.0,79780.0,3.811753463927377,0.4,613370.0,29.305781175346393,0.75,911360.0,43.54323936932633,0.9
216000,1731580.0,280.15,7.0,12.0,20.0,1731580.0,8000000.0,1000000.0,75890.0,3.6258958432871475,0.4,674090.0,32.206880076445294,0.75,981600.0,46.89918776875299,0.9
219600,1704150.0,280.15,7.0,12.0,20.0,1704150.0,8000000.0,1000000.0,59090.0,2.8232202580028667,0.4,688420.0,32.89154323936933,0.75,956640.0,45.706641184902054,0.9
223200,1750220.0,280.15,7.0,12.0,20.0,1750220.0,8000000.0,1000000.0,80080.0,3.8260869565217392,0.4,599430.0,28.63975155279503,0.75,1070710.0,51.156712852365025,0.9
226800,1639159.9999999998,280.15,7.0,12.0,20.0,1639159.9999999998,8000000.0,1000000.0,42040.0,2.0086000955566172,0.4,665540.0,31.798375537505972,0.75,931580.0,44.50931677018634,0.9
230400,1705110.0000000002,280.15,7.0,12.0,20.0,1705110.0000000002,8000000.0,1000000.0,0.0,0.0,0.4,589580.0,28.169135212613476,0.75,1115530.0,53.298136645962735,0.9
234000,1778080.0000000002,280.15,7.0,12.0,20.0,1778080.0000000002,8000000.0,1000000.0,87990.0,4.2040133779264215,0.4,637450.0,30.456282847587197,0.75,1052640.0,50.29335881509795,0.9
237600,1536409.9999999998,280.15,7.0,12.0,20.0,1536409.9999999998,8000000.0,1000000.0,88390.0,4.223124701385571,0.4,554090.0,26.473483038700433,0.75,893930.0,42.71046344959388,0.9
241200,1423850.0,280.15,7.0,12.0,20.0,1423850.0,8000000.0,1000000.0,85610.0,4.090301003344481,0.4,499510.0,23.865742952699474,0.75,838730.0,40.073100812231246,0.9
244800,1327000.0,280.15,7.0,12.0,20.0,1327000.0,8000000.0,1000000.0,69310.0,3.3115145723841377,0.4,407630.0,19.475871954132824,0.75,850060.0,40.61442904921166,0.9
248400,1261260.0,280.15,7.0,12.0,20.0,1261260.0,8000000.0,1000000.0,62140.0,2.968944099378882,0.4,393520.0,18.801720019111322,0.75,805600.0,38.49020544672719,0.9
252000,1238820.0,280.15,7.0,12.0,20.0,1238820.0,8000000.0,1000000.0,48440.0,2.31438127090301,0.4,411770.0,19.67367415193502,0.75,778610.0,37.20066889632107,0.9
255600,1180750.0,280.15,7.0,12.0,20.0,1180750.0,8000000.0,1000000.0,79630.0,3.8045867176301957,0.4,376410.0,17.984233158146203,0.75,724710.0,34.62541806020067,0.9
259200,1111650.0,280.15,7.0,12.0,20.0,1111650.0,8000000.0,1000000.0,59870.0,2.860487338748208,0.4,435160.0,20.791208791208792,0.75,616620.0,29.461060678451982,0.9
262800,883300.0000000001,280.15,7.0,12.0,20.0,883300.0000000001,8000000.0,1000000.0,72280.0,3.4534161490683233,0.4,395920.0,18.91638795986622,0.75,415100.0,19.83277591973244,0.9
266400,876490.0,280.15,7.0,12.0,20.0,876490.0,8000000.0,1000000.0,85150.0,4.06832298136646,0.4,386470.0,18.464882943143813,0.75,404870.0,19.344003822264693,0.9
270000,827000.0,280.15,7.0,12.0,20.0,827000.0,8000000.0,1000000.0,62180.0,2.970855231724797,0.4,411080.0,19.64070711896799,0.75,353740.0,16.9010989010989,0.9
273600,586120.0,280.15,7.0,12.0,20.0,586120.0,8000000.0,1000000.0,57680.0,2.7558528428093645,0.4,295480.0,14.11753463927377,0.75,232960.0,11.130434782608695,0.9
277200,674560.0,280.15,7.0,12.0,20.0,674560.0,8000000.0,1000000.0,67850.0,3.2417582417582413,0.4,319400.0,15.260391782130911,0.75,287310.0,13.72718585762064,0.9
280800,713630.0,280.15,7.0,12.0,20.0,713630.0,8000000.0,1000000.0,72770.0,3.4768275203057812,0.4,430660.0,20.57620640229336,0.75,210200.0,10.043000477783085,0.9
284400,694620.0,280.15,7.0,12.0,20.0,694620.0,8000000.0,1000000.0,48830.0,2.3330148112756808,0.4,423710.0,20.244147157190636,0.75,222080.0,10.61060678451983,0.9
288000,986370.0000000001,280.15,7.0,12.0,20.0,986370.0000000001,8000000.0,1000000.0,96760.0,4.623029144768275,0.4,474910.0,22.69039655996178,0.75,414700.0,19.81366459627329,0.9
291600,1117940.0,280.15,7.0,12.0,20.0,1117940.0,8000000.0,1000000.0,61020.0,2.9154323936932633,0.4,503210.0,24.042522694696608,0.75,553710.0,26.45532728141424,0.9
295200,1288090.0000000002,280.15,7.0,12.0,20.0,1288090.0000000002,8000000.0,1000000.0,91790.0,4.385570950788343,0.4,557470.0,26.634973721930244,0.75,638830.0,30.522216913521262,0.9
298800,1097650.0,280.15,7.0,12.0,20.0,1097650.0,8000000.0,1000000.0,82820.0,3.9569995222169134,0.4,284830.0,13.608695652173912,0.75,730000.0,34.87816531294792,0.9
302400,1065750.0,280.15,7.0,12.0,20.0,1065750.0,8000000.0,1000000.0,62100.0,2.967032967032967,0.4,165810.0,7.922121356903966,0.75,837840.0,40.03057811753464,0.9
306000,1147040.0,280.15,7.0,12.0,20.0,1147040.0,8000000.0,1000000.0,66020.0,3.1543239369326326,0.4,200050.0,9.558050645007167,0.75,880970.0,42.09125656951744,0.9
309600,1228920.0,280.15,7.0,12.0,20.0,1228920.0,8000000.0,1000000.0,81170.0,3.878165312947922,0.4,288020.0,13.76110845676063,0.75,859730.0,41.0764452938366,0.9
313200,1283850.0,280.15,7.0,12.0,20.0,1283850.0,8000000.0,1000000.0,63560.0,3.036789297658863,0.4,301500.0,14.40516005733397,0.75,918790.0,43.898232202580026,0.9
316800,1360110.0000000002,280.15,7.0,12.0,20.0,1360110.0000000002,8000000.0,1000000.0,64739.99999999999,3.093167701863354,0.4,263720.0,12.600095556617298,0.75,1031650.0000000001,49.29049211657908,0.9
320400,1399759.9999999998,280.15,7.0,12.0,20.0,1399759.9999999998,8000000.0,1000000.0,81980.0,3.9168657429527,0.4,237920.0,11.367415193502149,0.75,1079860.0,51.593884376493065,0.9
324000,1218750.0,280.15,7.0,12.0,20.0,1218750.0,8000000.0,1000000.0,91090.0,4.352126134734831,0.4,158920.0,7.592928810320114,0.75,968740.0,46.28475871954133,0.9
327600,1047250.0,280.15,7.0,12.0,20.0,1047250.0,8000000.0,1000000.0,70540.0,3.3702818920210227,0.4,90850.0,4.34065934065934,0.75,885860.0,42.324892498805546,0.9
331200,1044440.0,280.15,7.0,12.0,20.0,1044440.0,8000000.0,1000000.0,95390.0,4.557572861920688,0.4,115300.0,5.508838987099857,0.75,833750.0,39.83516483516483,0.9
334800,923360.0,280.15,7.0,12.0,20.0,923360.0,8000000.0,1000000.0,85080.0,4.064978499761108,0.4,90650.0,4.331103678929766,0.75,747630.0,35.72049689440994,0.9
338400,846900.0,280.15,7.0,12.0,20.0,846900.0,8000000.0,1000000.0,56570.0,2.7028189202102246,0.4,79940.0,3.819397993311037,0.75,710390.0,33.941232680363115,0.9
342000,836410.0000000001,280.15,7.0,12.0,20.0,836410.0000000001,8000000.0,1000000.0,76740.0,3.6665074056378404,0.4,102830.0,4.913043478260869,0.75,656840.0,31.382704252269473,0.9
345600,811770.0,280.15,7.0,12.0,20.0,811770.0,8000000.0,1000000.0,104040.0,4.970855231724797,0.4,70210.0,3.354515050167224,0.75,637520.0,30.459627329192546,0.9
349200,645050.0,280.15,7.0,12.0,20.0,645050.0,8000000.0,1000000.0,85580.0,4.088867654085045,0.4,102740.0,4.908743430482561,0.75,456730.0,21.82178690874343,0.9
352800,602849.9999999999,280.15,7.0,12.0,20.0,602849.9999999999,8000000.0,1000000.0,97770.0,4.671285236502627,0.4,90490.0,4.323459149546106,0.75,414590.0,19.808408982322025,0.9
356400,512630.0,280.15,7.0,12.0,20.0,512630.0,8000000.0,1000000.0,88030.0,4.205924510272337,0.4,76870.0,3.6727185857620643,0.75,347730.0,16.61395126612518,0.9
360000,541890.0,280.15,7.0,12.0,20.0,541890.0,8000000.0,1000000.0,87980.0,4.203535594839943,0.4,80770.0,3.859053989488772,0.75,373140.0,17.827998088867652,0.9
363600,384490.0,280.15,7.0,12.0,20.0,384490.0,8000000.0,1000000.0,54170.0,2.5881509794553272,0.4,78270.0,3.7396082178690873,0.75,252050.0,12.042522694696608,0.9
367200,796530.0,280.15,7.0,12.0,20.0,796530.0,8000000.0,1000000.0,106000.0,5.06450071667463,0.4,387420.0,18.510272336359293,0.75,303110.0,14.482083134257048,0.9
370800,580150.0,280.15,7.0,12.0,20.0,580150.0,8000000.0,1000000.0,48710.0,2.327281414237936,0.4,219680.0,10.49593884376493,0.75,311760.0,14.895365504061155,0.9
374400,798450.0,280.15,7.0,12.0,20.0,798450.0,8000000.0,1000000.0,76630.0,3.661251791686574,0.4,259160.00000000003,12.382226469182992,0.75,462660.0,22.105112279025324,0.9
378000,944449.9999999999,280.15,7.0,12.0,20.0,944449.9999999999,8000000.0,1000000.0,0.0,0.0,0.4,255020.0,12.184424271380793,0.75,689430.0,32.93979933110368,0.9
381600,993569.9999999999,280.15,7.0,12.0,20.0,993569.9999999999,8000000.0,1000000.0,0.0,0.0,0.4,286550.0,13.690874343048257,0.75,707020.0,33.78021978021978,0.9
385200,1515170.0,280.15,7.0,12.0,20.0,1515170.0,8000000.0,1000000.0,0.0,0.0,0.4,566120.0,27.048256091734352,0.75,949050.0,45.34400382226469,0.9
388800,1551260.0,280.15,7.0,12.0,20.0,1551260.0,8000000.0,1000000.0,109040.0,5.209746774964167,0.4,477000.0,22.790253225035833,0.75,965220.0,46.116579073100816,0.9
392400,1567200.0,280.15,7.0,12.0,20.0,1567200.0,8000000.0,1000000.0,131760.0,6.2952699474438605,0.4,491670.0,23.491161012900143,0.75,943770.0,45.091734352603915,0.9
396000,1525219.9999999998,280.15,7.0,12.0,20.0,1525219.9999999998,8000000.0,1000000.0,92430.0,4.416149068322982,0.4,481140.0,22.98805542283803,0.75,951650.0,45.468227424749166,0.9
399600,1637310.0,280.15,7.0,12.0,20.0,1637310.0,8000000.0,1000000.0,58370.0,2.7888198757763973,0.4,471670.0,22.535594839942668,0.75,1107270.0,52.903487816531296,0.9
403200,1492060.0,280.15,7.0,12.0,20.0,1492060.0,8000000.0,1000000.0,85390.0,4.07978977544195,0.4,345900.0,16.52651696129957,0.75,1060770.0,50.68179646440516,0.9
406800,1596909.9999999998,280.15,7.0,12.0,20.0,1596909.9999999998,8000000.0,1000000.0,89750.0,4.288103201146679,0.4,353320.0,16.881032011466793,0.75,1153840.0,55.12852365026278,0.9
410400,1213880.0,280.15,7.0,12.0,20.0,1213880.0,8000000.0,1000000.0,90080.0,4.303870043000478,0.4,216910.0,10.36359292881032,0.75,906890.0,43.32967032967033,0.9
414000,1069600.0,280.15,7.0,12.0,20.0,1069600.0,8000000.0,1000000.0,69660.0,3.3282369804108933,0.4,128600.0,6.144290492116579,0.75,871340.0,41.63115145723842,0.9
417600,1032420.0000000001,280.15,7.0,12.0,20.0,1032420.0000000001,8000000.0,1000000.0,81030.0,3.8714763497372195,0.4,128270.00000000001,6.128523650262781,0.75,823120.0,39.32728141423794,0.9
421200,1001890.0,280.15,7.0,12.0,20.0,1001890.0,8000000.0,1000000.0,70610.0,3.3736263736263736,0.4,134490.0,6.425704730052557,0.75,796790.0,38.06927854753942,0.9
424800,959260.0,280.15,7.0,12.0,20.0,959260.0,8000000.0,1000000.0,59620.0,2.84854276158624,0.4,120350.0,5.750119445771619,0.75,779290.0,37.233158146201625,0.9
428400,919760.0,280.15,7.0,12.0,20.0,919760.0,8000000.0,1000000.0,67020.0,3.202102245580506,0.4,107960.0,5.158146201624462,0.75,744780.0,35.584328714763494,0.9
432000,921370.0000000001,280.15,7.0,12.0,20.0,921370.0000000001,8000000.0,1000000.0,98550.0,4.708552317247969,0.4,117130.0,5.596273291925466,0.75,705690.0,33.71667462971811,0.9
435600,611400.0,280.15,7.0,12.0,20.0,611400.0,8000000.0,1000000.0,118020.0,5.638795986622074,0.4,74230.0,3.546583850931677,0.75,419150.0,20.02627806975633,0.9
439200,577410.0000000001,280.15,7.0,12.0,20.0,577410.0000000001,8000000.0,1000000.0,72190.0,3.4491161012900142,0.4,118420.0,5.657907310081224,0.75,386800.0,18.480649784997613,0.9
442800,456620.0,280.15,7.0,12.0,20.0,456620.0,8000000.0,1000000.0,22360.0,1.0683229813664596,0.4,104060.0,4.971810797897755,0.75,330200.0,15.77639751552795,0.9
446400,450640.0,280.15,7.0,12.0,20.0,450640.0,8000000.0,1000000.0,77320.0,3.694218824653607,0.4,103480.0,4.944099378881988,0.75,269840.0,12.892498805542283,0.9
450000,487919.99999999994,280.15,7.0,12.0,20.0,487919.99999999994,8000000.0,1000000.0,99450.0,4.751552795031056,0.4,118190.0,5.646918299092212,0.75,270280.0,12.913521261347347,0.9
453600,811999.9999999999,280.15,7.0,12.0,20.0,811999.9999999999,8000000.0,1000000.0,73630.0,3.5179168657429525,0.4,503950.0,24.077878643096035,0.75,234420.0,11.200191113234592,0.9
457200,656190.0,280.15,7.0,12.0,20.0,656190.0,8000000.0,1000000.0,56930.0,2.720019111323459,0.4,295460.0,14.116579073100812,0.75,303800.0,14.51505016722408,0.9
460800,1089330.0,280.15,7.0,12.0,20.0,1089330.0,8000000.0,1000000.0,263950.0,12.611084567606307,0.4,332700.0,15.895843287147635,0.75,492680.0,23.539417104634495,0.9
464400,1148330.0,280.15,7.0,12.0,20.0,1148330.0,8000000.0,1000000.0,217890.0,10.410415671285236,0.4,364050.0,17.39369326325848,0.75,566390.0,27.06115623506928,0.9
468000,1232690.0,280.15,7.0,12.0,20.0,1232690.0,8000000.0,1000000.0,196350.0,9.381270903010034,0.4,389480.0,18.608695652173914,0.75,646860.0,30.90587673196369,0.9
471600,1461960.0,280.15,7.0,12.0,20.0,1461960.0,8000000.0,1000000.0,199650.0,9.538939321548018,0.4,346940.0,16.57620640229336,0.75,915370.0,43.7348303870043,0.9
475200,1495840.0,280.15,7.0,12.0,20.0,1495840.0,8000000.0,1000000.0,195260.0,9.329192546583851,0.4,338900.0,16.192068800764453,0.75,961680.0,45.94744386048734,0.9
478800,1584409.9999999998,280.15,7.0,12.0,20.0,1584409.9999999998,8000000.0,1000000.0,204790.0,9.78451982799809,0.4,417720.0,19.957955088389873,0.75,961900.0,45.95795508838987,0.9
482400,1544170.0,280.15,7.0,12.0,20.0,1544170.0,8000000.0,1000000.0,206570.0,9.869565217391305,0.4,322640.0,15.415193502150023,0.75,1014960.0,48.49307214524606,0.9
486000,1623899.9999999998,280.15,7.0,12.0,20.0,1623899.9999999998,8000000.0,1000000.0,257149.99999999997,12.286192068800764,0.4,360940.0,17.245102723363594,0.75,1005810.0,48.05590062111801,0.9
489600,1606150.0,280.15,7.0,12.0,20.0,1606150.0,8000000.0,1000000.0,191300.0,9.13999044433827,0.4,400600.0,19.13999044433827,0.75,1014250.0,48.45914954610607,0.9
493200,1828550.0,280.15,7.0,12.0,20.0,1828550.0,8000000.0,1000000.0,127370.0,6.085523172479695,0.4,371390.0,17.744386048733876,0.75,1329790.0,63.53511705685619,0.9
496800,1474909.9999999998,280.15,7.0,12.0,20.0,1474909.9999999998,8000000.0,1000000.0,79610.0,3.8036311514572385,0.4,216990.0,10.36741519350215,0.75,1178310.0,56.297658862876254,0.9
500400,1299030.0000000002,280.15,7.0,12.0,20.0,1299030.0000000002,8000000.0,1000000.0,81170.0,3.878165312947922,0.4,118480.0,5.660774008600096,0.75,1099380.0,52.52651696129958,0.9
504000,1309410.0,280.15,7.0,12.0,20.0,1309410.0,8000000.0,1000000.0,69210.0,3.30673674151935,0.4,117710.0,5.623984710941232,0.75,1122490.0,53.630673674151936,0.9
507600,1091790.0,280.15,7.0,12.0,20.0,1091790.0,8000000.0,1000000.0,76230.0,3.642140468227425,0.4,130400.0,6.2302914476827524,0.75,885160.0,42.29144768275203,0.9
511200,1059600.0,280.15,7.0,12.0,20.0,1059600.0,8000000.0,1000000.0,89150.0,4.2594362159579555,0.4,123890.0,5.919254658385094,0.75,846560.0,40.4472049689441,0.9
514800,925630.0000000001,280.15,7.0,12.0,20.0,925630.0000000001,8000000.0,1000000.0,75420.0,3.6034400382226472,0.4,128770.00000000001,6.152412804586718,0.75,721440.0,34.46918299092212,0.9
518400,858590.0,280.15,7.0,12.0,20.0,858590.0,8000000.0,1000000.0,75430.0,3.603917821309126,0.4,129770.00000000001,6.200191113234592,0.75,653390.0,31.217869087434305,0.9
522000,600530.0,280.15,7.0,12.0,20.0,600530.0,8000000.0,1000000.0,48940.0,2.338270425226947,0.4,98440.0,4.7032967032967035,0.75,453150.0,21.65074056378404,0.9
525600,595569.9999999999,280.15,7.0,12.0,20.0,595569.9999999999,8000000.0,1000000.0,53890.0,2.5747730530339226,0.4,137250.0,6.557572861920688,0.75,404430.0,19.32298136645963,0.9
529200,518610.0,280.15,7.0,12.0,20.0,518610.0,8000000.0,1000000.0,41880.0,2.0009555661729577,0.4,121130.0,5.787386526516961,0.75,355600.0,16.989966555183948,0.9
532800,447030.0,280.15,7.0,12.0,20.0,447030.0,8000000.0,1000000.0,57340.0,2.7396082178690877,0.4,126240.0,6.031533683707597,0.75,263450.0,12.58719541328237,0.9
536400,384140.0,280.15,7.0,12.0,20.0,384140.0,8000000.0,1000000.0,54550.0,2.6063067367415194,0.4,120510.0,5.75776397515528,0.75,209080.0,9.989488772097468,0.9
540000,796230.0,280.15,7.0,12.0,20.0,796230.0,8000000.0,1000000.0,63570.0,3.0372670807453415,0.4,539010.0,25.752986144290492,0.75,193650.0,9.252269469660774,0.9
543600,597450.0,280.15,7.0,12.0,20.0,597450.0,8000000.0,1000000.0,72230.0,3.4510272336359296,0.4,309310.0,14.778308647873866,0.75,215910.0,10.315814620162445,0.9
547200,701430.0000000001,280.15,7.0,12.0,20.0,701430.0000000001,8000000.0,1000000.0,75380.0,3.601528905876732,0.4,382600.0,18.27998088867654,0.75,243450.0,11.631629240324893,0.9
550800,1360770.0,280.15,7.0,12.0,20.0,1360770.0,8000000.0,1000000.0,290830.0,13.895365504061155,0.4,407830.0,19.4854276158624,0.75,662110.0,31.634495938843767,0.9
554400,1507429.9999999998,280.15,7.0,12.0,20.0,1507429.9999999998,8000000.0,1000000.0,252210.0,12.050167224080267,0.4,380430.0,18.176301958910656,0.75,874790.0,41.79598662207358,0.9
558000,1770010.0,280.15,7.0,12.0,20.0,1770010.0,8000000.0,1000000.0,275990.0,13.186335403726709,0.4,506350.0,24.192546583850934,0.75,987670.0,47.18920210224558,0.9
561600,2000210.0,280.15,7.0,12.0,20.0,2000210.0,8000000.0,1000000.0,254780.0,12.172957477305303,0.4,574520.0,27.449593884376494,0.75,1170910.0,55.944099378881994,0.9
565200,1979670.0,280.15,7.0,12.0,20.0,1979670.0,8000000.0,1000000.0,299740.0,14.321070234113712,0.4,497300.0,23.760152890587673,0.75,1182630.0,56.504061156235075,0.9
568800,2066170.0,280.15,7.0,12.0,20.0,2066170.0,8000000.0,1000000.0,312540.0,14.932632584806498,0.4,440270.0,21.035355948399427,0.75,1313360.0,62.75011944577162,0.9
572400,2169800.0,280.15,7.0,12.0,20.0,2169800.0,8000000.0,1000000.0,307620.0,14.697563306258958,0.4,412250.0,19.696607740086,0.75,1449930.0,69.27520305781175,0.9
576000,2196750.0,280.15,7.0,12.0,20.0,2196750.0,8000000.0,1000000.0,308950.0,14.761108456760631,0.4,434240.0,20.747252747252748,0.75,1453560.0,69.44863831820354,0.9
579600,2059680.0000000002,280.15,7.0,12.0,20.0,2059680.0000000002,8000000.0,1000000.0,299770.0,14.322503583373148,0.4,366910.0,17.5303392259914,0.75,1393000.0,66.5551839464883,0.9
583200,1676020.0,280.15,7.0,12.0,20.0,1676020.0,8000000.0,1000000.0,217280.0,10.381270903010034,0.4,255110.0,12.188724319159103,0.75,1203630.0,57.50740563784043,0.9
586800,1262870.0000000002,280.15,7.0,12.0,20.0,1262870.0000000002,8000000.0,1000000.0,85250.0,4.073100812231247,0.4,138480.0,6.616340181557573,0.75,1039140.0000000001,49.64835164835166,0.9
590400,1168870.0,280.15,7.0,12.0,20.0,1168870.0,8000000.0,1000000.0,91020.0,4.348781653129479,0.4,138960.0,6.639273769708553,0.75,938890.0,44.85857620640229,0.9
594000,1088470.0,280.15,7.0,12.0,20.0,1088470.0,8000000.0,1000000.0,88980.0,4.251313903487817,0.4,129850.0,6.2040133779264215,0.75,869640.0,41.54992833253703,0.9
597600,1061390.0,280.15,7.0,12.0,20.0,1061390.0,8000000.0,1000000.0,95300.0,4.553272814142379,0.4,132650.0,6.337792642140468,0.75,833440.0,39.820353559484,0.9
601200,983599.9999999999,280.15,7.0,12.0,20.0,983599.9999999999,8000000.0,1000000.0,92380.0,4.413760152890587,0.4,131670.0,6.290969899665551,0.75,759550.0,36.29001433349259,0.9
604800,1088760.0,280.15,7.0,12.0,20.0,1088760.0,8000000.0,1000000.0,100580.0,4.805542283803153,0.4,319320.0,15.256569517439083,0.75,668860.0,31.956999522216915,0.9
608400,973130.0,280.15,7.0,12.0,20.0,973130.0,8000000.0,1000000.0,91130.0,4.354037267080745,0.4,401120.0,19.164835164835164,0.75,480880.0,22.975633062589583,0.9
612000,810410.0,280.15,7.0,12.0,20.0,810410.0,8000000.0,1000000.0,100620.0,4.807453416149069,0.4,356270.0,17.021978021978022,0.75,353520.0,16.890587673196368,0.9
615600,707770.0,280.15,7.0,12.0,20.0,707770.0,8000000.0,1000000.0,89790.0,4.290014333492595,0.4,330130.0,15.773053033922599,0.75,287850.0,13.752986144290494,0.9
619200,440310.00000000006,280.15,7.0,12.0,20.0,440310.00000000006,8000000.0,1000000.0,73390.0,3.506450071667463,0.4,135900.0,6.4930721452460585,0.75,231020.0,11.03774486383182,0.9
622800,426050.0,280.15,7.0,12.0,20.0,426050.0,8000000.0,1000000.0,82010.0,3.918299092212136,0.4,133150.0,6.3616817964644055,0.75,210890.0,10.075967510750118,0.9
626400,615140.0,280.15,7.0,12.0,20.0,615140.0,8000000.0,1000000.0,57680.0,2.7558528428093645,0.4,347940.0,16.623984710941233,0.75,209520.0,10.010511227902533,0.9
630000,702500.0,280.15,7.0,12.0,20.0,702500.0,8000000.0,1000000.0,62580.0,2.9899665551839463,0.4,381270.0,18.21643573817487,0.75,258649.99999999997,12.357859531772574,0.9
633600,800349.9999999999,280.15,7.0,12.0,20.0,800349.9999999999,8000000.0,1000000.0,83620.0,3.995222169135213,0.4,367780.0,17.57190635451505,0.75,348950.0,16.672240802675585,0.9
637200,1089330.0,280.15,7.0,12.0,20.0,1089330.0,8000000.0,1000000.0,84110.0,4.0186335403726705,0.4,386500.0,18.46631629240325,0.75,618720.0,29.56139512661252,0.9
640800,1387910.0,280.15,7.0,12.0,20.0,1387910.0,8000000.0,1000000.0,83610.0,3.9947443860487337,0.4,338790.0,16.18681318681319,0.75,965510.0,46.130434782608695,0.9
644400,1475590.0000000002,280.15,7.0,12.0,20.0,1475590.0000000002,8000000.0,1000000.0,60300.0,2.881032011466794,0.4,341640.0,16.322981366459626,0.75,1073650.0,51.29718107978978,0.9
648000,1526570.0000000002,280.15,7.0,12.0,20.0,1526570.0000000002,8000000.0,1000000.0,67220.0,3.211657907310081,0.4,336470.0,16.07596751075012,0.75,1122880.0,53.64930721452461,0.9
651600,1905219.9999999998,280.15,7.0,12.0,20.0,1905219.9999999998,8000000.0,1000000.0,335780.0,16.043000477783085,0.4,377880.0,18.054467271858577,0.75,1191560.0,56.93072145246058,0.9
655200,1793899.9999999998,280.15,7.0,12.0,20.0,1793899.9999999998,8000000.0,1000000.0,219100.0,10.468227424749164,0.4,415690.0,19.86096512183469,0.75,1159110.0,55.38031533683707,0.9
658800,1983610.0000000002,280.15,7.0,12.0,20.0,1983610.0000000002,8000000.0,1000000.0,257630.0,12.309125656951744,0.4,392550.0,18.755375059722887,0.75,1333430.0,63.70903010033445,0.9
662400,1967610.0,280.15,7.0,12.0,20.0,1967610.0,8000000.0,1000000.0,224110.0,10.707596751075013,0.4,391160.0,18.688963210702344,0.75,1352340.0,64.61251791686574,0.9
666000,1889990.0,280.15,7.0,12.0,20.0,1889990.0,8000000.0,1000000.0,194980.0,9.315814620162445,0.4,375470.0,17.9393215480172,0.75,1319540.0,63.04538939321548,0.9
669600,1510480.0,280.15,7.0,12.0,20.0,1510480.0,8000000.0,1000000.0,91830.0,4.387482083134257,0.4,277250.0,13.24653607262303,0.75,1141400.0,54.53416149068323,0.9
673200,1246290.0,280.15,7.0,12.0,20.0,1246290.0,8000000.0,1000000.0,77810.0,3.717630195891066,0.4,121440.0,5.802197802197802,0.75,1047040.0,50.02580028666985,0.9
676800,1154480.0,280.15,7.0,12.0,20.0,1154480.0,8000000.0,1000000.0,73580.0,3.5155279503105588,0.4,130860.00000000001,6.252269469660774,0.75,950040.0,45.391304347826086,0.9
680400,1092510.0,280.15,7.0,12.0,20.0,1092510.0,8000000.0,1000000.0,66500.0,3.177257525083612,0.4,112360.0,5.368370759675107,0.75,913650.0,43.65265169612996,0.9
684000,951530.0,280.15,7.0,12.0,20.0,951530.0,8000000.0,1000000.0,38320.0,1.8308647873865265,0.4,116580.0,5.569995222169135,0.75,796630.0,38.06163401815576,0.9
687600,982500.0,280.15,7.0,12.0,20.0,982500.0,8000000.0,1000000.0,78070.0,3.7300525561395124,0.4,124060.0,5.9273769708552315,0.75,780370.0,37.28475871954133,0.9
691200,822110.0,280.15,7.0,12.0,20.0,822110.0,8000000.0,1000000.0,49940.0,2.3860487338748206,0.4,106660.0,5.096034400382226,0.75,665510.0,31.796942188246536,0.9
694800,686060.0,280.15,7.0,12.0,20.0,686060.0,8000000.0,1000000.0,80620.0,3.8518872431915914,0.4,104890.0,5.01146679407549,0.75,500550.0,23.915432393693266,0.9
698400,642990.0,280.15,7.0,12.0,20.0,642990.0,8000000.0,1000000.0,74520.0,3.5604395604395602,0.4,113120.0,5.404682274247492,0.75,455350.0,21.755852842809364,0.9
702000,605760.0,280.15,7.0,12.0,20.0,605760.0,8000000.0,1000000.0,75970.0,3.6297181079789778,0.4,125790.0,6.010033444816054,0.75,404000.0,19.302436693741043,0.9
705600,447480.0,280.15,7.0,12.0,20.0,447480.0,8000000.0,1000000.0,83820.0,4.0047778308647874,0.4,122990.0,5.8762541806020065,0.75,240670.0,11.498805542283803,0.9
709200,456660.0,280.15,7.0,12.0,20.0,456660.0,8000000.0,1000000.0,93000.0,4.4433827042522696,0.4,97170.0,4.642618251313904,0.75,266490.0,12.732441471571907,0.9
712800,738600.0,280.15,7.0,12.0,20.0,738600.0,8000000.0,1000000.0,80120.0,3.827998088867654,0.4,448010.0,21.40516005733397,0.75,210470.0,10.055900621118013,0.9
716400,759160.0,280.15,7.0,12.0,20.0,759160.0,8000000.0,1000000.0,72130.0,3.4462494027711417,0.4,302840.0,14.469182990922121,0.75,384190.0,18.355948399426662,0.9
720000,1156660.0,280.15,7.0,12.0,20.0,1156660.0,8000000.0,1000000.0,84880.0,4.055422838031533,0.4,637470.0,30.457238413760155,0.75,434310.0,20.750597228858098,0.9
723600,2331670.0,280.15,7.0,12.0,20.0,2331670.0,8000000.0,1000000.0,239320.0,11.434304825609173,0.4,1062680.0,50.7730530339226,0.75,1029670.0000000001,49.19589106545629,0.9
727200,2705189.9999999995,280.15,7.0,12.0,20.0,2705189.9999999995,8000000.0,1000000.0,229040.0,10.94314381270903,0.4,1038819.9999999999,49.63306258958433,0.75,1437330.0,68.67319636884854,0.9
730800,3011650.0,280.15,7.0,12.0,20.0,3011650.0,8000000.0,1000000.0,255630.0,12.213569039655995,0.4,1192460.0,56.97372193024367,0.75,1563560.0,74.70425226946966,0.9
734400,2845410.0,280.15,7.0,12.0,20.0,2845410.0,8000000.0,1000000.0,235100.0,11.232680363115145,0.4,1355710.0,64.77353081700907,0.75,1254600.0,59.94266602962255,0.9
738000,3187109.9999999995,280.15,7.0,12.0,20.0,3187109.9999999995,8000000.0,1000000.0,277810.0,13.27329192546584,0.4,1235010.0,59.0066889632107,0.75,1674290.0,79.99474438604874,0.9
741600,3246420.0,280.15,7.0,12.0,20.0,3246420.0,8000000.0,1000000.0,221190.0,10.56808408982322,0.4,1329680.0,63.529861442904924,0.75,1695550.0,81.01051122790253,0.9
745200,3266120.0,280.15,7.0,12.0,20.0,3266120.0,8000000.0,1000000.0,233110.0,11.137601528905877,0.4,1269950.0,60.676063067367416,0.75,1763060.0,84.23602484472049,0.9
748800,3047160.0,280.15,7.0,12.0,20.0,3047160.0,8000000.0,1000000.0,232660.0,11.116101290014333,0.4,1134700.0,54.214046822742475,0.75,1679800.0,80.25800286669852,0.9
752400,2819010.0,280.15,7.0,12.0,20.0,2819010.0,8000000.0,1000000.0,68370.0,3.2666029622551362,0.4,1219530.0,58.267080745341616,0.75,1531110.0,73.15384615384615,0.9
756000,2156960.0,280.15,7.0,12.0,20.0,2156960.0,8000000.0,1000000.0,74410.0,3.5551839464882944,0.4,881690.0,42.12565695174391,0.75,1200860.0,57.37505972288581,0.9
759600,1631000.0,280.15,7.0,12.0,20.0,1631000.0,8000000.0,1000000.0,77740.0,3.714285714285714,0.4,596690.0,28.50883898709986,0.75,956570.0,45.70329670329671,0.9
763200,1629930.0,280.15,7.0,12.0,20.0,1629930.0,8000000.0,1000000.0,91750.0,4.383659818442427,0.4,572100.0,27.33397037744864,0.75,966080.0,46.15766841853799,0.9
766800,1434030.0,280.15,7.0,12.0,20.0,1434030.0,8000000.0,1000000.0,51900.0,2.4796942188246534,0.4,495210.0,23.660296225513616,0.75,886920.0,42.37553750597229,0.9
770400,1328960.0,280.15,7.0,12.0,20.0,1328960.0,8000000.0,1000000.0,51070.0,2.440038222646918,0.4,528040.0,25.228858098423313,0.75,749850.0,35.82656473960822,0.9
774000,1410180.0,280.15,7.0,12.0,20.0,1410180.0,8000000.0,1000000.0,73580.0,3.5155279503105588,0.4,527520.0,25.204013377926422,0.75,809080.0,38.65647396082179,0.9
777600,1203820.0000000002,280.15,7.0,12.0,20.0,1203820.0000000002,8000000.0,1000000.0,89940.0,4.297181079789776,0.4,483050.0,23.07931199235547,0.75,630830.0,30.139990444338274,0.9
781200,1002869.9999999999,280.15,7.0,12.0,20.0,1002869.9999999999,8000000.0,1000000.0,84090.0,4.017677974199714,0.4,415840.0,19.86813186813187,0.75,502940.0,24.029622551361683,0.9
784800,889350.0,280.15,7.0,12.0,20.0,889350.0,8000000.0,1000000.0,83480.0,3.9885332059245107,0.4,471350.0,22.52030578117535,0.75,334520.0,15.982799808886766,0.9
788400,943040.0,280.15,7.0,12.0,20.0,943040.0,8000000.0,1000000.0,75110.0,3.588628762541806,0.4,540630.0,25.830387004300047,0.75,327300.0,15.637840420449116,0.9
792000,792950.0,280.15,7.0,12.0,20.0,792950.0,8000000.0,1000000.0,46460.0,2.21978021978022,0.4,449750.0,21.48829431438127,0.75,296740.0,14.17773530817009,0.9
795600,735060.0,280.15,7.0,12.0,20.0,735060.0,8000000.0,1000000.0,63870.0,3.051600573339704,0.4,447800.0,21.395126612517917,0.75,223390.0,10.673196368848542,0.9
799200,1121650.0,280.15,7.0,12.0,20.0,1121650.0,8000000.0,1000000.0,69050.0,3.2990922121356903,0.4,845210.0,40.38270425226947,0.75,207390.0,9.908743430482561,0.9
802800,1154139.9999999998,280.15,7.0,12.0,20.0,1154139.9999999998,8000000.0,1000000.0,100190.0,4.786908743430483,0.4,645870.0,30.858576206402294,0.75,408080.0,19.497372193024365,0.9
806400,1559110.0000000002,280.15,7.0,12.0,20.0,1559110.0000000002,8000000.0,1000000.0,87080.0,4.160535117056856,0.4,957350.0,45.740563784042045,0.75,514679.99999999994,24.59053989488772,0.9
810000,2207290.0,280.15,7.0,12.0,20.0,2207290.0,8000000.0,1000000.0,68320.0,3.264214046822742,0.4,1241620.0,59.32250358337314,0.75,897350.0,42.87386526516961,0.9
813600,2680060.0000000005,280.15,7.0,12.0,20.0,2680060.0000000005,8000000.0,1000000.0,70900.0,3.3874820831342576,0.4,1283230.0,61.31055900621118,0.75,1325930.0,63.350692785475395,0.9
817200,2803660.0,280.15,7.0,12.0,20.0,2803660.0,8000000.0,1000000.0,37530.0,1.7931199235547062,0.4,1355140.0,64.7462971810798,0.75,1410990.0,67.41471571906355,0.9
820800,2827080.0,280.15,7.0,12.0,20.0,2827080.0,8000000.0,1000000.0,44300.0,2.1165790731008123,0.4,1295190.0,61.881987577639755,0.75,1487590.0,71.07453416149067,0.9
824400,2831840.0,280.15,7.0,12.0,20.0,2831840.0,8000000.0,1000000.0,70900.0,3.3874820831342576,0.4,1237090.0,59.106067845198275,0.75,1523850.0,72.80697563306259,0.9
828000,2927569.9999999995,280.15,7.0,12.0,20.0,2927569.9999999995,8000000.0,1000000.0,95490.0,4.562350692785476,0.4,1235230.0,59.01720019111324,0.75,1596850.0,76.29479216435737,0.9
831600,3086120.0,280.15,7.0,12.0,20.0,3086120.0,8000000.0,1000000.0,108140.0,5.16674629718108,0.4,1351010.0,64.54897276636407,0.75,1626970.0,77.73387482083135,0.9
835200,2935600.0000000005,280.15,7.0,12.0,20.0,2935600.0000000005,8000000.0,1000000.0,62300.0,2.9765886287625416,0.4,1198170.0,57.24653607262303,0.75,1675130.0,80.03487816531296,0.9
838800,2975820.0,280.15,7.0,12.0,20.0,2975820.0,8000000.0,1000000.0,72010.0,3.4405160057333974,0.4,1231910.0,58.8585762064023,0.75,1671900.0,79.88055422838032,0.9
842400,2166430.0,280.15,7.0,12.0,20.0,2166430.0,8000000.0,1000000.0,68520.0,3.273769708552317,0.4,830370.0,39.673674151935025,0.75,1267540.0,60.560917343526036,0.9
846000,1817790.0,280.15,7.0,12.0,20.0,1817790.0,8000000.0,1000000.0,84180.0,4.021978021978023,0.4,525240.0,25.09507883420927,0.75,1208370.0,57.73387482083134,0.9
849600,1652159.9999999998,280.15,7.0,12.0,20.0,1652159.9999999998,8000000.0,1000000.0,66340.0,3.1696129956999526,0.4,510280.0,24.380315336837075,0.75,1075540.0,51.38748208313426,0.9
853200,1509430.0,280.15,7.0,12.0,20.0,1509430.0,8000000.0,1000000.0,54320.0,2.5953177257525084,0.4,432540.0,20.666029622551363,0.75,1022570.0,48.85666507405638,0.9
856800,1484050.0000000002,280.15,7.0,12.0,20.0,1484050.0000000002,8000000.0,1000000.0,40840.0,1.9512661251791688,0.4,504720.0,24.1146679407549,0.75,938490.0,44.83946488294315,0.9
860400,1358889.9999999998,280.15,7.0,12.0,20.0,1358889.9999999998,8000000.0,1000000.0,93940.0,4.488294314381271,0.4,457460.0,21.856665074056377,0.75,807490.0,38.58050645007167,0.9
864000,1228930.0,280.15,7.0,12.0,20.0,1228930.0,8000000.0,1000000.0,96470.0,4.6091734352603915,0.4,452110.0,21.601051122790253,0.75,680350.0,32.505972288580985,0.9
867600,916290.0,280.15,7.0,12.0,20.0,916290.0,8000000.0,1000000.0,83770.0,4.002388915432394,0.4,410750.0,19.62494027711419,0.75,421770.0,20.15145723841376,0.9
871200,959750.0,280.15,7.0,12.0,20.0,959750.0,8000000.0,1000000.0,96890.0,4.629240324892499,0.4,420380.0,20.085045389393215,0.75,442480.0,21.14094601051123,0.9
874800,821200.0,280.15,7.0,12.0,20.0,821200.0,8000000.0,1000000.0,86530.0,4.134257047300526,0.4,412710.0,19.718585762064023,0.75,321960.0,15.38270425226947,0.9
878400,784590.0,280.15,7.0,12.0,20.0,784590.0,8000000.0,1000000.0,66540.0,3.1791686574295275,0.4,411760.0,19.673196368848544,0.75,306290.0,14.634018155757287,0.9
882000,751660.0000000001,280.15,7.0,12.0,20.0,751660.0000000001,8000000.0,1000000.0,81610.0,3.899187768752986,0.4,400080.0,19.115145723841376,0.75,269970.0,12.898709985666509,0.9
885600,871030.0000000001,280.15,7.0,12.0,20.0,871030.0000000001,8000000.0,1000000.0,81090.0,3.874343048256092,0.4,535470.0,25.58385093167702,0.75,254470.0,12.158146201624463,0.9
889200,913330.0,280.15,7.0,12.0,20.0,913330.0,8000000.0,1000000.0,61360.0,2.9316770186335406,0.4,542360.0,25.91304347826087,0.75,309610.0,14.792642140468228,0.9
892800,1873590.0000000002,280.15,7.0,12.0,20.0,1873590.0000000002,8000000.0,1000000.0,90660.0,4.331581462016245,0.4,1152520.0,55.065456282847585,0.75,630410.0,30.119923554706162,0.9
896400,3225740.0,280.15,7.0,12.0,20.0,3225740.0,8000000.0,1000000.0,396310.0,18.935021500238893,0.4,1621450.0,77.47013855709508,0.75,1207980.0,57.71524128045867,0.9
900000,3139940.0,280.15,7.0,12.0,20.0,3139940.0,8000000.0,1000000.0,314970.0,15.048733874820833,0.4,1510440.0,72.16626851409461,0.75,1314530.0,62.80602006688963,0.9
903600,3586260.0,280.15,7.0,12.0,20.0,3586260.0,8000000.0,1000000.0,361240.0,17.259436215957955,0.4,1705840.0,81.50215002388916,0.75,1519180.0,72.58385093167702,0.9
907200,3780840.0,280.15,7.0,12.0,20.0,3780840.0,8000000.0,1000000.0,411810.0,19.67558528428094,0.4,1666060.0,79.60152890587673,0.75,1702970.0,81.36502627806976,0.9
910800,4064230.0,280.15,7.0,12.0,20.0,4064230.0,8000000.0,1000000.0,630990.0,30.14763497372193,0.4,1803510.0,86.168657429527,0.75,1629730.0,77.86574295269948,0.9
914400,3909250.0,280.15,7.0,12.0,20.0,3909250.0,8000000.0,1000000.0,525920.0,25.127568084089823,0.4,1756280.0,83.91208791208791,0.75,1627050.0,77.73769708552317,0.9
918000,3982870.0,280.15,7.0,12.0,20.0,3982870.0,8000000.0,1000000.0,472940.0,22.596273291925467,0.4,1765970.0,84.37505972288581,0.75,1743960.0,83.32345914954611,0.9
921600,3850050.0,280.15,7.0,12.0,20.0,3850050.0,8000000.0,1000000.0,470740.0,22.491161012900143,0.4,1671940.0,79.88246536072623,0.75,1707370.0,81.5752508361204,0.9
925200,3554960.0,280.15,7.0,12.0,20.0,3554960.0,8000000.0,1000000.0,363860.0,17.384615384615387,0.4,1490300.0,71.20401337792642,0.75,1700800.0,81.26134734830387,0.9
928800,2477430.0000000005,280.15,7.0,12.0,20.0,2477430.0000000005,8000000.0,1000000.0,0.0,0.0,0.4,988990.0,47.252269469660774,0.75,1488440.0,71.11514572384138,0.9
932400,1860880.0,280.15,7.0,12.0,20.0,1860880.0,8000000.0,1000000.0,0.0,0.0,0.4,693150.0,33.11753463927377,0.75,1167730.0,55.79216435738175,0.9
936000,1873940.0,280.15,7.0,12.0,20.0,1873940.0,8000000.0,1000000.0,86480.0,4.131868131868132,0.4,679190.0,32.45054945054945,0.75,1108270.0,52.95126612517917,0.9
939600,1649199.9999999998,280.15,7.0,12.0,20.0,1649199.9999999998,8000000.0,1000000.0,64540.00000000001,3.0836120401337794,0.4,566850.0,27.083134257047302,0.75,1017810.0,48.6292403248925,0.9
943200,1369720.0,280.15,7.0,12.0,20.0,1369720.0,8000000.0,1000000.0,49180.0,2.349737219302437,0.4,359820.0,17.191591017677975,0.75,960720.0,45.90157668418538,0.9
946800,1279540.0,280.15,7.0,12.0,20.0,1279540.0,8000000.0,1000000.0,71530.0,3.417582417582418,0.4,352180.0,16.82656473960822,0.75,855830.0,40.89010989010989,0.9
950400,1153810.0,280.15,7.0,12.0,20.0,1153810.0,8000000.0,1000000.0,43130.0,2.0606784519828,0.4,312900.0,14.949832775919731,0.75,797780.0,38.11657907310081,0.9
954000,969510.0,280.15,7.0,12.0,20.0,969510.0,8000000.0,1000000.0,63710.0,3.0439560439560442,0.4,311800.0,14.897276636407073,0.75,594000.0,28.380315336837075,0.9
957600,926680.0000000001,280.15,7.0,12.0,20.0,926680.0000000001,8000000.0,1000000.0,53490.0,2.5556617295747732,0.4,305870.0,14.613951266125179,0.75,567320.0,27.105590062111805,0.9
961200,780770.0,280.15,7.0,12.0,20.0,780770.0,8000000.0,1000000.0,51590.0,2.464882943143813,0.4,288120.0,13.765886287625419,0.75,441060.0,21.073100812231246,0.9
964800,836720.0,280.15,7.0,12.0,20.0,836720.0,8000000.0,1000000.0,95820.0,4.578117534639273,0.4,334230.0,15.968944099378882,0.75,406670.0,19.430004777830867,0.9
968400,637980.0,280.15,7.0,12.0,20.0,637980.0,8000000.0,1000000.0,71260.0,3.404682274247492,0.4,191960.0,9.171524128045867,0.75,374760.0,17.90539894887721,0.9
972000,1066280.0,280.15,7.0,12.0,20.0,1066280.0,8000000.0,1000000.0,79060.0,3.777353081700908,0.4,648560.0,30.987099856665072,0.75,338660.0,16.180602006688964,0.9
975600,973870.0,280.15,7.0,12.0,20.0,973870.0,8000000.0,1000000.0,63510.0,3.0344003822264694,0.4,495510.0,23.67462971810798,0.75,414850.0,19.820831342570475,0.9
979200,1344310.0,280.15,7.0,12.0,20.0,1344310.0,8000000.0,1000000.0,122120.0,5.8346870520783565,0.4,774280.0,36.993788819875775,0.75,447910.0,21.400382226469183,0.9
982800,1575560.0,280.15,7.0,12.0,20.0,1575560.0,8000000.0,1000000.0,66180.0,3.1619684663162926,0.4,904040.0,43.19350215002389,0.75,605340.0,28.92212135690397,0.9
986400,2096550.0000000002,280.15,7.0,12.0,20.0,2096550.0000000002,8000000.0,1000000.0,452380.0,21.61395126612518,0.4,1032790.0,49.34495938843765,0.75,611380.0,29.210702341137125,0.9
990000,2126330.0,280.15,7.0,12.0,20.0,2126330.0,8000000.0,1000000.0,351910.0,16.813664596273295,0.4,1044410.0000000001,49.90014333492595,0.75,730010.0,34.8786430960344,0.9
993600,2182510.0,280.15,7.0,12.0,20.0,2182510.0,8000000.0,1000000.0,257130.0,12.285236502627807,0.4,1083580.0,51.77161968466316,0.75,841800.0,40.21978021978022,0.9
997200,2394520.0,280.15,7.0,12.0,20.0,2394520.0,8000000.0,1000000.0,393490.0,18.80028666985189,0.4,1077150.0,51.46440516005734,0.75,923880.0,44.14142379359771,0.9
1000800,2368609.9999999995,280.15,7.0,12.0,20.0,2368609.9999999995,8000000.0,1000000.0,260290.00000000003,12.43621595795509,0.4,1084080.0,51.7955088389871,0.75,1024240.0,48.936454849498325,0.9
1004400,2641240.0,280.15,7.0,12.0,20.0,2641240.0,8000000.0,1000000.0,297810.0,14.228858098423316,0.4,1110530.0,53.05924510272337,0.75,1232900.0,58.905876731963694,0.9
1008000,2483170.0,280.15,7.0,12.0,20.0,2483170.0,8000000.0,1000000.0,283690.0,13.554228380315337,0.4,1092180.0,52.18251313903488,0.75,1107300.0,52.90492116579073,0.9
1011600,2215290.0,280.15,7.0,12.0,20.0,2215290.0,8000000.0,1000000.0,275480.0,13.161968466316294,0.4,876070.0,41.85714285714286,0.75,1063740.0,50.823698041089344,0.9
1015200,1757670.0,280.15,7.0,12.0,20.0,1757670.0,8000000.0,1000000.0,238780.0,11.408504538939322,0.4,624190.0,29.822742474916392,0.75,894700.0,42.74725274725275,0.9
1018800,1436150.0,280.15,7.0,12.0,20.0,1436150.0,8000000.0,1000000.0,203920.0,9.742952699474438,0.4,389770.0,18.622551361681797,0.75,842460.0,40.25131390348782,0.9
1022400,1761040.0,280.15,7.0,12.0,20.0,1761040.0,8000000.0,1000000.0,460160.0,21.98566650740564,0.4,424420.0,20.278069756330627,0.75,876460.0,41.87577639751553,0.9
1026000,1370510.0,280.15,7.0,12.0,20.0,1370510.0,8000000.0,1000000.0,282360.0,13.490683229813666,0.4,291000.0,13.903487816531294,0.75,797150.0,38.08647873865265,0.9
1029600,1454310.0,280.15,7.0,12.0,20.0,1454310.0,8000000.0,1000000.0,277670.0,13.266602962255137,0.4,329310.0,15.733874820831343,0.75,847330.0,40.48399426660296,0.9
1033200,1429410.0,280.15,7.0,12.0,20.0,1429410.0,8000000.0,1000000.0,301290.0,14.395126612517918,0.4,322910.0,15.428093645484951,0.75,805210.0,38.47157190635452,0.9
1036800,1342449.9999999998,280.15,7.0,12.0,20.0,1342449.9999999998,8000000.0,1000000.0,296030.0,14.1438127090301,0.4,327250.0,15.635451505016723,0.75,719170.0,34.36072623029145,0.9
1040400,1178650.0,280.15,7.0,12.0,20.0,1178650.0,8000000.0,1000000.0,267840.0,12.796942188246534,0.4,310880.0,14.853320592451027,0.75,599930.0,28.663640707118965,0.9
1044000,1128800.0,280.15,7.0,12.0,20.0,1128800.0,8000000.0,1000000.0,230440.0,11.010033444816054,0.4,311310.0,14.873865265169613,0.75,587050.0,28.048256091734352,0.9
1047600,1187610.0000000002,280.15,7.0,12.0,20.0,1187610.0000000002,8000000.0,1000000.0,253070.0,12.091256569517439,0.4,324170.0,15.488294314381271,0.75,610370.0,29.162446249402773,0.9
1051200,1007800.0,280.15,7.0,12.0,20.0,1007800.0,8000000.0,1000000.0,257910.00000000003,12.32250358337315,0.4,324070.0,15.483516483516484,0.75,425820.0,20.344959388437648,0.9
1054800,969119.9999999999,280.15,7.0,12.0,20.0,969119.9999999999,8000000.0,1000000.0,218390.0,10.434304825609173,0.4,208930.0,9.982322025800286,0.75,541800.0,25.88628762541806,0.9
1058400,1432980.0,280.15,7.0,12.0,20.0,1432980.0,8000000.0,1000000.0,209960.0,10.031533683707597,0.4,794140.0,37.94266602962255,0.75,428880.0,20.491161012900143,0.9
1062000,1263139.9999999998,280.15,7.0,12.0,20.0,1263139.9999999998,8000000.0,1000000.0,232940.0,11.129479216435739,0.4,467100.0,22.317247969421885,0.75,563100.0,26.903965599617774,0.9
1065600,1958750.0,280.15,7.0,12.0,20.0,1958750.0,8000000.0,1000000.0,255320.0,12.198757763975156,0.4,1173690.0,56.07692307692308,0.75,529740.0,25.3100812231247,0.9
1069200,3050910.0,280.15,7.0,12.0,20.0,3050910.0,8000000.0,1000000.0,341900.0,16.335403726708073,0.4,1416920.0,67.69804108934544,0.75,1292090.0,61.73387482083134,0.9
1072800,3316139.9999999995,280.15,7.0,12.0,20.0,3316139.9999999995,8000000.0,1000000.0,530910.0,25.36598184424271,0.4,1351620.0,64.57811753463928,0.75,1433610.0,68.49546106067845,0.9
1076400,3404890.0,280.15,7.0,12.0,20.0,3404890.0,8000000.0,1000000.0,432190.0,20.649307214524605,0.4,1442870.0,68.93788819875776,0.75,1529830.0,73.09268991877687,0.9
1080000,3638270.0,280.15,7.0,12.0,20.0,3638270.0,8000000.0,1000000.0,414710.0,19.81414237935977,0.4,1557190.0,74.39990444338271,0.75,1666370.0,79.61634018155758,0.9
1083600,3633080.0,280.15,7.0,12.0,20.0,3633080.0,8000000.0,1000000.0,436650.0,20.86239847109412,0.4,1485810.0,70.98948877209746,0.75,1710620.0,81.730530339226,0.9
1087200,3399020.0,280.15,7.0,12.0,20.0,3399020.0,8000000.0,1000000.0,336720.0,16.08791208791209,0.4,1406510.0,67.20066889632108,0.75,1655790.0,79.11084567606306,0.9
1090800,3497720.0,280.15,7.0,12.0,20.0,3497720.0,8000000.0,1000000.0,366050.0,17.48924988055423,0.4,1467080.0,70.0946010511228,0.75,1664590.0,79.53129479216436,0.9
1094400,3269100.0,280.15,7.0,12.0,20.0,3269100.0,8000000.0,1000000.0,306240.0,14.631629240324893,0.4,1254530.0,59.9393215480172,0.75,1708330.0,81.62111801242236,0.9
1098000,2870830.0,280.15,7.0,12.0,20.0,2870830.0,8000000.0,1000000.0,297920.0,14.234113712374583,0.4,984560.0,47.04061156235069,0.75,1588350.0,75.88867654085045,0.9
1101600,1988180.0,280.15,7.0,12.0,20.0,1988180.0,8000000.0,1000000.0,76510.0,3.65551839464883,0.4,606760.0,28.989966555183948,0.75,1304910.0,62.34639273769709,0.9
1105200,1727480.0,280.15,7.0,12.0,20.0,1727480.0,8000000.0,1000000.0,94620.0,4.5207835642618255,0.4,385340.0,18.410893454371713,0.75,1247520.0,59.604395604395606,0.9
1108800,1420920.0,280.15,7.0,12.0,20.0,1420920.0,8000000.0,1000000.0,90730.0,4.334925943621596,0.4,350790.0,16.760152890587673,0.75,979400.0,46.79407548972766,0.9
1112400,1307470.0,280.15,7.0,12.0,20.0,1307470.0,8000000.0,1000000.0,176400.0,8.42809364548495,0.4,255060.0,12.186335403726709,0.75,876010.0,41.85427615862398,0.9
1116000,1219080.0,280.15,7.0,12.0,20.0,1219080.0,8000000.0,1000000.0,195280.0,9.330148112756808,0.4,240050.0,11.469182990922121,0.75,783750.0,37.446249402771144,0.9
1119600,1000470.0,280.15,7.0,12.0,20.0,1000470.0,8000000.0,1000000.0,77890.0,3.7214524605828956,0.4,230030.0,10.990444338270425,0.75,692550.0,33.08886765408504,0.9
1123200,796579.9999999999,280.15,7.0,12.0,20.0,796579.9999999999,8000000.0,1000000.0,38000.0,1.815575728619207,0.4,215540.0,10.298136645962733,0.75,543040.0,25.945532728141423,0.9
1126800,558600.0,280.15,7.0,12.0,20.0,558600.0,8000000.0,1000000.0,71590.0,3.4204491161012904,0.4,155250.0,7.417582417582418,0.75,331760.0,15.850931677018634,0.9
1130400,602440.0,280.15,7.0,12.0,20.0,602440.0,8000000.0,1000000.0,55270.0,2.6407071189679887,0.4,206420.0,9.862398471094123,0.75,340750.0,16.28045867176302,0.9
1134000,519720.0,280.15,7.0,12.0,20.0,519720.0,8000000.0,1000000.0,56870.0,2.7171524128045865,0.4,182840.0,8.735785953177258,0.75,280010.0,13.378404204491162,0.9
1137600,394450.00000000006,280.15,7.0,12.0,20.0,394450.00000000006,8000000.0,1000000.0,58380.0,2.7892976588628766,0.4,199910.0,9.551361681796465,0.75,136160.0,6.5054945054945055,0.9
1141200,338000.0,280.15,7.0,12.0,20.0,338000.0,8000000.0,1000000.0,112100.0,5.35594839942666,0.4,211580.0,10.108934543717153,0.75,14320.0,0.6841853798375538,0.9
1144800,682080.0,280.15,7.0,12.0,20.0,682080.0,8000000.0,1000000.0,54460.0,2.6020066889632107,0.4,603040.0,28.812231247013855,0.75,24580.0,1.1743908265647396,0.9
1148400,516970.0,280.15,7.0,12.0,20.0,516970.0,8000000.0,1000000.0,137880.0,6.587673196368849,0.4,353520.0,16.890587673196368,0.75,25570.0,1.2216913521261348,0.9
1152000,784740.0,280.15,7.0,12.0,20.0,784740.0,8000000.0,1000000.0,182040.0,8.697563306258958,0.4,577100.0,27.57286192068801,0.75,25600.0,1.223124701385571,0.9
1155600,1918990.0,280.15,7.0,12.0,20.0,1918990.0,8000000.0,1000000.0,301820.0,14.42044911610129,0.4,852650.0,40.73817486860965,0.75,764520.0,36.527472527472526,0.9
1159200,1847009.9999999998,280.15,7.0,12.0,20.0,1847009.9999999998,8000000.0,1000000.0,220790.0,10.54897276636407,0.4,894790.0,42.75155279503105,0.75,731430.0,34.94648829431438,0.9
1162800,1958240.0000000002,280.15,7.0,12.0,20.0,1958240.0000000002,8000000.0,1000000.0,247650.0,11.832298136645964,0.4,939450.0,44.88533205924511,0.75,771140.0,36.843764930721456,0.9
1166400,2101509.9999999995,280.15,7.0,12.0,20.0,2101509.9999999995,8000000.0,1000000.0,257660.00000000003,12.310559006211182,0.4,978680.0,46.759675107501195,0.75,865170.0,41.33635929288103,0.9
1170000,1950210.0,280.15,7.0,12.0,20.0,1950210.0,8000000.0,1000000.0,229080.0,10.945054945054945,0.4,918920.0,43.90444338270425,0.75,802210.0,38.32823698041089,0.9
1173600,1936179.9999999998,280.15,7.0,12.0,20.0,1936179.9999999998,8000000.0,1000000.0,212330.0,10.144768275203058,0.4,864440.0,41.30148112756809,0.75,859410.0,41.06115623506928,0.9
1177200,2053420.0,280.15,7.0,12.0,20.0,2053420.0,8000000.0,1000000.0,215800.0,10.31055900621118,0.4,850010.0,40.61204013377927,0.75,987610.0,47.18633540372671,0.9
1180800,1986530.0000000002,280.15,7.0,12.0,20.0,1986530.0000000002,8000000.0,1000000.0,196580.0,9.392259913999045,0.4,811620.0,38.77783086478739,0.75,978330.0,46.74295269947444,0.9
1184400,1688259.9999999998,280.15,7.0,12.0,20.0,1688259.9999999998,8000000.0,1000000.0,127570.0,6.095078834209269,0.4,680770.0,32.52603917821309,0.75,879920.0,42.04108934543717,0.9
1188000,1343450.0,280.15,7.0,12.0,20.0,1343450.0,8000000.0,1000000.0,99300.0,4.744386048733875,0.4,438700.0,20.960344003822264,0.75,805450.0,38.48303870043001,0.9
1191600,1174600.0,280.15,7.0,12.0,20.0,1174600.0,8000000.0,1000000.0,115150.0,5.501672240802676,0.4,269920.0,12.896321070234114,0.75,789530.0,37.72240802675585,0.9
1195200,1200510.0,280.15,7.0,12.0,20.0,1200510.0,8000000.0,1000000.0,101920.0,4.869565217391305,0.4,307730.0,14.702818920210225,0.75,790860.0,37.785953177257525,0.9
1198800,1078020.0,280.15,7.0,12.0,20.0,1078020.0,8000000.0,1000000.0,75810.0,3.6220735785953178,0.4,291590.0,13.93167701863354,0.75,710620.0,33.95222169135213,0.9
1202400,1005670.0000000001,280.15,7.0,12.0,20.0,1005670.0000000001,8000000.0,1000000.0,113210.0,5.4089823220258,0.4,267020.0,12.757763975155278,0.75,625440.0,29.882465360726233,0.9
1206000,933530.0000000001,280.15,7.0,12.0,20.0,933530.0000000001,8000000.0,1000000.0,144220.0,6.890587673196369,0.4,225360.0,10.767319636884855,0.75,563950.0,26.944577161968468,0.9
1209600,933350.0,280.15,7.0,12.0,20.0,933350.0,8000000.0,1000000.0,133590.0,6.38270425226947,0.4,250530.0,11.96989966555184,0.75,549230.0,26.241280458671763,0.9
1213200,760900.0000000001,280.15,7.0,12.0,20.0,760900.0000000001,8000000.0,1000000.0,53740.0,2.567606306736742,0.4,218620.0,10.445293836598184,0.75,488540.0,23.341614906832298,0.9
1216800,726240.0,280.15,7.0,12.0,20.0,726240.0,8000000.0,1000000.0,110610.0,5.284758719541328,0.4,217400.0,10.387004300047778,0.75,398230.0,19.02675585284281,0.9
1220400,615600.0,280.15,7.0,12.0,20.0,615600.0,8000000.0,1000000.0,85470.0,4.083612040133779,0.4,241460.0,11.536550406115625,0.75,288670.0,13.79216435738175,0.9
1224000,671110.0,280.15,7.0,12.0,20.0,671110.0,8000000.0,1000000.0,86460.0,4.130912565695174,0.4,212430.0,10.149546106067845,0.75,372220.0,17.78404204491161,0.9
1227600,606170.0,280.15,7.0,12.0,20.0,606170.0,8000000.0,1000000.0,113750.0,5.434782608695652,0.4,291900.0,13.94648829431438,0.75,200520.0,9.580506450071669,0.9
1231200,675970.0,280.15,7.0,12.0,20.0,675970.0,8000000.0,1000000.0,133870.0,6.396082178690874,0.4,307250.0,14.679885332059245,0.75,234850.0,11.220735785953178,0.9
1234800,703350.0,280.15,7.0,12.0,20.0,703350.0,8000000.0,1000000.0,52000.0,2.4844720496894412,0.4,411970.0,19.6832298136646,0.75,239380.0,11.437171524128045,0.9
1238400,971080.0000000001,280.15,7.0,12.0,20.0,971080.0000000001,8000000.0,1000000.0,115950.0,5.539894887720975,0.4,569950.0,27.23124701385571,0.75,285180.0,13.62541806020067,0.9
1242000,1820699.9999999998,280.15,7.0,12.0,20.0,1820699.9999999998,8000000.0,1000000.0,262520.0,12.542761586239846,0.4,989030.0,47.25418060200669,0.75,569150.0,27.19302436693741,0.9
1245600,2127880.0,280.15,7.0,12.0,20.0,2127880.0,8000000.0,1000000.0,249520.0,11.921643573817487,0.4,1096860.0,52.40611562350692,0.75,781500.0,37.338748208313426,0.9
1249200,2593050.0,280.15,7.0,12.0,20.0,2593050.0,8000000.0,1000000.0,263660.0,12.597228858098426,0.4,1170110.0,55.90587673196369,0.75,1159280.0,55.388437649307214,0.9
1252800,2635150.0,280.15,7.0,12.0,20.0,2635150.0,8000000.0,1000000.0,220720.0,10.54562828475872,0.4,1125460.0,53.77257525083612,0.75,1288970.0,61.584806497849975,0.9
1256400,2800520.0,280.15,7.0,12.0,20.0,2800520.0,8000000.0,1000000.0,216800.0,10.358337314859055,0.4,1033140.0000000001,49.36168179646441,0.75,1550580.0,74.08408982322025,0.9
1260000,3332710.0,280.15,7.0,12.0,20.0,3332710.0,8000000.0,1000000.0,322310.0,15.399426660296227,0.4,1118660.0,53.44768275203058,0.75,1891740.0,90.3841376015289,0.9
1263600,3091500.0,280.15,7.0,12.0,20.0,3091500.0,8000000.0,1000000.0,316810.0,15.136645962732919,0.4,1171980.0,55.99522216913521,0.75,1602710.0,76.57477305303392,0.9
1267200,3055390.0,280.15,7.0,12.0,20.0,3055390.0,8000000.0,1000000.0,238830.0,11.410893454371717,0.4,1169790.0,55.890587673196364,0.75,1646770.0,78.67988533205924,0.9
1270800,2433359.9999999995,280.15,7.0,12.0,20.0,2433359.9999999995,8000000.0,1000000.0,120310.0,5.748208313425705,0.4,823960.0,39.367415193502154,0.75,1489090.0,71.14620162446249,0.9
1274400,1989550.0,280.15,7.0,12.0,20.0,1989550.0,8000000.0,1000000.0,156060.0,7.456282847587196,0.4,628970.0,30.051122790253228,0.75,1204520.0,57.54992833253703,0.9
1278000,1647880.0,280.15,7.0,12.0,20.0,1647880.0,8000000.0,1000000.0,91990.0,4.395126612517917,0.4,470920.0,22.499761108456763,0.75,1084970.0,51.83803153368371,0.9
1281600,1499900.0,280.15,7.0,12.0,20.0,1499900.0,8000000.0,1000000.0,182250.0,8.707596751075013,0.4,378490.0,18.08361204013378,0.75,939160.0,44.87147634973722,0.9
1285200,1396990.0,280.15,7.0,12.0,20.0,1396990.0,8000000.0,1000000.0,101000.0,4.825609173435261,0.4,378360.0,18.077400860009558,0.75,917630.0,43.84280936454849,0.9
1288800,1279660.0,280.15,7.0,12.0,20.0,1279660.0,8000000.0,1000000.0,90890.0,4.342570473005256,0.4,338830.0,16.1887243191591,0.75,849940.0,40.608695652173914,0.9
1292400,1224590.0,280.15,7.0,12.0,20.0,1224590.0,8000000.0,1000000.0,87960.0,4.2025800286669845,0.4,342360.0,16.357381748686098,0.75,794270.0,37.948877209746776,0.9
1296000,1156010.0,280.15,7.0,12.0,20.0,1156010.0,8000000.0,1000000.0,84260.0,4.025800286669853,0.4,348800.0,16.665074056378405,0.75,722950.0,34.54132823698041,0.9
1299600,848949.9999999999,280.15,7.0,12.0,20.0,848949.9999999999,8000000.0,1000000.0,72270.0,3.452938365981844,0.4,284090.0,13.573339703774485,0.75,492590.0,23.535117056856187,0.9
1303200,863490.0,280.15,7.0,12.0,20.0,863490.0,8000000.0,1000000.0,95820.0,4.578117534639273,0.4,310500.0,14.835164835164836,0.75,457170.0,21.842809364548497,0.9
1306800,694290.0,280.15,7.0,12.0,20.0,694290.0,8000000.0,1000000.0,16239.999999999998,0.7759197324414715,0.4,309180.0,14.772097467749642,0.75,368870.0,17.623984710941233,0.9
1310400,710720.0,280.15,7.0,12.0,20.0,710720.0,8000000.0,1000000.0,97880.0,4.676540850453894,0.4,306800.0,14.658385093167702,0.75,306040.0,14.62207357859532,0.9
1314000,635710.0,280.15,7.0,12.0,20.0,635710.0,8000000.0,1000000.0,77590.0,3.7071189679885332,0.4,289410.0,13.827520305781176,0.75,268710.0,12.838509316770185,0.9
1317600,928589.9999999999,280.15,7.0,12.0,20.0,928589.9999999999,8000000.0,1000000.0,46140.0,2.2044911610129003,0.4,637670.0,30.466794075489727,0.75,244780.0,11.695174390826566,0.9
1321200,866889.9999999999,280.15,7.0,12.0,20.0,866889.9999999999,8000000.0,1000000.0,91500.0,4.371715241280459,0.4,480340.0,22.94983277591973,0.75,295050.0,14.096989966555185,0.9
1324800,923910.0000000001,280.15,7.0,12.0,20.0,923910.0000000001,8000000.0,1000000.0,69240.0,3.3081700907787863,0.4,540950.0,25.84567606306737,0.75,313720.0,14.98901098901099,0.9
1328400,1855290.0,280.15,7.0,12.0,20.0,1855290.0,8000000.0,1000000.0,219540.0,10.489249880554228,0.4,996230.0,47.59818442427138,0.75,639520.0,30.555183946488295,0.9
1332000,1882750.0,280.15,7.0,12.0,20.0,1882750.0,8000000.0,1000000.0,222380.0,10.62494027711419,0.4,948210.0,45.30387004300048,0.75,712160.0,34.02580028666985,0.9
1335600,2018389.9999999998,280.15,7.0,12.0,20.0,2018389.9999999998,8000000.0,1000000.0,231420.0,11.05685618729097,0.4,918140.0,43.867176301958914,0.75,868830.0,41.511227902532255,0.9
1339200,2288609.9999999995,280.15,7.0,12.0,20.0,2288609.9999999995,8000000.0,1000000.0,389550.0,18.612040133779264,0.4,947780.0,45.283325370281894,0.75,951280.0,45.45054945054945,0.9
1342800,2408390.0000000005,280.15,7.0,12.0,20.0,2408390.0000000005,8000000.0,1000000.0,324660.0,15.51170568561873,0.4,887070.0,42.38270425226947,0.75,1196660.0,57.174390826564746,0.9
1346400,2528680.0000000005,280.15,7.0,12.0,20.0,2528680.0000000005,8000000.0,1000000.0,377430.0,18.032967032967033,0.4,941740.0,44.99474438604874,0.75,1209510.0,57.788342092689916,0.9
1350000,2649670.0,280.15,7.0,12.0,20.0,2649670.0,8000000.0,1000000.0,360420.0,17.2202580028667,0.4,991340.0,47.36454849498328,0.75,1297910.0,62.01194457716198,0.9
1353600,2640399.9999999995,280.15,7.0,12.0,20.0,2640399.9999999995,8000000.0,1000000.0,403090.0,19.258958432871477,0.4,924060.0,44.15002388915432,0.75,1313250.0,62.74486383182035,0.9
1357200,2110630.0,280.15,7.0,12.0,20.0,2110630.0,8000000.0,1000000.0,232950.0,11.129956999522216,0.4,616080.0,29.435260391782133,0.75,1261600.0,60.27711419015767,0.9
1360800,1676850.0,280.15,7.0,12.0,20.0,1676850.0,8000000.0,1000000.0,175000.0,8.361204013377927,0.4,408010.0,19.494027711419015,0.75,1093840.0,52.261825131390346,0.9
1364400,1544830.0,280.15,7.0,12.0,20.0,1544830.0,8000000.0,1000000.0,270510.0,12.92451027233636,0.4,337400.0,16.120401337792643,0.75,936920.0,44.76445293836598,0.9
1368000,1493570.0,280.15,7.0,12.0,20.0,1493570.0,8000000.0,1000000.0,190000.0,9.077878643096035,0.4,361320.0,17.263258480649785,0.75,942250.0,45.01911132345915,0.9
1371600,1383950.0,280.15,7.0,12.0,20.0,1383950.0,8000000.0,1000000.0,210570.0,10.060678451982799,0.4,315290.0,15.064022933588152,0.75,858090.0,40.99808886765409,0.9
1375200,1309790.0,280.15,7.0,12.0,20.0,1309790.0,8000000.0,1000000.0,215680.0,10.304825609173436,0.4,308100.0,14.720496894409939,0.75,786010.0,37.55422838031534,0.9
1378800,1204150.0,280.15,7.0,12.0,20.0,1204150.0,8000000.0,1000000.0,246810.0,11.792164357381749,0.4,284540.0,13.594839942666031,0.75,672800.0,32.14524605828954,0.9
1382400,1121100.0,280.15,7.0,12.0,20.0,1121100.0,8000000.0,1000000.0,190220.0,9.088389870998567,0.4,284980.0,13.615862398471096,0.75,645900.0,30.86000955566173,0.9
1386000,1021470.0,280.15,7.0,12.0,20.0,1021470.0,8000000.0,1000000.0,196190.0,9.373626373626374,0.4,305360.0,14.589584328714764,0.75,519919.99999999994,24.84089823220258,0.9
1389600,870640.0000000001,280.15,7.0,12.0,20.0,870640.0000000001,8000000.0,1000000.0,205530.0,9.819875776397515,0.4,289160.0,13.815575728619208,0.75,375950.0,17.962255136168178,0.9
1393200,753650.0000000001,280.15,7.0,12.0,20.0,753650.0000000001,8000000.0,1000000.0,189480.0,9.05303392259914,0.4,267510.0,12.781175346392738,0.75,296660.0,14.173913043478262,0.9
1396800,812530.0,280.15,7.0,12.0,20.0,812530.0,8000000.0,1000000.0,278760.0,13.318681318681318,0.4,278970.0,13.328714763497373,0.75,254800.0,12.173913043478262,0.9
1400400,666930.0000000001,280.15,7.0,12.0,20.0,666930.0000000001,8000000.0,1000000.0,236150.0,11.282847587195414,0.4,355950.0,17.006688963210703,0.75,74830.0,3.5752508361204014,0.9
1404000,606210.0,280.15,7.0,12.0,20.0,606210.0,8000000.0,1000000.0,208290.0,9.951743908265648,0.4,384300.0,18.36120401337793,0.75,13620.0,0.650740563784042,0.9
1407600,803540.0,280.15,7.0,12.0,20.0,803540.0,8000000.0,1000000.0,179760.0,8.588628762541806,0.4,605170.0,28.913999044433826,0.75,18610.0,0.8891543239369326,0.9
1411200,780589.9999999999,280.15,7.0,12.0,20.0,780589.9999999999,8000000.0,1000000.0,188570.0,9.009555661729575,0.4,575040.0,27.474438604873384,0.75,16980.0,0.8112756808408983,0.9
1414800,1995020.0,280.15,7.0,12.0,20.0,1995020.0,8000000.0,1000000.0,283050.0,13.523650262780698,0.4,989880.0,47.29479216435738,0.75,722090.0,34.50023889154324,0.9
1418400,2181670.0,280.15,7.0,12.0,20.0,2181670.0,8000000.0,1000000.0,245760.0,11.741997133301481,0.4,1024810.0,48.96368848542761,0.75,911100.0,43.53081700907788,0.9
1422000,2637580.0,280.15,7.0,12.0,20.0,2637580.0,8000000.0,1000000.0,248860.0,11.89010989010989,0.4,1099160.0,52.516005733397044,0.75,1289560.0,61.61299569995222,0.9
1425600,2596580.0,280.15,7.0,12.0,20.0,2596580.0,8000000.0,1000000.0,218680.0,10.448160535117058,0.4,1185020.0,56.618251313903485,0.75,1192880.0,56.99378881987578,0.9
1429200,2919820.0,280.15,7.0,12.0,20.0,2919820.0,8000000.0,1000000.0,380160.0,18.16340181557573,0.4,1149020.0,54.898232202580026,0.75,1390640.0,66.44242713807932,0.9
1432800,2680520.0,280.15,7.0,12.0,20.0,2680520.0,8000000.0,1000000.0,195550.0,9.343048256091736,0.4,1049280.0,50.132823698041086,0.75,1435690.0,68.59483994266603,0.9
1436400,2796030.0,280.15,7.0,12.0,20.0,2796030.0,8000000.0,1000000.0,252150.0,12.047300525561395,0.4,1140440.0,54.48829431438127,0.75,1403440.0,67.0539894887721,0.9
1440000,2677470.0,280.15,7.0,12.0,20.0,2677470.0,8000000.0,1000000.0,242610.0,11.59149546106068,0.4,983510.0,46.99044433827043,0.75,1451350.0,69.34304825609173,0.9
1443600,2337390.0000000005,280.15,7.0,12.0,20.0,2337390.0000000005,8000000.0,1000000.0,127750.0,6.103678929765886,0.4,788000.0,37.649307214524605,0.75,1421640.0,67.9235547061634,0.9
1447200,1740010.0000000002,280.15,7.0,12.0,20.0,1740010.0000000002,8000000.0,1000000.0,95970.0,4.585284280936455,0.4,562140.0,26.858098423315813,0.75,1081900.0,51.69135212613474,0.9
1450800,1471240.0000000002,280.15,7.0,12.0,20.0,1471240.0000000002,8000000.0,1000000.0,96340.0,4.602962255136168,0.4,278010.0,13.282847587195413,0.75,1096890.0,52.40754897276637,0.9
1454400,1223210.0,280.15,7.0,12.0,20.0,1223210.0,8000000.0,1000000.0,61650.0,2.9455327281414236,0.4,140240.0,6.700430004777831,0.75,1021320.0,48.79694218824654,0.9
1458000,1042190.0,280.15,7.0,12.0,20.0,1042190.0,8000000.0,1000000.0,0.0,0.0,0.4,159360.0,7.61395126612518,0.75,882830.0,42.18012422360249,0.9
1461600,935180.0,280.15,7.0,12.0,20.0,935180.0,8000000.0,1000000.0,0.0,0.0,0.4,114160.0,5.4543717152412805,0.75,821020.0,39.2269469660774,0.9
1465200,882819.9999999999,280.15,7.0,12.0,20.0,882819.9999999999,8000000.0,1000000.0,29360.0,1.4027711419015767,0.4,130970.0,6.25752508361204,0.75,722490.0,34.51935021500239,0.9
1468800,767020.0,280.15,7.0,12.0,20.0,767020.0,8000000.0,1000000.0,0.0,0.0,0.4,130270.00000000001,6.224080267558529,0.75,636750.0,30.422838031533683,0.9
1472400,614930.0000000001,280.15,7.0,12.0,20.0,614930.0000000001,8000000.0,1000000.0,41530.0,1.9842331581462016,0.4,120760.0,5.769708552317248,0.75,452640.0,21.626373626373628,0.9
1476000,579710.0,280.15,7.0,12.0,20.0,579710.0,8000000.0,1000000.0,0.0,0.0,0.4,121960.0,5.827042522694696,0.75,457750.0,21.870520783564263,0.9
1479600,498690.0,280.15,7.0,12.0,20.0,498690.0,8000000.0,1000000.0,0.0,0.0,0.4,123560.0,5.903487816531295,0.75,375130.0,17.923076923076923,0.9
1483200,405980.0,280.15,7.0,12.0,20.0,405980.0,8000000.0,1000000.0,0.0,0.0,0.4,120780.0,5.770664118490205,0.75,285200.0,13.626373626373626,0.9
1486800,423760.0,280.15,7.0,12.0,20.0,423760.0,8000000.0,1000000.0,0.0,0.0,0.4,118740.0,5.673196368848543,0.75,305020.0,14.573339703774487,0.9
1490400,725930.0000000001,280.15,7.0,12.0,20.0,725930.0000000001,8000000.0,1000000.0,0.0,0.0,0.4,456700.0,21.820353559483994,0.75,269230.0,12.863354037267081,0.9
1494000,576840.0,280.15,7.0,12.0,20.0,576840.0,8000000.0,1000000.0,0.0,0.0,0.4,298240.0,14.249402771141902,0.75,278600.0,13.31103678929766,0.9
1497600,623440.0,280.15,7.0,12.0,20.0,623440.0,8000000.0,1000000.0,0.0,0.0,0.4,331910.0,15.858098423315816,0.75,291530.0,13.928810320114668,0.9
1501200,787630.0,280.15,7.0,12.0,20.0,787630.0,8000000.0,1000000.0,0.0,0.0,0.4,380030.0,18.157190635451503,0.75,407600.0,19.474438604873388,0.9
1504800,899810.0000000001,280.15,7.0,12.0,20.0,899810.0000000001,8000000.0,1000000.0,0.0,0.0,0.4,384480.0,18.369804108934545,0.75,515330.00000000006,24.621595795508842,0.9
1508400,913200.0,280.15,7.0,12.0,20.0,913200.0,8000000.0,1000000.0,0.0,0.0,0.4,356580.0,17.036789297658864,0.75,556620.0,26.59436215957955,0.9
1512000,994609.9999999999,280.15,7.0,12.0,20.0,994609.9999999999,8000000.0,1000000.0,0.0,0.0,0.4,383060.0,18.301958910654562,0.75,611550.0,29.21882465360726,0.9
1515600,926280.0,280.15,7.0,12.0,20.0,926280.0,8000000.0,1000000.0,0.0,0.0,0.4,356100.0,17.013855709507883,0.75,570180.0,27.24223602484472,0.9
1519200,985359.9999999999,280.15,7.0,12.0,20.0,985359.9999999999,8000000.0,1000000.0,0.0,0.0,0.4,393310.0,18.79168657429527,0.75,592050.0,28.28714763497372,0.9
1522800,987520.0000000001,280.15,7.0,12.0,20.0,987520.0000000001,8000000.0,1000000.0,37600.0,1.7964644051600573,0.4,390100.0,18.638318203535597,0.75,559820.0,26.74725274725275,0.9
1526400,1080760.0,280.15,7.0,12.0,20.0,1080760.0,8000000.0,1000000.0,54960.0,2.6258958432871475,0.4,379990.0,18.15527950310559,0.75,645810.0,30.855709507883418,0.9
1530000,1013220.0,280.15,7.0,12.0,20.0,1013220.0,8000000.0,1000000.0,0.0,0.0,0.4,337360.0,16.11849020544673,0.75,675860.0,32.29144768275203,0.9
1533600,914480.0,280.15,7.0,12.0,20.0,914480.0,8000000.0,1000000.0,0.0,0.0,0.4,281700.0,13.459149546106067,0.75,632780.0,30.233158146201625,0.9
1537200,659109.9999999999,280.15,7.0,12.0,20.0,659109.9999999999,8000000.0,1000000.0,0.0,0.0,0.4,110820.0,5.294792164357381,0.75,548290.0,26.19636884854276,0.9
1540800,651460.0,280.15,7.0,12.0,20.0,651460.0,8000000.0,1000000.0,0.0,0.0,0.4,106730.0,5.099378881987578,0.75,544730.0,26.026278069756334,0.9
1544400,698280.0,280.15,7.0,12.0,20.0,698280.0,8000000.0,1000000.0,26370.0,1.259913999044434,0.4,103890.0,4.963688485427616,0.75,568020.0,27.13903487816531,0.9
1548000,637140.0,280.15,7.0,12.0,20.0,637140.0,8000000.0,1000000.0,0.0,0.0,0.4,97760.0,4.670807453416149,0.75,539380.0,25.770664118490206,0.9
1551600,669010.0,280.15,7.0,12.0,20.0,669010.0,8000000.0,1000000.0,0.0,0.0,0.4,101930.0,4.870043000477783,0.75,567080.0,27.094123268036313,0.9
1555200,558590.0,280.15,7.0,12.0,20.0,558590.0,8000000.0,1000000.0,0.0,0.0,0.4,84920.0,4.0573339703774485,0.75,473670.0,22.631151457238413,0.9
1558800,469840.00000000006,280.15,7.0,12.0,20.0,469840.00000000006,8000000.0,1000000.0,0.0,0.0,0.4,74910.0,3.579073100812231,0.75,394930.0,18.869087434304827,0.9
1562400,405460.0,280.15,7.0,12.0,20.0,405460.0,8000000.0,1000000.0,0.0,0.0,0.4,87870.0,4.198279980888676,0.75,317590.0,15.17391304347826,0.9
1566000,303490.0,280.15,7.0,12.0,20.0,303490.0,8000000.0,1000000.0,0.0,0.0,0.4,82220.0,3.928332537028189,0.75,221270.0,10.57190635451505,0.9
1569600,258240.0,280.15,7.0,12.0,20.0,258240.0,8000000.0,1000000.0,23920.0,1.142857142857143,0.4,77620.0,3.7085523172479697,0.75,156700.0,7.486860965121834,0.9
1573200,328230.0,280.15,7.0,12.0,20.0,328230.0,8000000.0,1000000.0,0.0,0.0,0.4,85990.0,4.108456760630673,0.75,242240.0,11.573817486860966,0.9
1576800,484660.0,280.15,7.0,12.0,20.0,484660.0,8000000.0,1000000.0,0.0,0.0,0.4,295860.0,14.135690396559962,0.75,188800.0,9.020544672718586,0.9
1580400,413360.0,280.15,7.0,12.0,20.0,413360.0,8000000.0,1000000.0,0.0,0.0,0.4,241730.0,11.54945054945055,0.75,171630.0,8.200191113234592,0.9
1584000,584890.0,280.15,7.0,12.0,20.0,584890.0,8000000.0,1000000.0,0.0,0.0,0.4,397440.0,18.98901098901099,0.75,187450.0,8.956043956043956,0.9
1587600,493570.0,280.15,7.0,12.0,20.0,493570.0,8000000.0,1000000.0,0.0,0.0,0.4,288520.0,13.784997611084567,0.75,205050.0,9.796942188246536,0.9
1591200,614520.0,280.15,7.0,12.0,20.0,614520.0,8000000.0,1000000.0,61210.0,2.9245102723363594,0.4,330990.0,15.81414237935977,0.75,222320.0,10.622073578595318,0.9
1594800,560240.0,280.15,7.0,12.0,20.0,560240.0,8000000.0,1000000.0,0.0,0.0,0.4,316780.0,15.135212613473483,0.75,243460.0,11.632107023411372,0.9
1598400,680010.0,280.15,7.0,12.0,20.0,680010.0,8000000.0,1000000.0,0.0,0.0,0.4,338320.0,16.164357381748687,0.75,341690.0,16.32537028189202,0.9
1602000,678430.0,280.15,7.0,12.0,20.0,678430.0,8000000.0,1000000.0,31970.0,1.5274725274725274,0.4,283090.0,13.525561395126612,0.75,363370.0,17.361204013377925,0.9
1605600,706690.0,280.15,7.0,12.0,20.0,706690.0,8000000.0,1000000.0,0.0,0.0,0.4,310440.0,14.832298136645964,0.75,396250.0,18.93215480172002,0.9
1609200,764740.0,280.15,7.0,12.0,20.0,764740.0,8000000.0,1000000.0,61950.0,2.959866220735786,0.4,271210.0,12.95795508838987,0.75,431580.0,20.620162446249402,0.9
1612800,695810.0,280.15,7.0,12.0,20.0,695810.0,8000000.0,1000000.0,0.0,0.0,0.4,266150.0,12.716196846631629,0.75,429660.0,20.528428093645488,0.9
1616400,693210.0,280.15,7.0,12.0,20.0,693210.0,8000000.0,1000000.0,55130.0,2.6340181557572864,0.4,250190.0,11.953655040611562,0.75,387890.0,18.532728141423792,0.9
1620000,631000.0,280.15,7.0,12.0,20.0,631000.0,8000000.0,1000000.0,60000.0,2.866698518872432,0.4,159820.0,7.635929288103201,0.75,411180.0,19.645484949832777,0.9
1623600,473980.0,280.15,7.0,12.0,20.0,473980.0,8000000.0,1000000.0,34760.0,1.6607740086000955,0.4,74350.0,3.552317247969422,0.75,364870.0,17.43287147634974,0.9
1627200,520870.0,280.15,7.0,12.0,20.0,520870.0,8000000.0,1000000.0,24620.0,1.1763019589106547,0.4,69600.0,3.3253702818920208,0.75,426650.0,20.384615384615383,0.9
1630800,462860.0,280.15,7.0,12.0,20.0,462860.0,8000000.0,1000000.0,0.0,0.0,0.4,72530.0,3.4653607262302915,0.75,390330.0,18.649307214524605,0.9
1634400,526650.0,280.15,7.0,12.0,20.0,526650.0,8000000.0,1000000.0,50830.0,2.4285714285714284,0.4,70660.0,3.3760152890587674,0.75,405160.0,19.357859531772576,0.9
1638000,507200.0,280.15,7.0,12.0,20.0,507200.0,8000000.0,1000000.0,44070.0,2.1055900621118013,0.4,77430.0,3.6994744386048737,0.75,385700.0,18.42809364548495,0.9
1641600,435700.00000000006,280.15,7.0,12.0,20.0,435700.00000000006,8000000.0,1000000.0,39070.0,1.8666985188724319,0.4,61910.0,2.957955088389871,0.75,334720.0,15.992355470616342,0.9
1645200,279560.0,280.15,7.0,12.0,20.0,279560.0,8000000.0,1000000.0,33560.0,1.603440038222647,0.4,79920.0,3.8184424271380792,0.75,166080.0,7.935021500238892,0.9
1648800,308190.0,280.15,7.0,12.0,20.0,308190.0,8000000.0,1000000.0,26980.0,1.289058767319637,0.4,73760.0,3.5241280458671764,0.75,207450.0,9.911610129001433,0.9
1652400,220510.0,280.15,7.0,12.0,20.0,220510.0,8000000.0,1000000.0,27030.0,1.2914476827520307,0.4,54050.0,2.582417582417582,0.75,139430.0,6.661729574773053,0.9
1656000,269230.0,280.15,7.0,12.0,20.0,269230.0,8000000.0,1000000.0,47700.0,2.2790253225035837,0.4,64510.00000000001,3.0821786908743434,0.75,157020.0,7.502150023889155,0.9
1659600,248890.0,280.15,7.0,12.0,20.0,248890.0,8000000.0,1000000.0,53890.0,2.5747730530339226,0.4,67480.0,3.2240802675585285,0.75,127520.0,6.092689918776875,0.9
1663200,463270.0,280.15,7.0,12.0,20.0,463270.0,8000000.0,1000000.0,30500.0,1.4572384137601528,0.4,295740.0,14.129956999522218,0.75,137030.0,6.5470616340181556,0.9
1666800,437100.0,280.15,7.0,12.0,20.0,437100.0,8000000.0,1000000.0,51220.0,2.4472049689440993,0.4,220410.0,10.530817009077879,0.75,165470.0,7.905876731963689,0.9
1670400,412640.0,280.15,7.0,12.0,20.0,412640.0,8000000.0,1000000.0,37670.0,1.7998088867654085,0.4,249210.0,11.906832298136646,0.75,125760.0,6.008600095556617,0.9
1674000,564640.0,280.15,7.0,12.0,20.0,564640.0,8000000.0,1000000.0,34960.0,1.6703296703296704,0.4,360230.0,17.211180124223603,0.75,169450.0,8.096034400382226,0.9
1677600,736880.0,280.15,7.0,12.0,20.0,736880.0,8000000.0,1000000.0,63340.0,3.026278069756331,0.4,421900.0,20.157668418537984,0.75,251640.0,12.022933588150979,0.9
1681200,618660.0,280.15,7.0,12.0,20.0,618660.0,8000000.0,1000000.0,0.0,0.0,0.4,418260.0,19.983755375059722,0.75,200400.0,9.574773053033923,0.9
1684800,795589.9999999999,280.15,7.0,12.0,20.0,795589.9999999999,8000000.0,1000000.0,59840.0,2.859053989488772,0.4,495550.0,23.676540850453893,0.75,240200.0,11.476349737219302,0.9
1688400,723120.0,280.15,7.0,12.0,20.0,723120.0,8000000.0,1000000.0,67720.0,3.2355470616340183,0.4,405290.0,19.3640707118968,0.75,250110.0,11.949832775919733,0.9
1692000,917060.0,280.15,7.0,12.0,20.0,917060.0,8000000.0,1000000.0,168020.0,8.027711419015768,0.4,454250.0,21.703296703296704,0.75,294790.0,14.084567606306738,0.9
1695600,917119.9999999999,280.15,7.0,12.0,20.0,917119.9999999999,8000000.0,1000000.0,150760.0,7.203057811753464,0.4,382290.0,18.265169612995702,0.75,384070.0,18.350215002388914,0.9
1699200,818690.0,280.15,7.0,12.0,20.0,818690.0,8000000.0,1000000.0,140690.0,6.721930243669374,0.4,380950.0,18.20114667940755,0.75,297050.0,14.192546583850932,0.9
1702800,841280.0,280.15,7.0,12.0,20.0,841280.0,8000000.0,1000000.0,116320.0,5.557572861920688,0.4,369040.0,17.632107023411372,0.75,355920.0,17.005255613951267,0.9
1706400,745190.0,280.15,7.0,12.0,20.0,745190.0,8000000.0,1000000.0,69410.0,3.3162924032489247,0.4,262690.0,12.550883898709985,0.75,413090.0,19.736741519350215,0.9
1710000,529390.0,280.15,7.0,12.0,20.0,529390.0,8000000.0,1000000.0,57400.0,2.74247491638796,0.4,83860.0,4.006688963210703,0.75,388130.0,18.544194935499284,0.9
1713600,488350.0,280.15,7.0,12.0,20.0,488350.0,8000000.0,1000000.0,51760.0,2.473005255613951,0.4,74840.0,3.5757286192068802,0.75,361750.0,17.28380315336837,0.9
1717200,413049.99999999994,280.15,7.0,12.0,20.0,413049.99999999994,8000000.0,1000000.0,37260.0,1.7802197802197801,0.4,62280.0,2.9756330625895844,0.75,313510.0,14.978977544194935,0.9
1720800,460750.0,280.15,7.0,12.0,20.0,460750.0,8000000.0,1000000.0,29630.0,1.4156712852365025,0.4,57680.0,2.7558528428093645,0.75,373440.0,17.842331581462016,0.9
1724400,473350.0,280.15,7.0,12.0,20.0,473350.0,8000000.0,1000000.0,35510.0,1.696607740086001,0.4,58210.0,2.781175346392738,0.75,379630.0,18.138079311992357,0.9
1728000,318650.0,280.15,7.0,12.0,20.0,318650.0,8000000.0,1000000.0,0.0,0.0,0.4,53560.0,2.559006211180124,0.75,265090.0,12.665551839464882,0.9
1731600,268320.0,280.15,7.0,12.0,20.0,268320.0,8000000.0,1000000.0,48310.0,2.3081700907787868,0.4,63040.0,3.0119445771619686,0.75,156970.0,7.49976110845676,0.9
1735200,311050.0,280.15,7.0,12.0,20.0,311050.0,8000000.0,1000000.0,29490.0,1.4089823220258002,0.4,73560.0,3.5145723841376015,0.75,208000.0,9.937888198757765,0.9
1738800,233000.0,280.15,7.0,12.0,20.0,233000.0,8000000.0,1000000.0,0.0,0.0,0.4,60960.0,2.912565695174391,0.75,172040.0,8.219780219780219,0.9
1742400,272760.0,280.15,7.0,12.0,20.0,272760.0,8000000.0,1000000.0,43470.0,2.076923076923077,0.4,57900.0,2.7663640707118966,0.75,171390.0,8.188724319159101,0.9
1746000,250030.0,280.15,7.0,12.0,20.0,250030.0,8000000.0,1000000.0,29570.0,1.4128045867176302,0.4,58200.0,2.780697563306259,0.75,162260.0,7.752508361204013,0.9
1749600,405090.0,280.15,7.0,12.0,20.0,405090.0,8000000.0,1000000.0,30560.0,1.4601051122790252,0.4,241980.0,11.561395126612517,0.75,132550.0,6.333014811275682,0.9
1753200,893730.0,280.15,7.0,12.0,20.0,893730.0,8000000.0,1000000.0,23420.0,1.118967988533206,0.4,718870.0,34.34639273769709,0.75,151440.0,7.235547061634018,0.9
1756800,473580.00000000006,280.15,7.0,12.0,20.0,473580.00000000006,8000000.0,1000000.0,0.0,0.0,0.4,291550.0,13.929765886287626,0.75,182030.0,8.697085523172479,0.9
1760400,445660.0,280.15,7.0,12.0,20.0,445660.0,8000000.0,1000000.0,0.0,0.0,0.4,300730.0,14.36837075967511,0.75,144930.0,6.924510272336359,0.9
1764000,500150.0,280.15,7.0,12.0,20.0,500150.0,8000000.0,1000000.0,0.0,0.0,0.4,349110.0,16.679885332059246,0.75,151040.0,7.2164357381748685,0.9
1767600,639480.0,280.15,7.0,12.0,20.0,639480.0,8000000.0,1000000.0,177110.0,8.462016244624941,0.4,333050.0,15.912565695174392,0.75,129320.0,6.178690874343048,0.9
1771200,711260.0,280.15,7.0,12.0,20.0,711260.0,8000000.0,1000000.0,82560.0,3.9445771619684664,0.4,399630.0,19.093645484949832,0.75,229070.0,10.944577161968466,0.9
1774800,654510.0,280.15,7.0,12.0,20.0,654510.0,8000000.0,1000000.0,43410.0,2.0740563784042045,0.4,414760.0,19.816531294792163,0.75,196340.0,9.380793119923554,0.9
1778400,589370.0,280.15,7.0,12.0,20.0,589370.0,8000000.0,1000000.0,85610.0,4.090301003344481,0.4,341490.0,16.315814620162445,0.75,162270.0,7.752986144290492,0.9
1782000,653800.0,280.15,7.0,12.0,20.0,653800.0,8000000.0,1000000.0,67510.0,3.225513616817965,0.4,373470.0,17.843764930721456,0.75,212820.0,10.168179646440516,0.9
1785600,653790.0,280.15,7.0,12.0,20.0,653790.0,8000000.0,1000000.0,142090.0,6.788819875776397,0.4,307190.0,14.677018633540373,0.75,204510.0,9.771141901576684,0.9
1789200,1066430.0,280.15,7.0,12.0,20.0,1066430.0,8000000.0,1000000.0,146050.0,6.978021978021979,0.4,685920.0,32.77209746774964,0.75,234460.0,11.202102245580507,0.9
1792800,691920.0,280.15,7.0,12.0,20.0,691920.0,8000000.0,1000000.0,54580.0,2.6077400860009554,0.4,380380.0,18.17391304347826,0.75,256959.99999999997,12.277114190157668,0.9
1796400,366919.99999999994,280.15,7.0,12.0,20.0,366919.99999999994,8000000.0,1000000.0,50580.0,2.41662685140946,0.4,71270.0,3.4051600573339704,0.75,245070.0,11.709030100334449,0.9
1800000,360469.99999999994,280.15,7.0,12.0,20.0,360469.99999999994,8000000.0,1000000.0,47800.0,2.2838031533683707,0.4,62660.0,2.9937888198757765,0.75,250010.0,11.945054945054945,0.9
1803600,439520.0,280.15,7.0,12.0,20.0,439520.0,8000000.0,1000000.0,48520.0,2.31820353559484,0.4,54110.0,2.5852842809364547,0.75,336890.0,16.096034400382226,0.9
1807200,433840.00000000006,280.15,7.0,12.0,20.0,433840.00000000006,8000000.0,1000000.0,57490.0,2.7467749641662684,0.4,61090.0,2.9187768752986147,0.75,315260.0,15.062589584328714,0.9
1810800,426200.00000000006,280.15,7.0,12.0,20.0,426200.00000000006,8000000.0,1000000.0,54600.0,2.608695652173913,0.4,60310.0,2.881509794553273,0.75,311290.0,14.872909698996656,0.9
1814400,401360.0,280.15,7.0,12.0,20.0,401360.0,8000000.0,1000000.0,48560.0,2.320114667940755,0.4,55110.0,2.6330625895843287,0.75,297690.0,14.22312470138557,0.9
1818000,331800.0,280.15,7.0,12.0,20.0,331800.0,8000000.0,1000000.0,62460.0,2.9842331581462016,0.4,44320.0,2.11753463927377,0.75,225020.0,10.751075011944577,0.9
1821600,352640.0,280.15,7.0,12.0,20.0,352640.0,8000000.0,1000000.0,49980.0,2.3879598662207355,0.4,46400.0,2.2169135212613473,0.75,256260.0,12.243669374104156,0.9
1825200,287930.0,280.15,7.0,12.0,20.0,287930.0,8000000.0,1000000.0,52550.0,2.5107501194457713,0.4,44130.0,2.108456760630674,0.75,191250.0,9.137601528905877,0.9
1828800,274400.0,280.15,7.0,12.0,20.0,274400.0,8000000.0,1000000.0,50190.0,2.3979933110367893,0.4,44320.0,2.11753463927377,0.75,179890.0,8.59483994266603,0.9
1832400,357020.0,280.15,7.0,12.0,20.0,357020.0,8000000.0,1000000.0,56080.0,2.6794075489727662,0.4,108760.0,5.196368848542762,0.75,192180.0,9.1820353559484,0.9
1836000,339880.0,280.15,7.0,12.0,20.0,339880.0,8000000.0,1000000.0,46230.0,2.2087912087912085,0.4,114480.0,5.4696607740086005,0.75,179170.0,8.56043956043956,0.9
1839600,423460.0,280.15,7.0,12.0,20.0,423460.0,8000000.0,1000000.0,60220.0,2.877209746774964,0.4,194010.0,9.269469660774009,0.75,169230.0,8.085523172479693,0.9
1843200,473190.00000000006,280.15,7.0,12.0,20.0,473190.00000000006,8000000.0,1000000.0,48420.0,2.3134257047300526,0.4,254990.0,12.182990922121357,0.75,169780.0,8.111801242236025,0.9
1846800,549400.0,280.15,7.0,12.0,20.0,549400.0,8000000.0,1000000.0,50490.0,2.4123268036311516,0.4,309060.0,14.766364070711898,0.75,189850.0,9.070711896798853,0.9
1850400,625100.0,280.15,7.0,12.0,20.0,625100.0,8000000.0,1000000.0,104110.0,4.974199713330148,0.4,331480.0,15.83755375059723,0.75,189510.0,9.054467271858575,0.9
1854000,601990.0,280.15,7.0,12.0,20.0,601990.0,8000000.0,1000000.0,93560.0,4.470138557095079,0.4,319480.0,15.264214046822744,0.75,188950.0,9.027711419015766,0.9
1857600,1004189.9999999999,280.15,7.0,12.0,20.0,1004189.9999999999,8000000.0,1000000.0,119420.0,5.705685618729097,0.4,679100.0,32.446249402771144,0.75,205670.0,9.826564739608218,0.9
1861200,641430.0,280.15,7.0,12.0,20.0,641430.0,8000000.0,1000000.0,98250.0,4.694218824653607,0.4,313530.0,14.979933110367892,0.75,229650.0,10.972288580984234,0.9
1864800,768040.0,280.15,7.0,12.0,20.0,768040.0,8000000.0,1000000.0,133590.0,6.38270425226947,0.4,369320.0,17.645484949832777,0.75,265130.0,12.667462971810798,0.9
1868400,748589.9999999999,280.15,7.0,12.0,20.0,748589.9999999999,8000000.0,1000000.0,147740.0,7.058767319636885,0.4,374780.0,17.906354515050165,0.75,226070.0,10.801242236024844,0.9
1872000,744340.0,280.15,7.0,12.0,20.0,744340.0,8000000.0,1000000.0,239330.0,11.434782608695652,0.4,342640.0,16.3707596751075,0.75,162370.0,7.75776397515528,0.9
1875600,727220.0,280.15,7.0,12.0,20.0,727220.0,8000000.0,1000000.0,194090.0,9.27329192546584,0.4,310820.0,14.850453893932155,0.75,222310.0,10.621595795508838,0.9
1879200,816480.0,280.15,7.0,12.0,20.0,816480.0,8000000.0,1000000.0,271170.0,12.956043956043956,0.4,186350.0,8.903487816531294,0.75,358960.0,17.150501672240804,0.9
1882800,683640.0,280.15,7.0,12.0,20.0,683640.0,8000000.0,1000000.0,282370.0,13.491161012900143,0.4,55080.0,2.6316292403248926,0.75,346190.0,16.540372670807454,0.9
1886400,699050.0,280.15,7.0,12.0,20.0,699050.0,8000000.0,1000000.0,286260.0,13.677018633540373,0.4,78150.0,3.733874820831343,0.75,334640.0,15.98853320592451,0.9
1890000,665770.0,280.15,7.0,12.0,20.0,665770.0,8000000.0,1000000.0,299530.0,14.311036789297658,0.4,39590.0,1.8915432393693266,0.75,326650.0,15.606784519827997,0.9
1893600,633560.0,280.15,7.0,12.0,20.0,633560.0,8000000.0,1000000.0,308900.0,14.758719541328237,0.4,37850.0,1.808408982322026,0.75,286810.0,13.703296703296704,0.9
1897200,663079.9999999999,280.15,7.0,12.0,20.0,663079.9999999999,8000000.0,1000000.0,310950.0,14.856665074056378,0.4,30800.0,1.4715719063545152,0.75,321330.0,15.352603917821309,0.9
1900800,617550.0,280.15,7.0,12.0,20.0,617550.0,8000000.0,1000000.0,320080.0,15.292881032011467,0.4,34590.0,1.652651696129957,0.75,262880.0,12.559961777353081,0.9
1904400,579450.0,280.15,7.0,12.0,20.0,579450.0,8000000.0,1000000.0,310620.0,14.84089823220258,0.4,35730.0,1.707118967988533,0.75,233100.0,11.137123745819398,0.9
1908000,556270.0,280.15,7.0,12.0,20.0,556270.0,8000000.0,1000000.0,309170.0,14.771619684663165,0.4,31050.0,1.4835164835164836,0.75,216050.0,10.32250358337315,0.9
1911600,533370.0,280.15,7.0,12.0,20.0,533370.0,8000000.0,1000000.0,303310.0,14.491638795986622,0.4,37420.0,1.7878643096034401,0.75,192640.0,9.20401337792642,0.9
1915200,466640.0,280.15,7.0,12.0,20.0,466640.0,8000000.0,1000000.0,313450.0,14.976110845676063,0.4,33230.0,1.5876731963688484,0.75,119960.0,5.731485905398949,0.9
1918800,461849.99999999994,280.15,7.0,12.0,20.0,461849.99999999994,8000000.0,1000000.0,310150.0,14.818442427138079,0.4,32280.0,1.5422838031533685,0.75,119420.0,5.705685618729097,0.9
1922400,477780.00000000006,280.15,7.0,12.0,20.0,477780.00000000006,8000000.0,1000000.0,298450.0,14.259436215957955,0.4,58600.0,2.7998088867654087,0.75,120730.0,5.768275203057812,0.9
1926000,603230.0,280.15,7.0,12.0,20.0,603230.0,8000000.0,1000000.0,309990.0,14.810797897754421,0.4,171770.0,8.206880076445294,0.75,121470.0,5.803631151457238,0.9
1929600,666800.0,280.15,7.0,12.0,20.0,666800.0,8000000.0,1000000.0,312700.0,14.940277114190158,0.4,228470.0,10.915910176779741,0.75,125630.0,6.002388915432394,0.9
1933200,702510.0,280.15,7.0,12.0,20.0,702510.0,8000000.0,1000000.0,304850.0,14.56521739130435,0.4,263130.0,12.57190635451505,0.75,134530.0,6.427615862398471,0.9
1936800,801090.0,280.15,7.0,12.0,20.0,801090.0,8000000.0,1000000.0,316240.0,15.109412326803632,0.4,325440.0,15.54897276636407,0.75,159410.0,7.616340181557573,0.9
1940400,828060.0,280.15,7.0,12.0,20.0,828060.0,8000000.0,1000000.0,336180.0,16.062111801242235,0.4,302810.0,14.467749641662685,0.75,189070.0,9.033444816053512,0.9
1944000,952750.0,280.15,7.0,12.0,20.0,952750.0,8000000.0,1000000.0,261779.99999999997,12.507405637840419,0.4,337020.0,16.102245580506448,0.75,353950.0,16.911132345914954,0.9
1947600,871910.0000000001,280.15,7.0,12.0,20.0,871910.0000000001,8000000.0,1000000.0,347970.0,16.62541806020067,0.4,328220.0,15.681796464405162,0.75,195720.0,9.351170568561873,0.9
1951200,860620.0,280.15,7.0,12.0,20.0,860620.0,8000000.0,1000000.0,302350.0,14.445771619684665,0.4,344280.0,16.449116101290013,0.75,213990.0,10.224080267558529,0.9
1954800,732110.0000000001,280.15,7.0,12.0,20.0,732110.0000000001,8000000.0,1000000.0,212740.0,10.164357381748687,0.4,325190.0,15.537028189202102,0.75,194180.0,9.277591973244148,0.9
1958400,812910.0,280.15,7.0,12.0,20.0,812910.0,8000000.0,1000000.0,240740.0,11.502150023889154,0.4,331060.0,15.817486860965122,0.75,241110.0,11.519827998088868,0.9
1962000,703930.0000000001,280.15,7.0,12.0,20.0,703930.0000000001,8000000.0,1000000.0,127510.0,6.092212135690397,0.4,324990.0,15.527472527472527,0.75,251430.0,12.012900143334926,0.9
1965600,739010.0,280.15,7.0,12.0,20.0,739010.0,8000000.0,1000000.0,194520.0,9.293836598184425,0.4,237890.0,11.365981844242713,0.75,306600.0,14.648829431438129,0.9
1969200,693780.0,280.15,7.0,12.0,20.0,693780.0,8000000.0,1000000.0,199150.0,9.51505016722408,0.4,163250.0,7.799808886765408,0.75,331380.0,15.832775919732441,0.9
1972800,637300.0,280.15,7.0,12.0,20.0,637300.0,8000000.0,1000000.0,164410.0,7.855231724796942,0.4,156450.0,7.4749163879598655,0.75,316440.0,15.118967988533207,0.9
1976400,619970.0,280.15,7.0,12.0,20.0,619970.0,8000000.0,1000000.0,183410.0,8.763019589106545,0.4,138210.0,6.603440038222647,0.75,298350.0,14.254658385093169,0.9
1980000,672420.0,280.15,7.0,12.0,20.0,672420.0,8000000.0,1000000.0,171730.0,8.20496894409938,0.4,143730.0,6.86717630195891,0.75,356960.0,17.054945054945055,0.9
1983600,535329.9999999999,280.15,7.0,12.0,20.0,535329.9999999999,8000000.0,1000000.0,166230.0,7.942188246536072,0.4,143430.0,6.852842809364549,0.75,225670.0,10.782130912565695,0.9
1987200,544390.0,280.15,7.0,12.0,20.0,544390.0,8000000.0,1000000.0,177850.0,8.497372193024367,0.4,137170.0,6.553750597228857,0.75,229370.0,10.958910654562828,0.9
1990800,546860.0,280.15,7.0,12.0,20.0,546860.0,8000000.0,1000000.0,187460.0,8.956521739130435,0.4,135320.0,6.4653607262302915,0.75,224080.0,10.706163401815576,0.9
1994400,447780.0,280.15,7.0,12.0,20.0,447780.0,8000000.0,1000000.0,170750.0,8.158146201624463,0.4,127510.0,6.092212135690397,0.75,149520.0,7.143812709030101,0.9
1998000,453940.00000000006,280.15,7.0,12.0,20.0,453940.00000000006,8000000.0,1000000.0,162340.0,7.756330625895844,0.4,132390.0,6.32537028189202,0.75,159210.0,7.606784519827999,0.9
2001600,435250.0,280.15,7.0,12.0,20.0,435250.0,8000000.0,1000000.0,165690.0,7.916387959866221,0.4,132960.0,6.35260391782131,0.75,136600.0,6.52651696129957,0.9
2005200,523130.0,280.15,7.0,12.0,20.0,523130.0,8000000.0,1000000.0,171710.0,8.204013377926422,0.4,183160.0,8.751075011944577,0.75,168260.0,8.039178213091256,0.9
2008800,539600.0,280.15,7.0,12.0,20.0,539600.0,8000000.0,1000000.0,177160.0,8.464405160057334,0.4,215050.0,10.274725274725276,0.75,147390.0,7.0420449116101285,0.9
2012400,578380.0,280.15,7.0,12.0,20.0,578380.0,8000000.0,1000000.0,166020.0,7.93215480172002,0.4,290590.0,13.883898709985665,0.75,121770.0,5.8179646440516,0.9
2016000,585370.0,280.15,7.0,12.0,20.0,585370.0,8000000.0,1000000.0,177690.0,8.489727663640707,0.4,272120.0,13.001433349259436,0.75,135560.0,6.476827520305782,0.9
2019600,710270.0,280.15,7.0,12.0,20.0,710270.0,8000000.0,1000000.0,247070.0,11.804586717630196,0.4,304480.0,14.547539417104636,0.75,158720.0,7.58337314859054,0.9
2023200,1108060.0,280.15,7.0,12.0,20.0,1108060.0,8000000.0,1000000.0,251120.0,11.998088867654085,0.4,680210.0,32.499283325370286,0.75,176730.0,8.443860487338748,0.9
2026800,738500.0,280.15,7.0,12.0,20.0,738500.0,8000000.0,1000000.0,221310.0,10.573817486860966,0.4,339460.0,16.21882465360726,0.75,177730.0,8.491638795986622,0.9
2030400,816479.9999999999,280.15,7.0,12.0,20.0,816479.9999999999,8000000.0,1000000.0,244820.0,11.697085523172479,0.4,376030.0,17.96607740086001,0.75,195630.0,9.346870520783565,0.9
2034000,790640.0,280.15,7.0,12.0,20.0,790640.0,8000000.0,1000000.0,264060.0,12.616340181557574,0.4,350220.0,16.732919254658388,0.75,176360.0,8.426182513139036,0.9
2037600,863720.0,280.15,7.0,12.0,20.0,863720.0,8000000.0,1000000.0,228790.0,10.931199235547062,0.4,398190.0,19.024844720496894,0.75,236740.0,11.31103678929766,0.9
2041200,738110.0,280.15,7.0,12.0,20.0,738110.0,8000000.0,1000000.0,219780.0,10.500716674629718,0.4,309300.0,14.777830864787386,0.75,209030.0,9.987099856665074,0.9
2044800,752790.0,280.15,7.0,12.0,20.0,752790.0,8000000.0,1000000.0,161520.0,7.717152412804587,0.4,292480.0,13.97419971333015,0.75,298790.0,14.275680840898234,0.9
2048400,856780.0,280.15,7.0,12.0,20.0,856780.0,8000000.0,1000000.0,211460.0,10.103201146679408,0.4,308060.0,14.718585762064023,0.75,337260.0,16.11371237458194,0.9
2052000,700210.0,280.15,7.0,12.0,20.0,700210.0,8000000.0,1000000.0,178050.0,8.506927854753942,0.4,231800.0,11.075011944577163,0.75,290360.0,13.872909698996656,0.9
2055600,586720.0,280.15,7.0,12.0,20.0,586720.0,8000000.0,1000000.0,154300.0,7.372193024366938,0.4,130870.0,6.252747252747253,0.75,301550.0,14.407548972766365,0.9
2059200,609140.0,280.15,7.0,12.0,20.0,609140.0,8000000.0,1000000.0,165510.0,7.907787864309603,0.4,121640.0,5.811753463927377,0.75,321990.0,15.384137601528906,0.9
2062800,546220.0,280.15,7.0,12.0,20.0,546220.0,8000000.0,1000000.0,153940.0,7.354992833253703,0.4,107540.0,5.138079311992356,0.75,284740.0,13.604395604395606,0.9
2066400,497090.00000000006,280.15,7.0,12.0,20.0,497090.00000000006,8000000.0,1000000.0,144020.0,6.881032011466795,0.4,111480.0,5.326325848064979,0.75,241590.0,11.542761586239848,0.9
2070000,472450.00000000006,280.15,7.0,12.0,20.0,472450.00000000006,8000000.0,1000000.0,143810.0,6.870998566650741,0.4,104670.0,5.000955566172958,0.75,223970.0,10.70090778786431,0.9
2073600,477740.0,280.15,7.0,12.0,20.0,477740.0,8000000.0,1000000.0,143030.0,6.833731485905399,0.4,113930.0,5.4433827042522696,0.75,220780.0,10.548494983277592,0.9
2077200,323930.0,280.15,7.0,12.0,20.0,323930.0,8000000.0,1000000.0,137380.0,6.563784042044912,0.4,710.0,0.03392259913999044,0.75,185840.0,8.87912087912088,0.9
2080800,321760.0,280.15,7.0,12.0,20.0,321760.0,8000000.0,1000000.0,137190.0,6.554706163401816,0.4,100.0,0.004777830864787387,0.75,184470.0,8.813664596273291,0.9
2084400,331130.0,280.15,7.0,12.0,20.0,331130.0,8000000.0,1000000.0,146870.0,7.017200191113235,0.4,50.0,0.0023889154323936935,0.75,184210.0,8.801242236024844,0.9
2088000,320510.0,280.15,7.0,12.0,20.0,320510.0,8000000.0,1000000.0,140010.0,6.6894409937888195,0.4,2320.0,0.11084567606306736,0.75,178180.0,8.513139034878165,0.9
2091600,270909.99999999994,280.15,7.0,12.0,20.0,270909.99999999994,8000000.0,1000000.0,137510.0,6.569995222169135,0.4,180.0,0.008600095556617296,0.75,133220.0,6.365026278069756,0.9
2095200,469010.0,280.15,7.0,12.0,20.0,469010.0,8000000.0,1000000.0,140680.0,6.721452460582896,0.4,192710.0,9.207357859531774,0.75,135620.0,6.479694218824654,0.9
2098800,429200.0,280.15,7.0,12.0,20.0,429200.0,8000000.0,1000000.0,137290.0,6.559483994266603,0.4,154150.0,7.365026278069757,0.75,137760.0,6.581939799331104,0.9
2102400,398710.0,280.15,7.0,12.0,20.0,398710.0,8000000.0,1000000.0,146070.0,6.978977544194935,0.4,104890.0,5.01146679407549,0.75,147750.0,7.059245102723364,0.9
2106000,485100.0,280.15,7.0,12.0,20.0,485100.0,8000000.0,1000000.0,135650.0,6.48112756808409,0.4,194290.0,9.282847587195413,0.75,155160.0,7.413282369804109,0.9
2109600,501320.00000000006,280.15,7.0,12.0,20.0,501320.00000000006,8000000.0,1000000.0,192700.0,9.206880076445293,0.4,136530.0,6.523172479694219,0.75,172090.0,8.222169135212614,0.9
2113200,509180.00000000006,280.15,7.0,12.0,20.0,509180.00000000006,8000000.0,1000000.0,158310.0,7.563784042044912,0.4,160530.0,7.669851887243191,0.75,190340.0,9.094123268036311,0.9
2116800,536350.0,280.15,7.0,12.0,20.0,536350.0,8000000.0,1000000.0,177310.0,8.471571906354516,0.4,168140.0,8.03344481605351,0.75,190900.0,9.12087912087912,0.9
2120400,592939.9999999999,280.15,7.0,12.0,20.0,592939.9999999999,8000000.0,1000000.0,180500.0,8.623984710941233,0.4,182780.0,8.732919254658386,0.75,229660.0,10.972766364070711,0.9
2124000,585200.0,280.15,7.0,12.0,20.0,585200.0,8000000.0,1000000.0,158830.0,7.5886287625418065,0.4,179220.0,8.562828475871955,0.75,247150.0,11.808408982322026,0.9
2127600,605240.0,280.15,7.0,12.0,20.0,605240.0,8000000.0,1000000.0,105050.0,5.01911132345915,0.4,232790.0,11.122312470138557,0.75,267400.0,12.775919732441471,0.9
2131200,759430.0000000001,280.15,7.0,12.0,20.0,759430.0000000001,8000000.0,1000000.0,287810.0,13.751075011944577,0.4,197120.0,9.418060200668897,0.75,274500.0,13.115145723841376,0.9
2134800,551910.0,280.15,7.0,12.0,20.0,551910.0,8000000.0,1000000.0,94580.0,4.51887243191591,0.4,144010.0,6.880554228380315,0.75,313320.0,14.96989966555184,0.9
2138400,472670.0,280.15,7.0,12.0,20.0,472670.0,8000000.0,1000000.0,87010.0,4.157190635451506,0.4,64190.0,3.0668896321070234,0.75,321470.0,15.359292881032014,0.9
2142000,417020.0,280.15,7.0,12.0,20.0,417020.0,8000000.0,1000000.0,133980.0,6.40133779264214,0.4,3440.0,0.1643573817486861,0.75,279600.0,13.358815097945534,0.9
2145600,373789.99999999994,280.15,7.0,12.0,20.0,373789.99999999994,8000000.0,1000000.0,105770.0,5.053511705685619,0.4,11810.0,0.5642618251313903,0.75,256209.99999999997,12.241280458671762,0.9
2149200,385880.0,280.15,7.0,12.0,20.0,385880.0,8000000.0,1000000.0,139600.0,6.669851887243191,0.4,2720.0,0.12995699952221693,0.75,243560.0,11.63688485427616,0.9
2152800,452290.0,280.15,7.0,12.0,20.0,452290.0,8000000.0,1000000.0,143660.0,6.8638318203535595,0.4,39840.0,1.903487816531295,0.75,268790.0,12.842331581462018,0.9
2156400,394870.0,280.15,7.0,12.0,20.0,394870.0,8000000.0,1000000.0,136220.0,6.508361204013378,0.4,490.0,0.023411371237458192,0.75,258160.00000000003,12.334448160535118,0.9
2160000,380539.99999999994,280.15,7.0,12.0,20.0,380539.99999999994,8000000.0,1000000.0,142790.0,6.822264691829909,0.4,170.0,0.008122312470138558,0.75,237580.0,11.351170568561873,0.9
2163600,294960.0,280.15,7.0,12.0,20.0,294960.0,8000000.0,1000000.0,135500.0,6.473960821786909,0.4,170.0,0.008122312470138558,0.75,159290.0,7.6106067845198275,0.9
2167200,285240.0,280.15,7.0,12.0,20.0,285240.0,8000000.0,1000000.0,151500.0,7.23841376015289,0.4,1390.0,0.06641184902054467,0.75,132350.0,6.323459149546106,0.9
2170800,276110.0,280.15,7.0,12.0,20.0,276110.0,8000000.0,1000000.0,151840.0,7.254658385093168,0.4,750.0,0.0358337314859054,0.75,123520.0,5.90157668418538,0.9
2174400,261350.00000000003,280.15,7.0,12.0,20.0,261350.00000000003,8000000.0,1000000.0,139830.0,6.680840898232203,0.4,270.0,0.012900143334925944,0.75,121250.0,5.793119923554706,0.9
2178000,240880.0,280.15,7.0,12.0,20.0,240880.0,8000000.0,1000000.0,142720.0,6.818920210224558,0.4,740.0,0.035355948399426664,0.75,97420.0,4.654562828475872,0.9
2181600,392320.0,280.15,7.0,12.0,20.0,392320.0,8000000.0,1000000.0,137840.0,6.5857620640229335,0.4,155460.0,7.427615862398471,0.75,99020.0,4.73100812231247,0.9
2185200,412549.99999999994,280.15,7.0,12.0,20.0,412549.99999999994,8000000.0,1000000.0,142990.0,6.831820353559484,0.4,167650.0,8.010033444816054,0.75,101910.0,4.869087434304825,0.9
2188800,397370.0,280.15,7.0,12.0,20.0,397370.0,8000000.0,1000000.0,146800.0,7.013855709507884,0.4,152850.0,7.30291447682752,0.75,97720.0,4.668896321070235,0.9
2192400,418380.0,280.15,7.0,12.0,20.0,418380.0,8000000.0,1000000.0,143710.0,6.866220735785953,0.4,179450.0,8.573817486860964,0.75,95220.0,4.549450549450549,0.9
2196000,413000.0,280.15,7.0,12.0,20.0,413000.0,8000000.0,1000000.0,137560.0,6.572384137601529,0.4,158820.0,7.588150979455327,0.75,116620.0,5.5719063545150505,0.9
2199600,436240.0,280.15,7.0,12.0,20.0,436240.0,8000000.0,1000000.0,150750.0,7.202580028666985,0.4,161210.0,7.702341137123747,0.75,124280.0,5.937888198757764,0.9
2203200,426469.99999999994,280.15,7.0,12.0,20.0,426469.99999999994,8000000.0,1000000.0,154940.0,7.402771141901576,0.4,184070.0,8.794553272814142,0.75,87460.0,4.178690874343048,0.9
2206800,454520.00000000006,280.15,7.0,12.0,20.0,454520.00000000006,8000000.0,1000000.0,157710.0,7.535117056856188,0.4,149630.0,7.149068322981367,0.75,147180.0,7.032011466794076,0.9
2210400,542570.0,280.15,7.0,12.0,20.0,542570.0,8000000.0,1000000.0,159990.0,7.6440516005733405,0.4,192600.0,9.202102245580507,0.75,189980.0,9.076923076923077,0.9
2214000,449180.0,280.15,7.0,12.0,20.0,449180.0,8000000.0,1000000.0,156040.0,7.455327281414237,0.4,146320.0,6.9909221213569035,0.75,146820.0,7.014811275680841,0.9
2217600,496310.00000000006,280.15,7.0,12.0,20.0,496310.00000000006,8000000.0,1000000.0,143330.0,6.848064978499762,0.4,192360.0,9.190635451505017,0.75,160620.0,7.6741519350215,0.9
2221200,497410.0,280.15,7.0,12.0,20.0,497410.0,8000000.0,1000000.0,152970.0,7.308647873865265,0.4,150330.0,7.182513139034879,0.75,194110.0,9.274247491638796,0.9
2224800,482090.00000000006,280.15,7.0,12.0,20.0,482090.00000000006,8000000.0,1000000.0,169470.0,8.096989966555183,0.4,94000.0,4.491161012900143,0.75,218620.0,10.445293836598184,0.9
2228400,398039.99999999994,280.15,7.0,12.0,20.0,398039.99999999994,8000000.0,1000000.0,160000.0,7.644529383659819,0.4,160.0,0.007644529383659819,0.75,237880.0,11.365504061156235,0.9
2232000,402179.99999999994,280.15,7.0,12.0,20.0,402179.99999999994,8000000.0,1000000.0,165190.0,7.892498805542284,0.4,170.0,0.008122312470138558,0.75,236820.0,11.314859053989489,0.9
2235600,397750.0,280.15,7.0,12.0,20.0,397750.0,8000000.0,1000000.0,154780.0,7.395126612517917,0.4,1040.0,0.04968944099378882,0.75,241930.0,11.559006211180124,0.9
2239200,395840.00000000006,280.15,7.0,12.0,20.0,395840.00000000006,8000000.0,1000000.0,167880.0,8.021022455805065,0.4,1270.0,0.06067845198279981,0.75,226690.0,10.830864787386526,0.9
2242800,390090.00000000006,280.15,7.0,12.0,20.0,390090.00000000006,8000000.0,1000000.0,150530.0,7.192068800764453,0.4,790.0,0.03774486383182036,0.75,238770.0,11.408026755852843,0.9
2246400,369480.0,280.15,7.0,12.0,20.0,369480.0,8000000.0,1000000.0,155670.0,7.437649307214524,0.4,1060.0,0.0506450071667463,0.75,212750.0,10.164835164835164,0.9
2250000,291470.0,280.15,7.0,12.0,20.0,291470.0,8000000.0,1000000.0,142990.0,6.831820353559484,0.4,370.0,0.017677974199713332,0.75,148110.0,7.076445293836599,0.9
2253600,310200.0,280.15,7.0,12.0,20.0,310200.0,8000000.0,1000000.0,149880.0,7.1610129001433345,0.4,150.0,0.00716674629718108,0.75,160170.0,7.652651696129957,0.9
2257200,254329.99999999997,280.15,7.0,12.0,20.0,254329.99999999997,8000000.0,1000000.0,143910.0,6.875776397515528,0.4,70.0,0.003344481605351171,0.75,110350.0,5.272336359292881,0.9
2260800,261440.0,280.15,7.0,12.0,20.0,261440.0,8000000.0,1000000.0,160240.0,7.655996177735308,0.4,670.0,0.032011466794075495,0.75,100530.0,4.80315336837076,0.9
2264400,264860.0,280.15,7.0,12.0,20.0,264860.0,8000000.0,1000000.0,157580.0,7.528905876731964,0.4,330.0,0.015766841853798376,0.75,106950.0,5.10989010989011,0.9
2268000,358580.0,280.15,7.0,12.0,20.0,358580.0,8000000.0,1000000.0,149130.0,7.1251791686574295,0.4,110460.0,5.277591973244147,0.75,98990.0,4.7295747730530335,0.9
2271600,445900.00000000006,280.15,7.0,12.0,20.0,445900.00000000006,8000000.0,1000000.0,149560.0,7.145723841376015,0.4,171650.0,8.201146679407548,0.75,124690.0,5.957477305303392,0.9
2275200,421400.0,280.15,7.0,12.0,20.0,421400.0,8000000.0,1000000.0,152440.0,7.283325370281892,0.4,161970.0,7.73865265169613,0.75,106990.0,5.111801242236025,0.9
2278800,461159.99999999994,280.15,7.0,12.0,20.0,461159.99999999994,8000000.0,1000000.0,211390.0,10.099856665074055,0.4,147820.0,7.062589584328714,0.75,101950.0,4.870998566650741,0.9
2282400,1035540.0,280.15,7.0,12.0,20.0,1035540.0,8000000.0,1000000.0,233890.0,11.174868609651218,0.4,649140.0,31.01481127568084,0.75,152510.0,7.286669851887243,0.9
2286000,509860.0,280.15,7.0,12.0,20.0,509860.0,8000000.0,1000000.0,191240.0,9.137123745819398,0.4,176700.0,8.442427138079312,0.75,141920.0,6.7806975633062585,0.9
2289600,585530.0,280.15,7.0,12.0,20.0,585530.0,8000000.0,1000000.0,232960.0,11.130434782608695,0.4,215250.0,10.28428093645485,0.75,137320.0,6.560917343526039,0.9
2293200,616750.0,280.15,7.0,12.0,20.0,616750.0,8000000.0,1000000.0,235630.0,11.258002866698519,0.4,224290.0,10.716196846631629,0.75,156830.0,7.493072145246059,0.9
2296800,649280.0,280.15,7.0,12.0,20.0,649280.0,8000000.0,1000000.0,282170.0,13.48160535117057,0.4,209210.0,9.995699952221692,0.75,157900.0,7.544194935499283,0.9
2300400,636570.0,280.15,7.0,12.0,20.0,636570.0,8000000.0,1000000.0,234610.0,11.209268991877689,0.4,218970.0,10.462016244624941,0.75,182990.0,8.74295269947444,0.9
2304000,742710.0,280.15,7.0,12.0,20.0,742710.0,8000000.0,1000000.0,295370.0,14.112279025322504,0.4,188810.0,9.021022455805065,0.75,258529.99999999997,12.35212613473483,0.9
2307600,731200.0,280.15,7.0,12.0,20.0,731200.0,8000000.0,1000000.0,280440.0,13.398948877209747,0.4,203780.0,9.736263736263737,0.75,246980.0,11.800286669851888,0.9
2311200,544800.0,280.15,7.0,12.0,20.0,544800.0,8000000.0,1000000.0,174000.0,8.313425704730053,0.4,112600.0,5.379837553750597,0.75,258200.0,12.336359292881031,0.9
2314800,451950.00000000006,280.15,7.0,12.0,20.0,451950.00000000006,8000000.0,1000000.0,175790.0,8.398948877209747,0.4,43950.0,2.0998566650740567,0.75,232210.0,11.09460105112279,0.9
2318400,508460.0,280.15,7.0,12.0,20.0,508460.0,8000000.0,1000000.0,192960.0,9.219302436693741,0.4,36420.0,1.7400860009555663,0.75,279080.0,13.333970377448638,0.9
2322000,517809.99999999994,280.15,7.0,12.0,20.0,517809.99999999994,8000000.0,1000000.0,185160.0,8.846631629240324,0.4,45020.0,2.1509794553272816,0.75,287630.0,13.74247491638796,0.9
2325600,462599.99999999994,280.15,7.0,12.0,20.0,462599.99999999994,8000000.0,1000000.0,160940.0,7.6894409937888195,0.4,41380.0,1.9770664118490207,0.75,260279.99999999997,12.435738174868609,0.9
2329200,413500.0,280.15,7.0,12.0,20.0,413500.0,8000000.0,1000000.0,165900.0,7.926421404682275,0.4,46750.0,2.2336359292881034,0.75,200850.0,9.596273291925465,0.9
2332800,431460.00000000006,280.15,7.0,12.0,20.0,431460.00000000006,8000000.0,1000000.0,161660.0,7.723841376015289,0.4,47780.0,2.2828475871954135,0.75,222020.0,10.607740086000955,0.9
2336400,409760.0,280.15,7.0,12.0,20.0,409760.0,8000000.0,1000000.0,185210.0,8.849020544672719,0.4,39610.0,1.8924988055422838,0.75,184940.0,8.836120401337793,0.9
2340000,356430.0,280.15,7.0,12.0,20.0,356430.0,8000000.0,1000000.0,166490.0,7.95461060678452,0.4,45840.0,2.190157668418538,0.75,144100.0,6.884854276158624,0.9
2343600,359380.0,280.15,7.0,12.0,20.0,359380.0,8000000.0,1000000.0,173710.0,8.29956999522217,0.4,37500.0,1.79168657429527,0.75,148170.0,7.07931199235547,0.9
2347200,350390.0,280.15,7.0,12.0,20.0,350390.0,8000000.0,1000000.0,163240.0,7.79933110367893,0.4,39540.0,1.8891543239369326,0.75,147610.0,7.052556139512662,0.9
2350800,342710.00000000006,280.15,7.0,12.0,20.0,342710.00000000006,8000000.0,1000000.0,166400.0,7.950310559006212,0.4,40950.0,1.956521739130435,0.75,135360.0,6.467271858576207,0.9
2354400,634150.0,280.15,7.0,12.0,20.0,634150.0,8000000.0,1000000.0,156730.0,7.48829431438127,0.4,344750.0,16.471571906354516,0.75,132670.0,6.338748208313425,0.9
2358000,481700.00000000006,280.15,7.0,12.0,20.0,481700.00000000006,8000000.0,1000000.0,166870.0,7.972766364070712,0.4,177080.0,8.460582895365505,0.75,137750.0,6.581462016244625,0.9
2361600,477360.0,280.15,7.0,12.0,20.0,477360.0,8000000.0,1000000.0,158490.0,7.57238413760153,0.4,180630.0,8.630195891065457,0.75,138240.0,6.604873387482083,0.9
2365200,539859.9999999999,280.15,7.0,12.0,20.0,539859.9999999999,8000000.0,1000000.0,172410.0,8.237458193979933,0.4,213760.0,10.213091256569518,0.75,153690.0,7.343048256091734,0.9
2368800,507600.0,280.15,7.0,12.0,20.0,507600.0,8000000.0,1000000.0,168500.0,8.050645007166747,0.4,208310.0,9.952699474438605,0.75,130789.99999999999,6.248924988055423,0.9
2372400,531540.0,280.15,7.0,12.0,20.0,531540.0,8000000.0,1000000.0,178830.0,8.544194935499284,0.4,196580.0,9.392259913999045,0.75,156130.0,7.459627329192546,0.9
2376000,699650.0,280.15,7.0,12.0,20.0,699650.0,8000000.0,1000000.0,322520.0,15.409460105112279,0.4,200120.0,9.561395126612519,0.75,177010.0,8.457238413760152,0.9
2379600,727099.9999999999,280.15,7.0,12.0,20.0,727099.9999999999,8000000.0,1000000.0,345770.0,16.520305781175345,0.4,193670.0,9.253225035833731,0.75,187660.0,8.96607740086001,0.9
2383200,724050.0,280.15,7.0,12.0,20.0,724050.0,8000000.0,1000000.0,314360.0,15.019589106545629,0.4,198680.0,9.49259436215958,0.75,211010.0,10.081700907787864,0.9
2386800,488890.0,280.15,7.0,12.0,20.0,488890.0,8000000.0,1000000.0,58510.0,2.7955088389870997,0.4,197540.0,9.438127090301004,0.75,232840.0,11.124701385570951,0.9
2390400,817000.0,280.15,7.0,12.0,20.0,817000.0,8000000.0,1000000.0,360810.0,17.23889154323937,0.4,196870.0,9.406115623506928,0.75,259320.0,12.38987099856665,0.9
2394000,913480.0,280.15,7.0,12.0,20.0,913480.0,8000000.0,1000000.0,353580.0,16.89345437171524,0.4,189320.0,9.04538939321548,0.75,370580.0,17.705685618729095,0.9
2397600,788560.0,280.15,7.0,12.0,20.0,788560.0,8000000.0,1000000.0,375810.0,17.95556617295748,0.4,113830.0,5.438604873387482,0.75,298920.0,14.281892021022458,0.9
2401200,516539.99999999994,280.15,7.0,12.0,20.0,516539.99999999994,8000000.0,1000000.0,196960.0,9.410415671285238,0.4,44170.0,2.1103678929765888,0.75,275410.0,13.158623984710943,0.9
2404800,536310.0,280.15,7.0,12.0,20.0,536310.0,8000000.0,1000000.0,195200.0,9.326325848064979,0.4,41470.0,1.9813664596273293,0.75,299640.0,14.316292403248925,0.9
2408400,553990.0,280.15,7.0,12.0,20.0,553990.0,8000000.0,1000000.0,234510.0,11.2044911610129,0.4,40170.0,1.9192546583850933,0.75,279310.0,13.34495938843765,0.9
2412000,577630.0,280.15,7.0,12.0,20.0,577630.0,8000000.0,1000000.0,244220.0,11.668418537983756,0.4,41480.0,1.9818442427138079,0.75,291930.0,13.947921643573817,0.9
2415600,496350.0,280.15,7.0,12.0,20.0,496350.0,8000000.0,1000000.0,273120.0,13.04921165790731,0.4,37170.0,1.7759197324414717,0.75,186060.0,8.889632107023411,0.9
2419200,409299.99999999994,280.15,7.0,12.0,20.0,409299.99999999994,8000000.0,1000000.0,204450.0,9.768275203057811,0.4,38660.0,1.8471094123268035,0.75,166190.0,7.940277114190158,0.9
2422800,403750.0,280.15,7.0,12.0,20.0,403750.0,8000000.0,1000000.0,245280.0,11.719063545150503,0.4,40260.0,1.9235547061634017,0.75,118210.0,5.647873865265169,0.9
2426400,367190.0,280.15,7.0,12.0,20.0,367190.0,8000000.0,1000000.0,234030.0,11.181557572861921,0.4,37480.0,1.7907310081223125,0.75,95680.0,4.571428571428572,0.9
2430000,388140.0,280.15,7.0,12.0,20.0,388140.0,8000000.0,1000000.0,246320.0,11.76875298614429,0.4,40440.0,1.932154801720019,0.75,101380.0,4.843764930721452,0.9
2433600,377789.99999999994,280.15,7.0,12.0,20.0,377789.99999999994,8000000.0,1000000.0,239130.0,11.425226946966077,0.4,39880.0,1.9053989488772098,0.75,98780.0,4.71954132823698,0.9
2437200,417380.0,280.15,7.0,12.0,20.0,417380.0,8000000.0,1000000.0,239060.0,11.421882465360726,0.4,99460.0,4.752030578117535,0.75,78860.0,3.767797419971333,0.9
2440800,452300.0,280.15,7.0,12.0,20.0,452300.0,8000000.0,1000000.0,257220.00000000003,12.289536550406117,0.4,118250.0,5.649784997611085,0.75,76830.0,3.670807453416149,0.9
2444400,515880.0,280.15,7.0,12.0,20.0,515880.0,8000000.0,1000000.0,262870.0,12.559483994266603,0.4,176180.0,8.417582417582418,0.75,76830.0,3.670807453416149,0.9
2448000,511380.0,280.15,7.0,12.0,20.0,511380.0,8000000.0,1000000.0,251810.0,12.031055900621118,0.4,184070.0,8.794553272814142,0.75,75500.0,3.607262302914477,0.9
2451600,510860.0,280.15,7.0,12.0,20.0,510860.0,8000000.0,1000000.0,212620.0,10.15862398471094,0.4,203510.0,9.72336359292881,0.75,94730.0,4.526039178213091,0.9
2455200,547260.0,280.15,7.0,12.0,20.0,547260.0,8000000.0,1000000.0,232020.0,11.085523172479695,0.4,202570.0,9.678451982799809,0.75,112670.0,5.383182035355949,0.9
2458800,622530.0,280.15,7.0,12.0,20.0,622530.0,8000000.0,1000000.0,219720.0,10.497849976110846,0.4,193910.0,9.264691829909221,0.75,208900.0,9.98088867654085,0.9
2462400,677140.0000000001,280.15,7.0,12.0,20.0,677140.0000000001,8000000.0,1000000.0,232330.0,11.100334448160536,0.4,248000.0,11.849020544672719,0.75,196810.0,9.403248924988056,0.9
2466000,607790.0,280.15,7.0,12.0,20.0,607790.0,8000000.0,1000000.0,222110.0,10.612040133779265,0.4,212670.0,10.161012900143334,0.75,173010.0,8.266125179168657,0.9
2469600,608600.0,280.15,7.0,12.0,20.0,608600.0,8000000.0,1000000.0,199680.0,9.540372670807454,0.4,203840.0,9.73913043478261,0.75,205080.0,9.798375537505972,0.9
2473200,651230.0,280.15,7.0,12.0,20.0,651230.0,8000000.0,1000000.0,223950.0,10.699952221691351,0.4,210070.0,10.036789297658864,0.75,217210.0,10.377926421404682,0.9
2476800,577210.0,280.15,7.0,12.0,20.0,577210.0,8000000.0,1000000.0,149940.0,7.1638795986622075,0.4,217190.0,10.376970855231725,0.75,210080.0,10.037267080745343,0.9
2480400,634440.0,280.15,7.0,12.0,20.0,634440.0,8000000.0,1000000.0,149800.0,7.157190635451506,0.4,210530.0,10.058767319636885,0.75,274110.0,13.096512183468706,0.9
2484000,781230.0,280.15,7.0,12.0,20.0,781230.0,8000000.0,1000000.0,335440.0,16.02675585284281,0.4,147440.0,7.044433827042523,0.75,298350.0,14.254658385093169,0.9
2487600,675020.0,280.15,7.0,12.0,20.0,675020.0,8000000.0,1000000.0,410390.0,19.607740086000955,0.4,50530.0,2.4142379359770665,0.75,214100.0,10.229335881509794,0.9
2491200,565050.0,280.15,7.0,12.0,20.0,565050.0,8000000.0,1000000.0,240590.0,11.494983277591974,0.4,53230.0,2.5432393693263258,0.75,271230.0,12.95891065456283,0.9
2494800,487090.00000000006,280.15,7.0,12.0,20.0,487090.00000000006,8000000.0,1000000.0,234710.0,11.214046822742475,0.4,55480.0,2.650740563784042,0.75,196900.0,9.407548972766364,0.9
2498400,545780.0,280.15,7.0,12.0,20.0,545780.0,8000000.0,1000000.0,245510.0,11.730052556139512,0.4,52770.0,2.521261347348304,0.75,247500.0,11.825131390348782,0.9
2502000,553060.0,280.15,7.0,12.0,20.0,553060.0,8000000.0,1000000.0,254900.0,12.178690874343049,0.4,55530.0,2.6531294792164357,0.75,242630.0,11.592451027233636,0.9
2505600,558230.0,280.15,7.0,12.0,20.0,558230.0,8000000.0,1000000.0,262760.0,12.554228380315337,0.4,52380.0,2.5026278069756334,0.75,243090.0,11.614429049211658,0.9
2509200,442710.0,280.15,7.0,12.0,20.0,442710.0,8000000.0,1000000.0,237150.0,11.330625895843287,0.4,52000.0,2.4844720496894412,0.75,153560.0,7.336837075967511,0.9
2512800,398900.0,280.15,7.0,12.0,20.0,398900.0,8000000.0,1000000.0,238010.0,11.371715241280459,0.4,50150.0,2.3960821786908744,0.75,110740.0,5.290969899665551,0.9
2516400,384910.0,280.15,7.0,12.0,20.0,384910.0,8000000.0,1000000.0,251330.0,12.008122312470139,0.4,51780.0,2.4739608217869087,0.75,81800.0,3.908265647396082,0.9
2520000,402669.99999999994,280.15,7.0,12.0,20.0,402669.99999999994,8000000.0,1000000.0,252230.0,12.051122790253224,0.4,54280.0,2.5934065934065935,0.75,96160.0,4.594362159579551,0.9
2523600,367809.99999999994,280.15,7.0,12.0,20.0,367809.99999999994,8000000.0,1000000.0,223240.0,10.666029622551362,0.4,45660.0,2.1815575728619208,0.75,98910.0,4.725752508361204,0.9
2527200,552780.0,280.15,7.0,12.0,20.0,552780.0,8000000.0,1000000.0,239230.0,11.430004777830865,0.4,228090.0,10.89775441949355,0.75,85460.0,4.0831342570473,0.9
2530800,528579.9999999999,280.15,7.0,12.0,20.0,528579.9999999999,8000000.0,1000000.0,214850.0,10.2651696129957,0.4,214570.0,10.251791686574295,0.75,99160.0,4.737697085523172,0.9
2534400,580920.0,280.15,7.0,12.0,20.0,580920.0,8000000.0,1000000.0,231660.0,11.06832298136646,0.4,243910.0,11.653607262302915,0.75,105350.0,5.033444816053511,0.9
2538000,627720.0,280.15,7.0,12.0,20.0,627720.0,8000000.0,1000000.0,313700.0,14.98805542283803,0.4,223290.0,10.668418537983754,0.75,90730.0,4.334925943621596,0.9
2541600,642410.0,280.15,7.0,12.0,20.0,642410.0,8000000.0,1000000.0,279810.0,13.368848542761587,0.4,238050.0,11.373626373626374,0.75,124550.0,5.9507883420926895,0.9
2545200,639850.0,280.15,7.0,12.0,20.0,639850.0,8000000.0,1000000.0,291020.0,13.904443382704251,0.4,226120.0,10.803631151457239,0.75,122710.0,5.862876254180602,0.9
2548800,629010.0,280.15,7.0,12.0,20.0,629010.0,8000000.0,1000000.0,267160.0,12.764452938365983,0.4,244480.0,11.680840898232201,0.75,117370.0,5.607740086000956,0.9
2552400,666870.0,280.15,7.0,12.0,20.0,666870.0,8000000.0,1000000.0,284410.0,13.588628762541807,0.4,231330.0,11.052556139512662,0.75,151130.0,7.2207357859531776,0.9
2556000,730490.0,280.15,7.0,12.0,20.0,730490.0,8000000.0,1000000.0,294980.0,14.093645484949834,0.4,229140.0,10.947921643573817,0.75,206370.0,9.86000955566173,0.9
2559600,840150.0000000001,280.15,7.0,12.0,20.0,840150.0000000001,8000000.0,1000000.0,285090.0,13.62111801242236,0.4,238890.0,11.413760152890587,0.75,316170.0,15.10606784519828,0.9
2563200,742089.9999999999,280.15,7.0,12.0,20.0,742089.9999999999,8000000.0,1000000.0,273050.0,13.04586717630196,0.4,212760.0,10.165312947921644,0.75,256279.99999999997,12.244624940277113,0.9
2566800,702100.0,280.15,7.0,12.0,20.0,702100.0,8000000.0,1000000.0,236470.0,11.298136645962733,0.4,245630.0,11.735785953177258,0.75,220000.0,10.51122790253225,0.9
2570400,630290.0,280.15,7.0,12.0,20.0,630290.0,8000000.0,1000000.0,222750.0,10.642618251313904,0.4,123140.0,5.883420926899188,0.75,284400.0,13.588150979455326,0.9
2574000,613630.0,280.15,7.0,12.0,20.0,613630.0,8000000.0,1000000.0,241310.0,11.529383659818443,0.4,52750.0,2.5203057811753466,0.75,319570.0,15.26851409460105,0.9
2577600,580740.0,280.15,7.0,12.0,20.0,580740.0,8000000.0,1000000.0,218820.0,10.454849498327759,0.4,57980.0,2.7701863354037264,0.75,303940.0,14.521739130434783,0.9
2581200,541069.9999999999,280.15,7.0,12.0,20.0,541069.9999999999,8000000.0,1000000.0,228080.0,10.897276636407073,0.4,61790.0,2.952221691352126,0.75,251200.0,12.001911132345915,0.9
2584800,518140.0,280.15,7.0,12.0,20.0,518140.0,8000000.0,1000000.0,221700.0,10.592451027233636,0.4,60840.0,2.906832298136646,0.75,235600.0,11.256569517439083,0.9
2588400,595660.0,280.15,7.0,12.0,20.0,595660.0,8000000.0,1000000.0,233640.0,11.162924032489249,0.4,59740.0,2.8542761586239846,0.75,302280.0,14.44242713807931,0.9
2592000,498550.0,280.15,7.0,12.0,20.0,498550.0,8000000.0,1000000.0,227260.0,10.858098423315814,0.4,57180.0,2.7319636884854277,0.75,214110.0,10.229813664596275,0.9
2595600,485590.00000000006,280.15,7.0,12.0,20.0,485590.00000000006,8000000.0,1000000.0,234240.0,11.191591017677975,0.4,59350.0,2.835642618251314,0.75,192000.0,9.173435260391782,0.9
2599200,390570.00000000006,280.15,7.0,12.0,20.0,390570.00000000006,8000000.0,1000000.0,236520.0,11.300525561395128,0.4,53700.0,2.565695174390827,0.75,100350.0,4.7945532728141425,0.9
2602800,410500.0,280.15,7.0,12.0,20.0,410500.0,8000000.0,1000000.0,243000.0,11.61012900143335,0.4,55520.0,2.6526516961299573,0.75,111980.0,5.350215002388916,0.9
2606400,391630.0,280.15,7.0,12.0,20.0,391630.0,8000000.0,1000000.0,241400.0,11.53368370759675,0.4,58230.0,2.782130912565695,0.75,92000.0,4.395604395604396,0.9
2610000,377290.0,280.15,7.0,12.0,20.0,377290.0,8000000.0,1000000.0,237760.0,11.35977066411849,0.4,58480.0,2.7940754897276636,0.75,81050.0,3.8724319159101768,0.9
2613600,764089.9999999999,280.15,7.0,12.0,20.0,764089.9999999999,8000000.0,1000000.0,222320.0,10.622073578595318,0.4,461250.0,22.037744863831822,0.75,80520.0,3.8471094123268035,0.9
2617200,1048790.0,280.15,7.0,12.0,20.0,1048790.0,8000000.0,1000000.0,213140.0,10.183468705207835,0.4,740040.0,35.357859531772576,0.75,95610.0,4.568084089823221,0.9
2620800,535150.0,280.15,7.0,12.0,20.0,535150.0,8000000.0,1000000.0,226060.0,10.800764452938367,0.4,216490.0,10.343526039178213,0.75,92600.0,4.42427138079312,0.9
2624400,637740.0,280.15,7.0,12.0,20.0,637740.0,8000000.0,1000000.0,286890.0,13.707118967988533,0.4,257290.00000000003,12.292881032011469,0.75,93560.0,4.470138557095079,0.9
2628000,609959.9999999999,280.15,7.0,12.0,20.0,609959.9999999999,8000000.0,1000000.0,275780.0,13.176301958910653,0.4,214040.0,10.226469182990922,0.75,120140.0,5.740086000955566,0.9
2631600,630310.0,280.15,7.0,12.0,20.0,630310.0,8000000.0,1000000.0,286150.0,13.671763019589106,0.4,243670.0,11.642140468227424,0.75,100490.0,4.801242236024844,0.9
2635200,703250.0,280.15,7.0,12.0,20.0,703250.0,8000000.0,1000000.0,290760.0,13.892021022455804,0.4,277110.0,13.239847109412327,0.75,135380.0,6.468227424749164,0.9
2638800,729320.0,280.15,7.0,12.0,20.0,729320.0,8000000.0,1000000.0,293120.0,14.004777830864787,0.4,224360.0,10.719541328236982,0.75,211840.0,10.1213569039656,0.9
2642400,748610.0,280.15,7.0,12.0,20.0,748610.0,8000000.0,1000000.0,291640.0,13.934065934065934,0.4,229580.0,10.968944099378882,0.75,227390.0,10.864309603440038,0.9
2646000,841420.0000000001,280.15,7.0,12.0,20.0,841420.0000000001,8000000.0,1000000.0,292560.0,13.978021978021978,0.4,235680.0,11.260391782130913,0.75,313180.0,14.963210702341138,0.9
2649600,785800.0,280.15,7.0,12.0,20.0,785800.0,8000000.0,1000000.0,304690.0,14.557572861920688,0.4,239210.0,11.429049211657908,0.75,241900.0,11.557572861920688,0.9
2653200,785470.0,280.15,7.0,12.0,20.0,785470.0,8000000.0,1000000.0,238860.0,11.412326803631153,0.4,207330.0,9.905876731963689,0.75,339280.0,16.210224558050644,0.9
2656800,722520.0,280.15,7.0,12.0,20.0,722520.0,8000000.0,1000000.0,241600.0,11.543239369326326,0.4,158170.0,7.557095078834209,0.75,322750.0,15.42044911610129,0.9
2660400,585230.0,280.15,7.0,12.0,20.0,585230.0,8000000.0,1000000.0,220080.0,10.51505016722408,0.4,65360.0,3.122790253225036,0.75,299790.0,14.323459149546107,0.9
2664000,534180.0,280.15,7.0,12.0,20.0,534180.0,8000000.0,1000000.0,259029.99999999997,12.376015289058767,0.4,0.0,0.0,0.75,275150.0,13.146201624462494,0.9
2667600,532599.9999999999,280.15,7.0,12.0,20.0,532599.9999999999,8000000.0,1000000.0,278030.0,13.28380315336837,0.4,0.0,0.0,0.75,254570.0,12.162924032489249,0.9
2671200,574440.0,280.15,7.0,12.0,20.0,574440.0,8000000.0,1000000.0,263320.0,12.580984233158146,0.4,0.0,0.0,0.75,311120.0,14.864787386526517,0.9
2674800,581310.0,280.15,7.0,12.0,20.0,581310.0,8000000.0,1000000.0,253860.0,12.129001433349261,0.4,0.0,0.0,0.75,327450.0,15.645007166746296,0.9
