user_id,current_opening,suggested_opening,change_percent_point,action,reason,unmet_ratio,peak_unmet_kw,required_peak_flow_kg_s,actual_peak_flow_kg_s,flow_adequacy_ratio,median_delta_t_c
3,0.4,0.4,0.0,非阀门优先,流量不低且ΔT偏低，继续开阀或加泵压意义有限，优先检查供水温度、冷源输出和负荷施加逻辑,0.03632009000119582,26.395519754036883,9.002124365689891,34.78971108483617,3.8646112485883224,0.8685724316093797
4,0.75,0.858586814075016,10.858681407501603,调大,高峰期实际流量低于设计流量，固定阀门限制了最不利时段供冷,0.04865607355270797,277.6634686157172,81.01911929120904,74.31113009878183,0.9172048616288149,3.572121524951001
6,0.9,1.0,9.999999999999998,调大,高峰期实际流量低于设计流量，固定阀门限制了最不利时段供冷,0.048754192295471496,370.4995548911513,108.02549238827869,97.0201217788864,0.8981224675205792,3.648176417135005
