user_id,current_opening,suggested_opening,change_percent_point,action,reason,unmet_ratio,peak_unmet_kw,required_peak_flow_kg_s,actual_peak_flow_kg_s,flow_adequacy_ratio,median_delta_t_c
3,0.4,0.4,0.0,非阀门优先,流量不低且ΔT偏低，继续开阀或加泵压意义有限，优先检查供水温度、冷源输出和负荷施加逻辑,0.02485989205222939,21.36452418314221,9.002124365689891,44.05920451109088,4.894311911421181,0.7039345927477711
4,0.75,0.75,0.0,非阀门优先,流量不低且ΔT偏低，继续开阀或加泵压意义有限，优先检查供水温度、冷源输出和负荷施加逻辑,0.04386250029112381,265.2276673063725,81.01911929120904,94.07242669325316,1.1611139138050401,2.837178892464493
6,0.9,0.9,0.0,非阀门优先,流量不低且ΔT偏低，继续开阀或加泵压意义有限，优先检查供水温度、冷源输出和负荷施加逻辑,0.04404233956436802,354.1919958343867,108.02549238827869,122.85122620325515,1.1372429181964565,2.896116327473891
