hour,day,user3_flow_kg_s,user3_T_sup_C,user3_T_ret_C,user3_delta_T_C,user3_Q_sup_kw,user3_demand_kw,user3_Q_unmet_kw,user4_flow_kg_s,user4_T_sup_C,user4_T_ret_C,user4_delta_T_C,user4_Q_sup_kw,user4_demand_kw,user4_Q_unmet_kw,user6_flow_kg_s,user6_T_sup_C,user6_T_ret_C,user6_delta_T_C,user6_Q_sup_kw,user6_demand_kw,user6_Q_unmet_kw,total_Q_sup_kw,total_demand_kw,total_Q_unmet_kw
0,0.0,24.64388860557218,6.998152128508815,7.449995363627084,0.45184323511826907,46.61183984348302,41.89,0.0,52.63370954794158,6.9575599573881375,7.036250166542007,0.07869020915386926,17.337397367480218,12.51,0.0,68.70928596842646,6.964884235397962,7.393448935654044,0.4285647002560822,123.26252384900393,149.85,26.587476150996068,187.21176105996716,204.25,17.03823894003284
1,0.041666666666666664,24.79303599844213,6.988926682558582,7.459721132968515,0.47079445040993306,48.86076584630072,48.23,0.0,52.95225644871054,6.974039809307034,7.064539535786744,0.09049972647970961,20.060001539234037,11.96,0.0,69.12494542086041,6.969785140354182,7.267437794179138,0.2976526538249553,86.12788536180169,83.49,0.0,155.04865274733646,143.68,0.0
2,0.08333333333333333,24.792974517992537,6.984356572043605,7.47039770685462,0.48604113481101496,50.44299729769489,43.96,0.0,52.952121368043414,6.984010788843128,7.078444043002809,0.0944332541596804,20.93184659296309,15.69,0.0,69.12494146306517,6.984069660614526,7.367210152818134,0.3831404922036086,110.8643853046187,72.97,0.0,182.23922919527666,132.62,0.0
3,0.125,24.793063872533555,6.982798095243314,7.517724729034904,0.5349266337915894,55.516700251817824,51.52,0.0,52.952283089754395,6.9833356040157435,7.0747446743959985,0.09140907038025503,20.26157521573105,13.66,0.0,69.12531395354306,6.982189406907341,7.447598534776181,0.46540912786884014,134.67011701013772,133.42,0.0,210.44839247768658,198.6,0.0
4,0.16666666666666666,24.793269980906537,6.983588716085501,7.616720373777424,0.6331316576919228,65.70933365726532,54.11,0.0,52.95265889390706,6.999138116317821,7.067485081344404,0.0683469650265831,15.149776657686283,14.37,0.0,69.125700466119,6.996711345083821,7.388159350778449,0.39144800569462745,113.26946623051124,120.54,7.270533769488765,194.12857654546286,189.02,0.0
5,0.20833333333333334,24.79308993558687,6.9878246097367045,7.593993365981462,0.6061687562447577,62.91054210596421,72.14,9.22945789403579,52.95224232497779,6.99867402847405,7.0489080295668565,0.0502340010928064,11.134772553058358,3.34,0.0,69.12542441789536,7.000582377787988,7.516921913674844,0.5163395358868561,149.40750550618893,90.37,0.0,223.4528201652115,165.85000000000002,0.0
6,0.25,24.79310489371346,6.990420142889791,7.489591706876859,0.4991715639870682,51.80599019149713,48.11,0.0,52.95235049396966,6.991419429530165,7.04984554192661,0.05842611239644491,12.950646723047155,6.34,0.0,69.12593904368771,6.990782816372201,7.70911121439623,0.7183283980240285,207.8563534808949,193.6,0.0,272.61299039543917,248.05,0.0
7,0.2916666666666667,24.79344875431697,6.992499791391091,7.46187528558808,0.46937549419698943,48.714312378335414,50.06,1.345687621664588,52.953237538458716,7.012946364583986,7.190548171524277,0.1776018069402916,39.36761654532637,7.0,0.0,69.12666282948531,7.0083478163526705,7.572119644175604,0.5637718278229338,163.13538991888456,207.49,44.35461008111545,251.21731884254635,264.55,13.332681157453663
8,0.3333333333333333,24.79342948082177,6.999733740710214,7.406019047127091,0.4062853064168772,42.16644070839945,41.81,0.0,52.95341241811252,7.031910192682585,7.3888077410151665,0.35689754833258114,79.11097568209719,59.67,0.0,69.12645159863102,7.031354772791805,7.473453857694391,0.4420990849025861,127.92726180221383,103.35,0.0,249.20467819271047,204.82999999999998,0.0
9,0.375,24.793060930105195,7.007912122584498,7.514222204091115,0.5063100815066166,52.546760467539826,36.94,0.0,52.95274860570662,7.011648659201,7.542823206237529,0.531174547036529,117.74025933932704,86.7,0.0,69.12567558382077,7.016197469356865,7.621133461241615,0.6049359918847497,175.04432579307255,137.23,0.0,345.33134559993937,260.87,0.0
10,0.4166666666666667,24.792892226269405,7.008579873470486,7.643121516865802,0.6345416433953162,65.85466511058686,62.94,0.0,52.95239819439062,6.985005560284513,7.606616079770027,0.6216105194855137,137.78540379990486,137.36,0.0,69.12552890913848,6.98789117048561,7.822211796287453,0.8343206258018432,241.41856909755745,198.08,0.0,445.0586380080492,398.38,0.0
11,0.4583333333333333,24.79300539172927,7.002998140556935,7.576761946245707,0.5737638056887722,59.54722772989521,63.44,3.8927722701047855,52.95262593513395,6.985363615149035,7.554687450005018,0.5693238348559824,126.19614597607303,126.71,0.5138540239269673,69.1262445520756,6.983926918334124,8.002163589981766,1.0182366716476423,294.63946785960013,270.63,0.0,480.38284156556836,460.78,0.0
12,0.5,24.793305440516725,6.998966606518875,7.515663970687764,0.5166973641688886,53.62532049664437,50.14,0.0,52.953278773275834,7.007626639610233,7.52707278873843,0.5194461491281963,115.1416930440631,114.09,0.0,69.1271487853701,7.003279003888521,8.009249013980197,1.0059700100916764,291.09376421729866,304.89,13.79623578270133,459.8607777580061,469.12,9.259222241993882
13,0.5416666666666666,24.79337866278645,7.001779472603742,7.492484187533539,0.49070471492979717,50.92782960792621,51.68,0.7521703920737863,52.953480920283596,7.027395432458478,7.56926659893722,0.5418711664787415,120.1129352939568,104.53,0.0,69.12726167065372,7.025801825904052,7.959294296031514,0.9334924701274616,270.1216517548597,263.25,0.0,441.1624166567427,419.46000000000004,0.0
14,0.5833333333333334,24.79310716489178,7.008163370806608,7.499407804484827,0.4912444336782187,50.983286068593955,44.65,0.0,52.95293036095746,7.018568416692656,7.588150964897098,0.5695825482044423,126.25421813138502,124.19,0.0,69.12684603663622,7.021566652060991,8.128400155565119,1.1068335035041281,320.2788518480773,262.89,0.0,497.51635604805625,431.73,0.0
15,0.625,24.792990020361618,7.010481569694675,7.448578583482148,0.43809701378747334,45.46722225281786,51.92,6.4527777471821395,52.952625732594186,7.0004185700223305,7.48889523852528,0.48847666850294935,108.27558755574407,116.72,8.444412444255931,69.1271461120967,7.0018054453084035,8.420594063348045,1.418788618039641,410.54951871248556,364.36,0.0,564.2923285210475,533.0,0.0
16,0.6666666666666666,24.793004528583,7.008904519570038,7.403388966689929,0.3944844471198907,40.940983306801265,33.33,0.0,52.95264262829776,7.003434106003667,7.419694165803084,0.41626005979941727,92.26810580275017,87.99,0.0,69.12769908596256,7.002918665753062,8.645029620895842,1.6421109551427806,475.1752633584452,444.18,0.0,608.3843524679967,565.5,0.0
17,0.7083333333333334,24.793644298117044,7.008251394628828,7.423890145852527,0.41563875122369875,43.13756449732562,43.08,0.0,52.9539337779176,7.030044623415387,7.352803993028675,0.322759369613288,71.54450949977297,84.68,13.135490500227036,69.12906690088491,7.0219665639720255,8.43751954869004,1.4155529847180137,409.6246173279868,494.1,84.47538267201321,524.3066913250855,621.86,97.55330867491455
18,0.75,24.793769942198477,7.017291506035951,7.420190729985122,0.4028992239491709,41.815589338282585,37.61,0.0,52.95414368889289,7.072964568509482,7.327132625568158,0.25416805705867596,56.34042809596522,46.25,0.0,69.12880042939165,7.070786620180475,8.148319140092465,1.0775325199119896,311.8089887783843,311.69,0.0,409.9650062126321,395.55,0.0
19,0.7916666666666666,24.79369438970725,7.031565696985997,7.442468932462727,0.4109032354767299,42.64616949602009,40.51,0.0,52.95393877218514,7.062340451720492,7.306972520321839,0.244632068601347,54.22641340404664,54.29,0.06358659595336036,69.12828899688321,7.063246268318198,8.01169437516121,0.9484481068430126,274.4533939516428,298.16,23.70660604835723,371.3259768517095,392.96000000000004,21.63402314829051
20,0.8333333333333334,24.793750881721778,7.042317245012156,7.433494627597536,0.39117738258538015,40.598986648379324,39.24,0.0,52.954025526904466,7.0645048096066505,7.286550350309895,0.22204554070324445,49.219847095019134,41.91,0.0,69.12804185939065,7.064289685984225,7.813736183609922,0.7494464976256978,216.86732044479098,236.45,19.582679555209012,306.68615418818945,317.6,10.913845811810575
21,0.875,24.79351686958007,7.049824433757106,7.441725292366221,0.39190085860911505,40.67368989864984,36.38,0.0,52.95346790293508,7.054182618440924,7.239087313012785,0.18490469457186087,40.98656937094722,44.3,3.3134306290527746,69.12736091971934,7.057312130393952,7.809763908463759,0.7524517780698066,217.73481359780507,182.5,0.0,299.3950728674021,263.18,0.0
22,0.9166666666666666,24.79343588393742,7.051099041993029,7.455556325734274,0.40445728374124457,41.97672967511491,39.44,0.0,52.95322759099046,7.035492962984181,7.173211613097384,0.13771865011320283,30.527020438145776,25.25,0.0,69.12721953298261,7.036996112713075,7.856012432053067,0.8190163193399922,236.99591932135277,238.57,1.5740806786472206,309.49966943461345,303.26,0.0
23,0.9583333333333334,24.793669044214766,7.048149916603988,7.385363873518831,0.33721395691484357,34.99818843088655,38.96,3.9618115691134506,52.95378712813887,7.044481954736513,7.212644633406002,0.1681626786694892,37.27570498483109,23.38,0.0,69.1275727201068,7.041751174685251,7.685171511178624,0.6434203364933735,186.18526841686574,220.94,34.75473158313426,258.4591618325834,283.28,24.820838167416582
24,1.0,24.793737040039826,7.048082077875584,7.198935228514245,0.15085315063866123,15.656533077224875,25.3,9.643466922775126,52.95406939601403,7.061254649682725,7.271691993985644,0.21043734430291838,46.64674848939226,38.91,0.0,69.1276111103735,7.059644051005811,7.5531884202718675,0.4935443692660568,142.81603593708118,136.27,0.0,205.1193175036983,200.48000000000002,0.0
25,1.0416666666666667,24.793672466854996,7.051320547034825,7.286906760837072,0.23558621380224665,24.45062451150331,0.0,0.0,52.9538743959795,7.061338775336273,7.227388528479799,0.16604975314352632,36.80740495127168,42.14,5.332595048728322,69.12733590308831,7.062085353406094,7.5147660629040685,0.4526807094979741,130.99087158124973,134.1,3.1091284187502595,192.2489010440247,176.24,0.0
26,1.0833333333333333,24.793313085643955,7.053174720851807,7.44961530571398,0.39644058486217304,41.144510211878554,43.59,2.4454897881214492,52.95292873107148,7.037842113684249,7.145029826744994,0.10718771306074526,23.75933134169144,19.01,0.0,69.12638949411829,7.043151763255461,7.613501081053667,0.5703493177982057,165.03802753000082,112.43,0.0,229.9418690835708,175.03000000000003,0.0
27,1.125,24.793209182968827,7.047842866997354,7.44916773901451,0.40132487201715605,41.651250468416585,33.05,0.0,52.95271935185591,7.013141336573442,7.1447995167106235,0.13165818013718145,29.183363164072567,15.99,0.0,69.12633759273788,7.015077790165431,7.726529369570853,0.7114515794054226,205.86765605841228,202.88,0.0,276.7022696909014,251.92,0.0
28,1.1666666666666667,24.793396557633226,7.038623654684949,7.459398168169541,0.4207745134845915,43.67014936027004,44.8,1.129850639729959,52.9531137888605,7.018789207672774,7.153593722671606,0.13480451499883195,29.881002588830466,30.01,0.12899741116953578,69.12672802167542,7.016820149203477,7.6666612275803105,0.6498410783768334,188.04092800077225,194.12,6.07907199922775,261.59207994987275,268.93,7.337920050127252
29,1.2083333333333333,24.79334303607905,7.032709122970844,7.408779273985292,0.3760701510144484,39.0304157832351,36.93,0.0,52.953062822673786,7.0265093974132204,7.199121344675458,0.1726119472622374,38.261426768727006,17.29,0.0,69.12660310239016,7.026788874083487,7.6663235466357955,0.6395346725523083,185.05828578219362,167.02,0.0,262.3501283341557,221.24,0.0
30,1.25,24.793355974174506,7.029260312211945,7.446221768969865,0.41696145675792007,43.27433983107109,35.54,0.0,52.95308963028659,7.021842164195938,7.206639220770624,0.18479705657468593,40.962417369489465,47.02,6.057582630510538,69.12668185393017,7.021701758827272,7.693494599966398,0.6717928411391254,194.3928586649067,188.29,0.0,278.62961586546726,270.85,0.0
31,1.2916666666666667,24.793470795745264,7.027078879432511,7.439381108968363,0.41230222953585205,42.790980159456545,45.56,2.769019840543457,52.953380959239375,7.028993585072497,7.264178528325392,0.23518494325289474,52.13176543243677,22.48,0.0,69.12679487734694,7.027635126293719,7.5914047177817965,0.5637695914880778,163.1350544285802,185.69,22.554945571419807,258.0578000204735,253.73000000000002,0.0
32,1.3333333333333333,24.79299397835166,7.026926940828069,7.351440100922563,0.3245131600944937,33.67910272176067,34.38,0.7008972782393315,52.95275659222979,7.016473838464015,7.617854391376299,0.6013805529122838,133.30215714566455,69.79,0.0,69.12569658107992,7.021887079667283,7.675154883394668,0.6532678037273847,189.02968005610714,125.29,0.0,356.01093992353236,229.46000000000004,0.0
33,1.375,24.79304681467126,7.021701282382018,7.367541403598688,0.3458401212166695,35.892565301589144,27.29,0.0,52.95313333826596,6.992246770647315,7.849172154424363,0.8569253837770487,189.94763687646807,185.82,0.0,69.12610801906342,6.991795919099338,7.780504634583859,0.7887087154845212,228.22224312700078,238.3,10.077756872999231,454.06244530505796,451.40999999999997,0.0
34,1.4166666666666667,24.793126562451203,7.015109962604619,7.406616891631434,0.39150692902681516,40.632166002261265,38.99,0.0,52.95330515626968,7.009069402074263,7.8700373885550015,0.8609679864807385,190.84434676790264,183.11,0.0,69.12640471665229,7.008070289260306,7.8311835945517485,0.8231133052914421,238.17864248222858,203.53,0.0,469.6551552523925,425.63,0.0
35,1.4583333333333333,24.79288899500206,7.011600277979392,7.392218780043756,0.38061850206436443,39.50174268693239,36.69,0.0,52.95278711710831,6.998375283560037,7.835448087456557,0.8370728038965201,185.54586481045664,187.64,2.0941351895433513,69.12632136570774,7.000821991698827,8.114154292935028,1.113332301236201,322.1569311265325,258.63,0.0,547.2045386239215,482.96,0.0
36,1.5,24.79279747841631,7.006535711376303,7.443014850875074,0.43647913949877104,45.29896187368705,36.74,0.0,52.95249402382033,6.985857804287468,7.731578583449888,0.7457207791624203,165.29582657712564,172.36,7.064173422874376,69.12669094591021,6.987047998593667,8.43062596598376,1.4435779673900928,417.71996888190745,372.44,0.0,628.3147573327201,581.54,0.0
37,1.5416666666666667,24.79306202847669,7.000635628040226,7.514158265211269,0.5135226371710431,53.295308924566406,48.44,0.0,52.95293184001538,6.994496401217942,7.631085304942023,0.6365889037240811,141.10691559824164,146.92,5.813084401758346,69.12754586252609,6.9913613925813385,8.508448871815043,1.5170874792337044,438.99642857223165,450.5,11.50357142776835,633.3986530950397,645.86,12.461346904960351
38,1.5833333333333333,24.79325239696307,6.999619203577891,7.47698174339279,0.47736253981489973,49.54285854575899,52.74,3.197141454241013,52.953349709516154,7.017874179658425,7.643812069022507,0.6259378893640823,138.74709628679022,123.8,0.0,69.12791793686864,7.015052119037369,8.428068062634344,1.4130159435969745,408.88366690563197,414.8,5.916333094368042,597.1736217381812,591.34,0.0
39,1.625,24.793596011572966,7.004808248913175,7.435102665086403,0.4302944161732283,44.65853322377673,40.76,0.0,52.95416336409267,7.039554058240016,7.712202581916683,0.672648523676667,149.10339364210648,142.36,0.0,69.12842017967563,7.034818547970188,8.184740572349359,1.1499220243791708,332.7547379753633,390.04,57.28526202463672,526.5166648412464,573.1600000000001,46.643335158753644
40,1.6666666666666667,24.793669522942185,7.016178068281063,7.494738616436706,0.4785605481556434,49.6680289172065,43.06,0.0,52.95425833197429,7.060968497368319,7.703215264870706,0.6422467675023871,142.36460938727794,144.55,2.185390612722074,69.12809289186362,7.059947882740204,7.949774465021926,0.8898265822817226,257.48929327307917,261.49,4.000706726920839,449.5219315775636,449.1,0.0
41,1.7083333333333333,24.792990784242267,7.02799691927278,7.53440711994481,0.5064102006720308,52.55700251275702,50.88,0.0,52.95264819460083,7.029088814013282,7.5639937292251265,0.5349049152118441,118.56690868455854,128.71,10.143091315441467,69.12677703670253,7.037596102493165,8.267387201540613,1.229791099047448,355.85811851193404,239.19,0.0,526.9820297092497,418.78,0.0
42,1.75,24.7930399376865,7.027424401440637,7.533046997686508,0.5056225962458711,52.47536623579691,48.77,0.0,52.95258200599974,6.994482906179194,7.355836699021272,0.3613537928420776,80.09750403544535,96.61,16.512495964554645,69.127526999543,6.994626549774236,8.557914240766168,1.563287690991932,452.36516371287223,459.94,7.574836287127766,584.9380339841146,605.3199999999999,20.381966015885382
43,1.7916666666666667,24.79362162421738,7.022100100451319,7.5055244074643,0.48342430701298067,50.17272352759481,50.74,0.5672764724051902,52.95378217799678,7.0328436556789296,7.3162001520101,0.2833564963311703,62.810085204256595,51.43,0.0,69.12864776361509,7.0257340467605776,8.30274094156938,1.2770068948088031,369.5307026188504,432.23,62.69929738114962,482.51351135070183,534.4,51.886488649298144
44,1.8333333333333333,24.79380886135323,7.026266330765359,7.473138064721689,0.4468717339563302,46.37942476746835,44.07,0.0,52.9541589728938,7.065694184727944,7.304487998945604,0.23879381421766066,52.93249576087025,62.16,9.227504239129743,69.12862035937266,7.062625828946784,8.031623076394734,0.96899724744795,280.4010637621735,293.16,12.758936237826504,379.7129842905121,399.39,19.677015709487875
45,1.875,24.79383016826373,7.036831605222747,7.441459160285425,0.4046275550626781,41.99506916647732,43.18,1.184930833522678,52.954135062484916,7.070227645671477,7.237466450110173,0.16723880443869543,37.07115839199666,31.37,0.0,69.12833039077238,7.069745314137255,7.856982443301361,0.7872371291641063,227.80374567805546,253.5,25.696254321944537,306.86997323652946,328.05,21.18002676347055
46,1.9166666666666667,24.793641741377915,7.047070319603871,7.433721246138138,0.3866509265342666,40.129024332421764,35.2,0.0,52.953726632913344,7.064179667292066,7.234197467202683,0.1700177999106165,37.68687655123506,30.42,0.0,69.12764582724145,7.066704458115657,7.778827136377058,0.7121226782614007,206.06574691124544,187.38,0.0,283.8816477949023,253.0,0.0
47,1.9583333333333333,24.79368893461677,7.052238794124046,7.470179849150137,0.41794105502609114,43.376589940395796,39.54,0.0,52.95380227647495,7.051733838938639,7.228471439457315,0.17673760051867582,39.17647240993764,32.6,0.0,69.12752486512707,7.051733994316457,7.660955747346044,0.6092217530295869,176.28917001356908,210.13,33.84082998643092,258.8422323639025,282.27,23.427767636097485
48,2.0,24.793688369485803,7.0540518860014725,7.508160418472279,0.45410853247080674,47.13028049186389,41.7,0.0,52.95378531768452,7.056443661506974,7.248760411070629,0.19231674956365463,42.62980485326096,33.43,0.0,69.12714719080564,7.0569146486669805,7.490947824741035,0.43403317607405434,125.59454738881458,127.19,1.5954526111854221,215.3546327339394,202.32,0.0
49,2.0416666666666665,24.793630770881986,7.0544135324949915,7.528249197331362,0.4738356648363702,49.17757389283867,47.11,0.0,52.95363686988827,7.047271429259801,7.245766479832657,0.19849505057285555,43.99919179212235,39.55,0.0,69.1267885737558,7.048318438163653,7.404127131206127,0.35580869304247376,102.95848887378301,108.51,5.551511126216994,196.13525455874404,195.17000000000002,0.0
50,2.0833333333333335,24.79361780016375,7.05267723675395,7.466233961979878,0.413556725225928,42.92143306916865,45.75,2.82856693083135,52.95358798074289,7.044906457487836,7.204097214710562,0.15919075722272602,35.28681532216535,36.14,0.8531846778346477,69.12670100197056,7.045219286249436,7.365313809310176,0.3200945230607397,92.62395013211828,81.68,0.0,170.8321985234523,163.57,0.0
51,2.125,24.79353952099178,7.050297576416651,7.39682036026985,0.34652278385319946,35.964129244121814,34.45,0.0,52.953420363290114,7.041489027590188,7.162892543592566,0.12140351600237764,26.910669709281976,22.0,0.0,69.12661631496594,7.04229934356244,7.408803322981884,0.366503979419444,106.05306332610624,87.87,0.0,168.92786227951004,144.32,0.0
52,2.1666666666666665,24.793290630097097,7.046954164792088,7.403622677049629,0.35666851225754126,37.01673974346131,31.85,0.0,52.95304935747287,7.027858894270145,7.316715341012277,0.2888564467421322,64.02834304701166,19.36,0.0,69.12605813407005,7.030980317470768,7.469976925281291,0.4389966078105223,127.02879566466243,108.71,0.0,228.0738784551354,159.92,0.0
53,2.2083333333333335,24.79336573825283,7.040473291731193,7.434494167046651,0.3940208753154577,40.89346796346833,36.63,0.0,52.953320632413735,7.017988224288559,7.4305386717808375,0.4125504474922783,91.44700489131493,96.92,5.472995108685069,69.12627083271391,7.017401808048269,7.468779049293237,0.4513772412449679,130.61167843333186,130.0,0.0,262.95215128811515,263.55,0.5978487118848648
54,2.25,24.793483368666045,7.034647497808836,7.421876771033371,0.38722927322453504,40.188792015685486,39.62,0.0,52.95352471007178,7.030617100372039,7.382128628808099,0.3515115284360597,77.91725966734195,74.02,0.0,69.12655651385708,7.029090901197469,7.447201367667142,0.4181104664696731,120.98601900064189,115.8,0.0,239.0920706836693,229.44,0.0
55,2.2916666666666665,24.793403004401746,7.032567497435342,7.231101201715997,0.19853370428065453,20.60485722282273,35.15,14.545142777177269,52.95351750838112,7.032531969388458,7.460357688686989,0.4278257192985313,94.83331393908044,69.82,0.0,69.12653956150845,7.032715269078781,7.494175558165852,0.4614602890870705,133.52985416348352,110.7,0.0,248.9680253253867,215.67000000000002,0.0
56,2.3333333333333335,24.792793187358225,7.0311800008689485,7.179450145327724,0.14827014445877573,15.387865880805883,0.0,0.0,52.952525030888104,7.009649540376107,7.695101520000206,0.6854519796240988,151.9367852722517,108.19,0.0,69.12561130413282,7.016582747014588,7.837259225503747,0.8206764784891591,237.47078900002296,141.12,0.0,404.79544015308056,249.31,0.0
57,2.375,24.792211421231446,7.021486429857479,7.435720481921419,0.41423405206394026,42.98929153114593,25.21,0.0,52.95138397549882,6.951714047012734,7.858689207251554,0.9069751602388196,201.03511959786564,184.67,0.0,69.1250085052765,6.959814671968739,8.396093113710107,1.4362784417413677,415.59763127251426,320.02,0.0,659.6220424015258,529.9,0.0
58,2.4166666666666665,24.792665236326528,7.001140846938097,7.586447481498906,0.5853066345608093,60.74434973500389,55.49,0.0,52.95221522729869,6.946158827979111,7.77248885324297,0.826330025263859,183.1626383806626,206.59,23.427361619337404,69.12663011837442,6.941567115062701,8.608583810703688,1.6670166956409878,482.3747419357729,498.98,16.605258064227144,726.2817300514394,761.06,34.77826994856059
59,2.4583333333333335,24.79295026574911,6.9870608932335125,7.30902523191297,0.3219643386794573,33.41451827043612,60.65,27.23548172956388,52.9527289707211,6.990833481527568,7.57117072467923,0.5803372431516616,128.63762497207154,148.48,19.842375027928455,69.12790513535336,6.985818928597471,8.786604699763538,1.8007857711660673,521.0923177532849,453.44,0.0,683.1444609957925,662.5699999999999,0.0
60,2.5,24.792924666240893,6.98570598645982,7.287093709348001,0.3013877228881814,31.278977093841032,0.0,0.0,52.952763630449155,7.004737834979529,7.590508624148076,0.5857707891685475,129.84211043998133,97.06,0.0,69.12829425757879,7.003588230284865,8.971185866449328,1.9675976361644638,569.3657738106066,577.38,8.014226189393412,730.4868613444289,674.44,0.0
61,2.5416666666666665,24.793207302456747,6.989824694660347,7.517474983276821,0.5276502886164742,54.76185055140722,57.43,2.6681494485927786,52.953298855124096,7.012825959932238,7.6532742688421305,0.6404483089098925,141.96337904260886,151.36,9.39662095739115,69.12860493354431,7.009870954952285,8.814266868636263,1.8043959136839787,522.1422682835475,549.86,27.717731716452477,718.8674978775637,758.6500000000001,39.782502122436426
62,2.5833333333333335,24.793548904713504,6.998289138103194,7.434775070962234,0.43648593285903914,45.3010398602365,46.57,1.2689601397635002,52.95406628800671,7.043277846641617,7.684437261700748,0.6411594150591311,142.1230643238004,121.05,0.0,69.12899834479573,7.038736727456381,8.52520047354495,1.4864637460885701,430.14394084261227,482.37,52.22605915738774,617.5680450266492,649.99,32.42195497335081
63,2.625,24.793802799056323,7.012585270310299,7.369449968934883,0.3568646986245838,37.03786598580791,38.45,1.412134014192091,52.954696035143286,7.067475144679053,7.769144546112405,0.7016694014333522,155.53790379608833,151.96,0.0,69.12899942641674,7.063855200905691,8.161482323350207,1.097627122444515,317.6247417090722,364.86,47.23525829092779,510.20051149096844,555.27,45.069488509031544
64,2.6666666666666665,24.793626754461123,7.029791807607456,7.3331685083960325,0.3033767007885766,31.486291156882633,29.97,0.0,52.95429666564486,7.071818439547265,7.744858491037406,0.6730400514901413,149.19055765301076,147.84,0.0,69.12826494478612,7.073742187564096,8.039746729436322,0.9660045418722261,279.5336201646042,256.34,0.0,460.2104689744976,434.15,0.0
65,2.7083333333333335,24.793560625079184,7.042276579879883,7.338757361115689,0.2964807812358057,30.770508340578935,27.35,0.0,52.954070259582245,7.054919816242252,7.65709534240137,0.602175526159118,133.4816824757979,139.15,5.668317524202109,69.12803727551723,7.056104919273821,8.018257624415027,0.9621527051412055,278.4180936831918,288.81,10.391906316808218,442.67028449956865,455.31,12.63971550043135
66,2.75,24.793551887900456,7.048410827562402,7.367777478065006,0.3193666505026034,33.145725935418305,28.56,0.0,52.95394360625455,7.054398877650849,7.568984939439947,0.5145860617890978,114.06582638733529,116.23,2.1641736126647118,69.12784732244457,7.055003211609387,7.949552601322891,0.8945493897135037,258.8550134340214,253.86,0.0,406.06656575677493,398.65,0.0
67,2.7916666666666665,24.79336951500094,7.050714083971181,7.436804650183514,0.3860905662123324,40.07042670726381,32.14,0.0,52.95341025791823,7.041729724821564,7.459029171593233,0.4172994467716693,92.49983697899633,100.17,7.670163021003674,69.1273904922145,7.044414794887655,8.003364420605577,0.9589496257179215,277.48862241198486,249.62,0.0,410.058886098245,381.93,0.0
68,2.8333333333333335,24.793580176379304,7.048392832341334,7.4922818208584046,0.44388898851707026,46.069429988914614,42.53,0.0,52.953732048935215,7.037977236129959,7.367309435895315,0.3293321997653562,73.00119889127608,72.84,0.0,69.12769305129437,7.03606391399144,7.882503205316698,0.8464392913252574,244.93288763536563,291.45,46.51711236463436,364.0035165155563,406.82,42.816483484443665
69,2.875,24.793750002299234,7.047106628472126,7.43750291960709,0.3903962911349641,40.51791835312639,44.11,3.592081646873609,52.95403801968989,7.057992569855447,7.316019905848874,0.2580273359934271,57.195785062279576,61.1,3.9042149377204254,69.12772869822679,7.055904664268361,7.6629269772392155,0.6070223129708543,175.6532407795337,183.7,8.0467592204663,273.36694419493966,288.90999999999997,15.543055805060305
70,2.9166666666666665,24.79374741062311,7.049697411856219,7.386173476742434,0.33647606488621573,34.921715726663784,31.25,0.0,52.954002283084186,7.061403546009947,7.26955055904006,0.2081470130301133,46.139002049852856,41.04,0.0,69.1274972867907,7.0612014953090325,7.53831867232361,0.4771171770145779,138.0623018811034,152.54,14.477698118896598,219.12301965762003,224.82999999999998,5.70698034237995
71,2.9583333333333335,24.79362379540274,7.052816822892811,7.389494173677406,0.33667735078459504,34.942432296240575,33.0,0.0,52.95376886938853,7.055613047544715,7.311313637828037,0.2557005902833218,56.67973748263599,38.96,0.0,69.12695330554581,7.057353565990398,7.442282156318894,0.3849285903284967,111.38502572669725,108.12,0.0,203.0071955055738,180.08,0.0
72,3.0,24.793653570028955,7.053446821214442,7.384235928205534,0.33078910699109176,34.331355611272095,31.26,0.0,52.95382437274863,7.048528613434306,7.301026983413297,0.25249836997899067,55.96997766000984,62.32,6.350022339990161,69.12689189769911,7.0484915313069525,7.36596880390995,0.3174772726029973,91.86686479401087,99.06,7.193135205989137,182.1681980652928,192.64,10.471801934707173
73,3.0416666666666665,24.79352046171039,7.052632116753549,7.369925304539977,0.31729318778642757,32.93048819171284,31.79,0.0,52.95349311783425,7.046057618305391,7.251973645238017,0.20591602693262612,45.64403062230967,37.33,0.0,69.12654374097012,7.047827653376125,7.3792608260176396,0.33143317264151495,95.90473314852981,68.84,0.0,174.47925196255233,137.96,0.0
74,3.0833333333333335,24.793414076408776,7.0497663484313895,7.35504423413263,0.3052778857012406,31.683335985558223,28.41,0.0,52.95332493242314,7.031919505379231,7.295467658871685,0.26354815349245353,58.41877371624812,41.69,0.0,69.12634652169064,7.03337671782112,7.418658575603749,0.3852818577826289,111.48627049939705,107.41,0.0,201.5883802012034,177.51,0.0
75,3.125,24.793499905900102,7.044804551585177,7.416698046051838,0.3718934944666614,38.59718596578803,29.32,0.0,52.95347770438206,7.032553678309755,7.2892475494028135,0.2566938710930584,56.89959969054983,63.08,6.180400309450171,69.12647105194802,7.031883099469387,7.375215258668667,0.34333215919927973,99.34776360128835,99.98,0.6322363987116546,194.84454925762623,192.38,0.0
76,3.1666666666666665,24.793323679807756,7.0407843816166,7.491608410470828,0.45082402885422823,46.788705529094806,42.41,0.0,52.953008396924496,7.027250600854616,7.241718128706416,0.21446752785179957,47.53914956221186,38.44,0.0,69.12603055408346,7.029694981951357,7.435373851499307,0.40567886954795007,117.3878721333328,83.0,0.0,211.71572722463947,163.85,0.0
77,3.2083333333333335,24.793328613389612,7.035408308275626,7.284968334414332,0.2495600261387061,25.900555762341252,45.69,19.789444237658746,52.95314612888177,7.016570433126666,7.275896011943191,0.25932557881652496,57.48259266033843,44.39,0.0,69.12635133081433,7.016157745039486,7.529369395012798,0.5132116499733117,148.5044147735889,136.46,0.0,231.8875631962686,226.54000000000002,0.0
78,3.25,24.79314223092757,7.030482258199396,7.291869603031213,0.26138734483181647,27.127848604025978,0.0,0.0,52.952788727160545,7.020216588445178,7.269765912338708,0.2495493238935298,55.31519636883537,58.48,3.1648036311646237,69.12629948405613,7.02210254697534,7.740451913524012,0.7183493665486722,207.86350480590005,145.37,0.0,290.3065497787614,203.85,0.0
79,3.2916666666666665,24.79265687535218,7.024382055463848,7.538876399296365,0.5144943438325171,53.395283725752776,49.01,0.0,52.95172654466233,6.981668054310193,7.352784258059178,0.37111620374898546,82.26010628395882,39.86,0.0,69.12543734860563,6.988374196576386,8.064177087338335,1.075802890761949,311.2933355296711,256.07,0.0,446.9487255393827,344.94,0.0
80,3.3333333333333335,24.791668776744643,7.009387086210835,7.423673675147687,0.4142865889368519,42.99380276211116,52.36,9.36619723788884,52.950596656693236,6.921801320396781,8.259260225367768,1.3374589049709869,296.4493680341813,113.01,0.0,69.12364859889975,6.934078936139059,8.486037779853474,1.5519588437144147,449.0617637535137,353.09,0.0,788.5049345498062,518.46,0.0
81,3.375,24.79062375492874,6.979300986555126,7.142686436334485,0.16338544977935943,16.95508831156646,27.85,10.894911688433542,52.94925903255419,6.839619782743224,8.888711962277586,2.0490921795343624,454.17226212579266,471.43,17.25773787420735,69.12352551930539,6.851534909297324,9.755682349706674,2.904147440409351,840.3181920417115,533.12,0.0,1311.4455424790706,1032.4,0.0
82,3.4166666666666665,25.003261582780816,6.936572511108805,7.131213758377746,0.19464124726894116,20.371863960825348,0.0,0.0,53.40370956435854,6.832390631590418,8.950533968424743,2.1181433368343248,473.50655465705876,428.08,0.0,69.71839280330411,6.824387291453845,10.700982629453769,3.876595337999924,1131.350205408174,1140.36,9.009794591825994,1625.228624026058,1568.4399999999998,0.0
83,3.4583333333333335,25.30712009248659,6.908384676978211,7.273091310311346,0.36470663333313524,38.635417742854095,35.22,0.0,54.05293600523392,6.923120870514058,9.147863475333198,2.2247426048191397,503.38269833985703,510.82,7.437301660142964,70.56601652118046,6.910605511912368,10.755248820810708,3.8446433088983403,1135.6666693802654,1113.74,0.0,1677.6847854629764,1659.78,0.0
84,3.5,25.573307797154825,6.909310874725002,7.372514310313905,0.46320343558890276,49.58586591382707,36.09,0.0,54.621331673671556,6.973043780898295,8.990643302294325,2.01759952139603,461.3138294828175,486.92,25.606170517182534,71.30870145202304,6.967672802021906,10.936829336029376,3.96915653400747,1184.7861772833196,1148.7,0.0,1695.6858726799642,1671.71,0.0
85,3.5416666666666665,25.273321725091908,6.926401807260978,7.540222508477776,0.613820701216798,64.9386238332821,57.26,0.0,53.98038214028983,7.000172817844841,8.945334397769258,1.9451615799244175,439.5323668017808,425.54,0.0,70.47157118788265,6.995280549258069,10.782207539965412,3.786926990707343,1117.120729307451,1211.52,94.39927069254895,1621.591719942514,1694.32,72.72828005748602
86,3.5833333333333335,24.792800518265715,6.949643593892883,7.636756175985701,0.6871125820928174,71.31037352941448,66.97,0.0,52.95394297697283,7.01956840369149,9.031016200865306,2.0114477971738163,445.86798891400167,444.02,0.0,69.13080446971038,7.019359823973603,10.576474530359333,3.55711470638573,1029.3633584052204,1013.9,0.0,1546.5417208486365,1524.8899999999999,0.0
87,3.625,24.792741455789486,6.9706394276572565,7.689923830291843,0.7192844026345862,74.64907290515755,70.42,0.0,52.9536301733089,7.008672418568543,8.887870908942817,1.8791984903742742,416.55045855604146,439.04,22.489541443958558,69.13065796299453,7.009639318214236,10.640952071535391,3.631312753321155,1050.8326770486287,1036.36,0.0,1542.0322085098278,1545.82,3.7877914901721397
88,3.6666666666666665,24.79280594388774,6.984750004029977,7.691646138214589,0.7068961341846114,73.36357930327617,73.67,0.30642069672383343,52.95365714681474,7.010510469095643,8.796746148574329,1.7862356794786853,395.944161404429,384.9,0.0,69.13081379903889,7.00998274082018,10.64319882440871,3.63321608358853,1051.3858345942472,1056.87,5.484165405752719,1520.6935753019525,1515.4399999999998,0.0
89,3.7083333333333335,24.793710102867937,6.995899966881882,7.621127324541147,0.6252273576592655,64.89014070562241,67.75,2.8598592943775856,52.9553224330258,7.050547850267806,8.52348720868411,1.472939358416303,326.5079106256746,397.95,71.4420893743254,69.13288099197734,7.039054345158935,10.269259012571489,3.2302046674125533,934.7897034103121,1037.33,102.54029658968784,1326.187754741609,1503.03,176.8422452583909
90,3.75,24.794513771546562,7.01785225470038,7.972129054647224,0.954276799946844,99.04423127461342,56.6,0.0,52.956509300372225,7.130971616512031,8.231534931806403,1.1005633152943712,243.96841617635792,244.72,0.7515838236420791,69.13316632004566,7.121466886350352,9.35413347873296,2.232666592382608,646.1145872951074,822.84,176.72541270489262,989.1272347460788,1124.16,135.0327652539213
91,3.7916666666666665,24.794006314321482,7.050516784293829,8.513680530217272,1.4631637459234428,151.8584151761365,137.21,0.0,52.95473816771633,7.11972298025271,7.94465217687504,0.82492919662233,182.8608456443717,232.73,49.8691543556283,69.13011276875027,7.128168470102195,8.811854359589116,1.683685889486921,487.2227531753113,457.43,0.0,821.9420139958195,827.37,5.427986004180525
92,3.8333333333333335,24.79397240956516,7.069762790211254,8.569928036874202,1.5001652466629487,155.69850330901087,162.21,6.511496690989134,52.95413119477389,7.068166010926681,7.526495015171527,0.45832900424484624,101.59595392974087,121.4,19.804046070259133,69.12928466687742,7.071166702351695,8.528185941875646,1.4570192395239516,421.6252128826694,505.0,83.37478711733058,678.9196701214212,788.61,109.69032987857884
93,3.875,24.79368325143415,7.074372488468034,9.40741665813847,2.333044169670435,242.13815763437685,144.52,0.0,52.952870302137725,7.053706690350088,7.327921592266714,0.27421490191662556,60.7826712457334,69.79,9.00732875426661,69.12701153719468,7.0614004514129345,8.086581380275593,1.0251809288626585,296.65216665368314,324.85,28.197833346316884,599.5729955337933,539.1600000000001,0.0
94,3.9166666666666665,24.793172553289583,7.064566604709362,10.391792161248564,3.3272255565392017,345.31351017450595,337.74,0.0,52.95102772273169,6.967226052120405,7.188541037457965,0.22131498533755956,49.0551308981364,39.44,0.0,69.12410328111308,6.9790875968146855,7.743488909259653,0.7644013124449671,221.18219235881475,254.29,33.107807641185246,615.550833431457,631.47,15.919166568543005
95,3.9583333333333335,24.79317449719439,7.036720287809259,10.47238599302504,3.43566570521578,356.56791441164506,349.87,0.0,52.95083340317742,6.934247548099384,7.1388688994938345,0.2046213513944508,45.35477037612859,46.4,1.045229623871407,69.12350555534246,6.937316243281016,7.5339344343000425,0.5966181910190267,172.63206676177415,173.16,0.5279332382258417,574.5547515495479,569.43,0.0
96,4.0,24.793467871661537,7.005900700027874,10.174451020653638,3.168550320625764,328.849441503508,360.25,31.40055849649201,52.951502310410156,6.93896690926824,7.170340445031952,0.2313735357637121,51.28509844856203,31.95,0.0,69.12418938042208,6.935544281182364,7.454405155382339,0.5188608741999756,150.1343950645959,157.03,6.895604935404094,530.268935016666,549.23,18.96106498333404
97,4.041666666666667,24.793974595136742,6.985901421877934,9.163240603883876,2.1773391820059427,225.98075943424374,293.72,67.73924056575629,52.953190346256946,6.990031022026041,7.331634992769808,0.34160397074376725,75.72063807929231,58.54,0.0,69.12635309336869,6.9800365490982115,7.534652745947877,0.5546161968496657,160.48535889910508,127.95,0.0,462.1867564126411,480.21000000000004,18.023243587358934
98,4.083333333333333,24.79359396415699,6.985571839627612,10.251698772063133,3.2661269324355207,338.9781986424815,153.08,0.0,52.95208651606358,7.015311130337947,7.2974180484624425,0.2821069181244953,62.531095629200706,81.06,18.528904370799296,69.12522944109674,7.020149259973132,7.679500943276837,0.6593516833037052,190.7888231316459,178.15,0.0,592.2981174033281,412.29,0.0
99,4.125,24.792986219760795,6.984816654905617,11.937812552886875,4.952995897981258,514.038954163128,524.89,10.851045836872004,52.949865529586305,6.915297057623448,7.1350343998319286,0.2197373422084805,48.70437255331973,31.6,0.0,69.12215512191594,6.9286621887389,7.489089354427528,0.5604271656886279,162.1569895525754,188.61,26.453010447424617,724.900316269023,745.1,20.19968373097697
100,4.166666666666667,24.792572166008984,6.965321658415105,12.904847835384288,5.939526176969183,616.4141659332716,500.09,0.0,52.948558997136765,6.866950467594201,7.086031209972405,0.21908074237820419,48.557640239803945,53.6,5.042359760196057,69.1202199078167,6.877120078752124,7.3401864331671645,0.46306635441504085,133.98234117064308,120.29,0.0,798.9541473437187,673.9799999999999,0.0
101,4.208333333333333,24.79223391232411,6.931456911917099,13.918128314664994,6.986671402747895,725.0787923953834,732.05,6.971207604616552,52.9472566599735,6.78775187478768,6.989518663070156,0.20176678828247585,44.71902931258818,31.09,0.0,69.1185077346496,6.796589794924753,7.273713052085611,0.47712325716085857,138.04610700434048,132.31,0.0,907.843928712312,895.45,0.0
102,4.25,24.792904597137067,6.889741102823194,12.87519090761137,5.985449804788177,621.188527516742,715.31,94.12147248325789,52.94894657699629,6.807786156937787,7.0228634806502255,0.21507732371243815,47.670660789203126,46.09,0.0,69.12108740770806,6.798769877314071,7.484549972551694,0.6857800952376225,198.42421067994607,128.4,0.0,867.2833989858913,889.8,22.516601014108687
103,4.291666666666667,24.79272657042615,6.865577542046214,12.900906817505737,6.035329275459523,626.3606758947703,522.6,0.0,52.94906583826612,6.857424927698808,7.438155418738478,0.5807304910396693,128.715887500201,37.01,0.0,69.12162783759264,6.856924791861193,7.948201164651635,1.0912763727904418,315.75332590319977,254.18,0.0,1070.829889298171,813.79,0.0
104,4.333333333333333,25.475636097774583,6.853240664277932,11.970551207465416,5.117310543187484,545.7151786529423,729.3,183.58482134705764,54.409229958395514,6.8065009046601554,8.644646443321061,1.838145538660906,418.65058073566007,209.65,0.0,71.02830163268604,6.810561873775382,8.69119559280557,1.8806337190301887,559.1584249678984,364.02,0.0,1523.5241843565009,1302.9699999999998,0.0
105,4.375,29.172882679948998,6.846009605721477,9.740655307421184,2.894645701699707,353.48743748157773,351.78,0.0,62.30866142993293,6.943048981494223,9.45792136134005,2.5148723798458272,655.9392163090997,622.89,0.0,81.34475668870576,6.913143219126612,9.61849492542961,2.7053517063029986,921.1970140193956,745.75,0.0,1930.6236678100731,1720.42,0.0
106,4.416666666666667,32.528824216474106,6.897244493922781,9.546413062709716,2.6491685687869353,360.72578177257543,345.57,0.0,69.47753121674307,7.144697606194218,9.44836638396549,2.3036687777712723,669.9827764947988,671.42,1.437223505201132,90.70753802829587,7.127036197846164,10.113122480501293,2.986086282655129,1133.8221996762377,1083.93,0.0,2164.530757943612,2100.92,0.0
107,4.458333333333333,35.26529790857282,6.997300948192683,9.851336902337648,2.8540359541449654,421.31432029743456,365.95,0.0,75.32276412145671,7.201536915919529,9.426077911110077,2.224540995190549,701.4002018956132,645.69,0.0,98.34102886332228,7.199761614438458,10.18063549387061,2.9808738794321528,1227.093266844663,1156.75,0.0,2349.807789037711,2168.3900000000003,0.0
108,4.5,34.77085682128796,7.084791340016556,9.617296284456259,2.5325049444397028,368.6081375182178,464.84,96.23186248178217,74.26683029998257,7.17540741794465,9.498954359986627,2.3235469420419763,722.3464845122932,726.93,4.583515487706791,96.96197201684654,7.179543140402618,10.194419696411678,3.0148765560090602,1223.686583015976,1259.35,35.6634169840238,2314.641205046487,2451.12,136.478794953513
109,4.541666666666667,31.745781697445334,7.126015883303524,9.447157537903639,2.3211416546001145,308.4515058867047,262.17,0.0,67.80539444241583,7.15826496492985,9.640781482989311,2.4825165180594615,704.6210570466692,687.58,0.0,88.52360556012592,7.159583972708171,10.123124963707227,2.9635409909990553,1098.1691950710747,1150.81,52.64080492892526,2111.2417580044485,2100.56,0.0
110,4.583333333333333,32.46431705353662,7.140962013047146,9.7526828436259,2.6117208305787543,354.92145075339636,345.5,0.0,69.3400843980262,7.1278050484594795,9.667648596572732,2.539843548113253,737.2088756088369,701.44,0.0,90.52741209716788,7.132507166797497,9.949985398527941,2.817478231730444,1067.6770282449581,1020.35,0.0,2159.8073546071914,2067.29,0.0
111,4.625,32.150927528152216,7.1360792306361045,9.79170287164357,2.655623641007466,357.4038748559937,354.07,0.0,68.67049607225287,7.095487436967033,9.553243213820922,2.4577557768538894,706.4934410503135,751.27,44.77655894968643,89.65319562900305,7.099102535038473,9.960920204847822,2.8618176698093487,1074.0066221133284,1087.58,13.573377886671551,2137.9039380196355,2192.92,55.01606198036461
112,4.666666666666667,31.563595509726202,7.1194382821048645,10.798252814000168,3.678814531895304,486.064145534433,350.86,0.0,67.41501851509358,7.05791007972833,9.171815731785916,2.1139056520575856,596.5426265836003,640.92,44.37737341639968,88.01391427604212,7.064301594567773,9.822069605749315,2.7577680111815415,1016.0341133806312,1033.65,17.615886619368894,2098.640885498665,2025.43,0.0
113,4.708333333333333,28.696817497017715,7.090565018220181,11.070331902869214,3.979766884649033,478.0690116561095,616.2,138.13098834389052,61.29060923471232,6.982898491040011,8.687056402524858,1.704157911484847,437.2229975608783,529.82,92.59700243912175,80.01691173426231,6.991558146049073,9.88601165295029,2.8944535069012165,969.4994960477618,972.33,2.830503952238246,1884.7915052647495,2118.35,233.5584947352504
114,4.75,24.794643438384956,7.057933571991992,9.504336645331698,2.446403073339706,253.91309833537358,339.35,85.43690166462645,52.955664970523344,7.031827269073151,8.381269013676944,1.3494417446037925,299.13400849386056,332.08,32.94599150613942,69.13285416428553,7.011176020200645,9.852809540792922,2.8416335205922776,822.3406869225507,940.51,118.16931307744926,1375.387793751785,1611.94,236.55220624821504
115,4.791666666666667,24.796141314197836,7.0574096791924905,9.472270752758504,2.414861073566014,250.654483713973,163.2,0.0,52.958757753592174,7.202876774016141,8.182861916445056,0.979985142428915,217.24835905141205,256.01,38.76164094858794,69.13523536861695,7.181238145732438,8.88535881320299,1.7041206674705514,493.1726834886355,694.22,201.0473165113645,961.0755262540206,1113.43,152.35447374597948
116,4.833333333333333,24.79545226808658,7.093992845030998,10.428690335100033,3.3346974900690345,346.1208016085532,336.0,0.0,52.95638603091288,7.20655846278968,7.826400047985634,0.619841585195954,137.40365112363855,167.47,30.066348876361445,69.131219203479,7.21648578087161,8.205602209394861,0.9891164285232517,286.23375993468136,278.67,0.0,769.7582126668731,782.1400000000001,12.381787333127022
117,4.875,24.794507782499245,7.121640479542802,10.55393737271357,3.4322968931707676,356.23744095578246,353.3,0.0,52.95399893411521,7.107761391025768,7.549411094044156,0.44164970301838746,97.89847554148912,95.5,0.0,69.1283244759804,7.122412412728764,8.14637482652048,1.0239624137917165,296.3051978816827,279.79,0.0,750.4411143789544,728.59,0.0
118,4.916666666666667,24.794379248453215,7.120385444603261,10.599422017788502,3.4790365731852413,361.0866715711274,356.06,0.0,52.95364655082761,7.054729779980491,7.507258416296779,0.4525286363162877,100.30929155834428,88.39,0.0,69.1275369688985,7.0591498501866266,7.94992639332661,0.8907765431399834,257.7621107132975,298.94,41.17788928670251,719.1580738427692,743.39,24.23192615723076
119,4.958333333333333,24.794516762348714,7.104747199580394,10.578604422898081,3.4738572233176876,360.55111028878775,363.02,2.4688897112122277,52.95385410325582,7.05291214910176,7.448976037615861,0.39606388851410035,87.79343581421296,100.49,12.69656418578704,69.12739516734982,7.052368905140368,7.70011833477917,0.647749429638802,187.43748809559213,201.99,14.55251190440788,635.7820341985928,665.5,29.717965801407217
120,5.0,24.79458820385628,7.089465388273101,10.567492849417347,3.4780274611442454,360.98497875400545,354.86,0.0,52.95389573715181,7.057703322021013,7.356757232499241,0.2990539104782286,66.2897873257234,63.04,0.0,69.12720102824828,7.0571155965147,7.512701891948608,0.45558629543390783,131.83139513071112,157.87,26.03860486928889,559.10616121044,575.77,16.66383878956003
121,5.041666666666667,24.794473256968,7.078243643848675,10.517565822318398,3.4393221784697223,356.96609691502437,364.06,7.093903084975636,52.95369365741568,7.053058894743434,7.410549989456081,0.35749109471264706,79.24296380679894,57.43,0.0,69.1266066759918,7.054666953237781,7.377364059728073,0.32269710649029193,93.37691763112551,90.19,0.0,529.5859783529488,511.68,0.0
122,5.083333333333333,24.793983106663987,7.0681981468462665,10.456940266379695,3.388742119533428,351.7094566230169,346.59,0.0,52.952676791749106,7.026983307024105,7.406160683701905,0.3791773766777995,84.04842131160837,89.22,5.171578688391634,69.12579464761262,7.033100711370692,7.644035491508971,0.6109347801382787,176.78044012050776,80.81,0.0,612.538318055133,516.6199999999999,0.0
123,5.125,24.794114941933504,7.053498130112267,10.480501961908338,3.427003831796071,355.68243965362507,353.77,0.0,52.95300523433205,7.00567553479931,7.4343621477876844,0.4286866129883746,95.02322331567775,66.81,0.0,69.12637470445004,7.004561793431879,7.736639707781726,0.7320779143498468,211.83626483375636,258.4,46.56373516624362,662.5419278030591,678.98,16.43807219694088
124,5.166666666666667,24.794495453154802,7.041083458290779,10.506183185495004,3.465099727204225,359.64186201771855,354.49,0.0,52.95387620284565,7.038144770234382,7.5145747437403285,0.4764299735059465,105.60781471899845,111.63,6.022185281001541,69.12693132468227,7.033502651592832,7.487315303911873,0.45381265231904155,131.3176499500314,150.25,18.93235004996859,596.5673266867484,616.37,19.802673313251603
125,5.208333333333333,24.794373270666217,7.038380874240273,10.476174943378222,3.437794069137949,356.80605609584256,361.77,4.963943904157418,52.95358199216543,7.045056855621542,7.489806221077844,0.4447493654563015,98.58478734869085,87.77,0.0,69.12651743881145,7.046042677204889,7.457976658720596,0.41193398151570637,119.19870067711857,96.85,0.0,574.589544121652,546.39,0.0
126,5.25,24.794159251325436,7.038080333463321,10.460455824636297,3.422375491172976,355.20270745185496,348.64,0.0,52.953141057458566,7.029151291995398,7.48811061967641,0.45895932768101133,101.73377294472495,97.64,0.0,69.12617637062817,7.031825502848541,7.579114894302905,0.5472893914543642,158.36484827568992,126.17,0.0,615.3013286722698,572.4499999999999,0.0
127,5.291666666666667,24.792996118329814,7.033268010049022,10.443766115665229,3.410498105616207,353.9533679071603,358.77,4.816632092839654,52.95086234555346,6.973200902359749,7.658963228321162,0.685762325961413,152.00080350841475,94.03,0.0,69.12433230643101,6.98758065900977,8.273371075028823,1.2857904160190534,372.0491851160594,175.6,0.0,878.0033565316344,628.4,0.0
128,5.333333333333333,25.834492760517378,7.009669332871317,10.247039466448099,3.237370133576782,350.09952275791306,345.93,0.0,55.176584490938964,6.8686637855148165,8.533619988768148,1.6649562032533316,384.5535734618704,199.04,0.0,72.03158904688483,6.882150143040091,9.230327731136905,2.3481775880968137,708.03244326407,556.6,0.0,1442.6855394838535,1101.5700000000002,0.0
129,5.375,27.96373933651739,6.966077628288375,10.004741847305558,3.038664219017183,355.6945256394293,349.99,0.0,59.725892495847425,6.880860017354532,9.40536656828901,2.5245065509344773,631.1584111418092,565.07,0.0,77.97182274220337,6.869375563260335,9.527053708991359,2.6576781457310235,867.4397028660352,851.09,0.0,1854.2926396472735,1766.15,0.0
130,5.416666666666667,30.592379173018013,6.94379963194483,9.797325777023463,2.853526145078633,365.4216998501919,355.6,0.0,65.34126851980332,6.994226696001964,9.627553577524004,2.6333268815220405,720.2637503728581,686.11,0.0,85.30472097420196,6.9816530620797455,9.629971202112902,2.6483181400331564,945.6761713832625,867.14,0.0,2031.3616216063124,1908.85,0.0
131,5.458333333333333,31.165989838184124,6.9613346158919365,9.373725812896812,2.412391197004875,314.7225661991887,366.84,52.117433800811284,66.56669729501981,7.053536603623585,9.508031136008547,2.4544945323849623,683.9404707844204,736.81,52.86952921557952,86.90594829689458,7.048215637207302,9.997555032165069,2.949339394957767,1072.9351633488602,1002.63,0.0,2071.5982003324693,2106.2799999999997,34.68179966753041
132,5.5,29.621364109680748,6.9953672272040075,8.784152715020689,1.7887854878166811,221.80051051718718,253.94,32.13948948281282,63.26772343515978,7.091912305320253,9.549694903275702,2.4577825979554486,650.9159242836174,612.6,0.0,82.59821084066023,7.08665394001577,10.252141739607197,3.1654877995914266,1094.4867496720203,1118.64,24.153250327979777,1967.203184472825,1985.18,17.976815527175177
133,5.541666666666667,29.760201260070666,7.032883435654571,9.132253139096335,2.0993697034417638,261.53150524511926,181.53,0.0,63.56423041142539,7.118292480709784,9.561289694524756,2.442997213814972,650.032377403194,673.26,23.227622596805986,82.98530235076382,7.117416121270232,10.181668169635849,3.064252048365617,1064.44907703481,1051.44,0.0,1976.0129596831232,1906.23,0.0
134,5.583333333333333,29.89774207628733,7.062656790139895,9.754960705360732,2.692303915220837,336.9470804899792,335.95,0.0,63.857386122199436,7.0775738949093405,9.367392524775589,2.2898186298662484,612.0845904145733,609.61,0.0,83.36823141966991,7.084882705839445,10.05526756465482,2.9703848588153745,1036.6031754714425,1057.5,20.896824528557545,1985.634846375995,2003.06,17.425153624004906
135,5.625,27.10318446775431,7.06907042030455,8.980534331620762,1.9114639113162113,216.86309313991944,330.62,113.75690686008056,57.888211062025924,7.046333052750679,9.254150247302597,2.207817194551918,534.9983762988595,597.76,62.76162370114048,75.57360879020794,7.047186019003873,10.246975910819828,3.1997898918159544,1012.2571365059057,995.94,0.0,1764.1186059446845,1924.3200000000002,160.20139405531563
136,5.666666666666667,25.266174840823233,7.066342197053901,8.144964899986862,1.078622702932961,114.07967578106502,101.03,0.0,53.964528348584295,7.071919231918541,8.993808327047203,1.9218890951286625,434.1461281992074,461.56,27.413871800792606,70.45081071062711,7.06733951381164,10.787019722042352,3.719680208230712,1096.9600794597793,1010.94,0.0,1645.1858834400518,1573.5300000000002,0.0
137,5.708333333333333,25.26688785438956,7.068327699740319,9.527754971982617,2.459427272242298,260.12671788681524,122.14,0.0,53.96508888332423,7.079041950400865,8.587370550538306,1.5083286001374416,340.7282060634401,396.41,55.68179393655993,70.45191513131027,7.080656127558019,10.665276811587567,3.5846206840295487,1057.1466397876657,1174.81,117.66336021233428,1658.001563737921,1693.3600000000001,35.35843626207907
138,5.75,24.794208584003506,7.069157867366189,10.65059172073076,3.5814338533645715,371.7118521066951,394.83,23.118147893304865,52.95423296686188,7.056527626839243,8.115400033043683,1.05887240620444,234.71645467226773,274.87,40.153545327732274,69.1311670436601,7.057080117880988,9.784651794795204,2.7275716769142164,789.3130525402293,930.5,141.18694745977075,1395.7413593191923,1600.2,204.45864068080778
139,5.791666666666667,24.794184342400825,7.068001000078981,10.284955532954239,3.216954532875258,333.8827428868413,345.06,11.177257113158703,52.95388651806494,7.0678470851566395,7.871456988754538,0.8036099035978985,178.13216434068931,183.6,5.46783565931068,69.1300052951215,7.069577410311946,9.267896680169159,2.1983192698572127,636.1456780967881,637.57,1.4243219032119896,1148.1605853243186,1166.23,18.0694146756814
140,5.833333333333333,24.79486580184729,7.066774637051945,9.602336960562138,2.5355623235101925,263.1693306977412,319.34,56.17066930225877,52.95534265696013,7.079221840807956,7.656676852038228,0.5774550112302714,128.00506696060518,161.47,33.46493303939482,69.13134628058623,7.069879573021711,8.848304873263512,1.7784253002418007,514.6474990200077,623.87,109.22250097999233,905.821896678354,1104.6799999999998,198.85810332164579
141,5.875,24.794397282970174,7.0748357292447395,8.786420342171597,1.711584612926858,177.64424935630583,202.39,24.74575064369415,52.95458955055905,7.1257825182735886,7.465803059482016,0.3400205412084274,75.37164335871681,82.73,7.358356641283194,69.13101501658842,7.1279117143208826,9.061827603676146,1.933915889355264,559.6412772714887,392.75,0.0,812.6571699865112,677.87,0.0
142,5.916666666666667,24.793829759960975,7.083935081736177,9.536494087238221,2.452559005502044,254.5436713000214,148.1,0.0,52.95309045145087,7.063444011919978,7.369250311356479,0.30580629943650095,67.78552482478933,55.85,0.0,69.12976817347031,7.071733983177028,9.357039259244807,2.2853052760677794,661.315263813569,716.2,54.88473618643104,983.6444599383797,920.1500000000001,0.0
143,5.958333333333333,24.79428526646035,7.078700187292381,10.498406976282821,3.41970678899044,354.927531147142,359.21,4.28246885285796,52.95350772725392,7.04036372679627,7.3515754732638685,0.3112117464675981,68.98424865911403,67.66,0.0,69.12892063052033,7.039875037121559,8.644152454297428,1.6042774171758696,464.2356306860267,595.39,131.1543693139733,888.1474104922827,1022.26,134.1125895077173
144,6.0,24.79430724480453,7.070450372016938,10.470944686302444,3.4004943142855053,352.9338028015675,347.42,0.0,52.95352146966854,7.054806901118933,7.434617346524431,0.37981044540549735,84.19009020772178,58.22,0.0,69.12768494237675,7.0560011363807495,8.062145362318407,1.0061442259376578,291.14643454548076,319.74,28.59356545451925,728.27032755477,725.38,0.0
145,6.041666666666667,24.79402539547274,7.062715256490922,10.522853209796324,3.460137953305402,359.1200723255862,355.4,0.0,52.952847278536666,7.024758898432304,7.424826086713701,0.40006718828139665,88.6791404792061,98.4,9.720859520793908,69.12653841599825,7.029087597528764,7.922064278863846,0.8929766813350817,258.39502742484405,248.37,0.0,706.1942402296363,702.17,0.0
146,6.083333333333333,24.794396961906525,7.051241916358504,10.003578096539592,2.9523361801810877,306.4210403758867,359.77,53.34895962411326,52.953701643104694,7.02908617952633,7.343407963936854,0.3143217844105237,69.67388533685079,66.91,0.0,69.12757996451258,7.02421754907443,7.829602404006285,0.8053848549318552,233.0526447548774,254.2,21.147355245122583,609.147570467615,680.8799999999999,71.73242953238491
147,6.125,24.794171022476093,7.046326745562825,10.016058370457618,2.9697316248947923,308.2236934805097,248.8,0.0,52.95328166180589,7.054066760381837,7.349566164516552,0.29549940413471454,65.50111806328108,60.39,0.0,69.12718375194846,7.055911210595986,7.913788021576756,0.8578768109807697,248.2407168753647,197.28,0.0,621.9655284191555,506.47,0.0
148,6.166666666666667,24.79397692652631,7.043244271443146,10.606598538116339,3.563354266673193,369.8319424409587,365.44,0.0,52.95271240618166,7.010285121068375,7.427513906026112,0.41722878495773674,92.48295505927585,58.48,0.0,69.12614723570306,7.014376468510591,7.812653473195322,0.7982770046847314,230.99107240234363,285.2,54.208927597656356,693.3059699025782,709.12,15.814030097421778
149,6.208333333333333,24.794075469581756,7.034888061296996,10.526385333788413,3.491497272491417,362.37551862289854,371.2,8.82448137710145,52.9530159125337,7.013047299914601,7.537038785083553,0.5239914851689518,116.14864668684083,114.88,0.0,69.12607502327926,7.012762143162125,7.641727898000558,0.6289657548384326,181.99863153996233,161.85,0.0,660.5227968497018,647.93,0.0
150,6.25,24.793648221498046,7.027048862298622,11.350514775334885,4.323465913036263,448.7161474696913,350.28,0.0,52.951825823950834,6.991019259250266,7.4946545314339845,0.5036352721837183,111.63395258721476,105.74,0.0,69.12452613342502,6.998001834152015,7.6190861257813065,0.6210842916292911,179.7140106578435,187.33,7.615989342156524,740.0641107147495,643.35,0.0
151,6.291666666666667,24.792546465112125,7.010835071821233,11.47849598876613,4.467660916944898,463.6609959973996,545.93,82.26900400260035,52.950009956834485,6.900490193839018,8.182818847396552,1.282328653557534,284.22653248035016,105.8,0.0,69.1215699825632,6.916056236096279,7.767835958463368,0.8517797223670893,246.4564081715145,157.02,0.0,994.3439366492644,808.7499999999999,0.0
152,6.333333333333333,26.003636460370846,6.975715730951021,10.431268808828847,3.455553077877826,376.1411759838391,376.9,0.7588240161608724,55.53844942369832,6.844418855615001,9.226308016545826,2.3818891609308244,553.7509988985287,454.03,0.0,72.50206840702559,6.849827952615393,8.660505433698846,1.8106774810834532,549.5291328292559,322.07,0.0,1479.4213077116237,1153.0,0.0
153,6.375,26.399912786474346,6.934581168138972,10.261230146204817,3.326648978065845,367.62809474654955,370.58,2.951905253450434,56.38541203266629,6.878119598099061,9.501611034716277,2.6234914366172157,619.2209385562503,646.64,27.419061443749683,73.60910278654114,6.86528745633876,9.340652680851603,2.475365224512843,762.7286038452249,770.33,7.601396154775102,1749.5776371480247,1787.5500000000002,37.972362851975504
154,6.416666666666667,26.79638098446779,6.91951913207123,10.131710291322973,3.212191159251743,360.3103606392701,360.56,0.24963936072992965,57.232428345390865,6.978867420368778,9.557227828637169,2.5783604082683906,617.7105531398089,582.31,0.0,74.71548266936165,6.96634436219179,9.516498690183253,2.5501543279914634,797.5837441274624,741.97,0.0,1775.6046579065414,1684.84,0.0
155,6.458333333333333,27.399918473532818,6.936567197053431,10.175037359201678,3.2384701621482472,371.4397639137828,354.89,0.0,58.52169602875632,7.032616598780876,9.601785868056941,2.569169269276065,629.3740706942607,642.91,13.535929305739273,76.3991508113327,7.027496943618445,9.57915943738491,2.5516624937664645,816.0391323921863,840.14,24.10086760781371,1816.85296700023,1837.94,21.087032999770145
156,6.5,26.32315160585927,6.965789032419551,10.344612799189381,3.3788237667698304,372.30824103741315,383.27,10.961758962586828,56.221625306677986,7.039690913335835,9.639214661031609,2.599523747695774,611.7815981971426,604.46,0.0,73.39540455765666,7.040197565214818,9.516076124219085,2.4758785590042667,760.6720020711014,777.1,16.427997928898662,1744.761841305657,1764.83,20.068158694342856
157,6.541666666666667,25.30359835903482,6.990179812943631,10.513831860885912,3.5236520479422806,373.22826488161854,357.32,0.0,54.043767033723626,7.0395201358241035,9.662333769547132,2.6228136337230286,593.351807568053,609.38,16.02819243194699,70.55105477214396,7.038865551376243,9.33247405999794,2.2936085086216975,677.3638669807774,731.35,53.98613301922262,1643.943939430449,1698.0500000000002,54.10606056955112
158,6.583333333333333,24.793752601185762,7.007415821017493,10.636497703683345,3.6290818826658517,376.65024532954715,385.89,9.23975467045284,52.95453465180501,7.03034566047278,9.56839514155481,2.5380494810820293,562.6035454058916,569.24,6.636454594108386,69.12874955806029,7.033783756667711,9.301379312848734,2.267595556181023,656.1808056350443,612.19,0.0,1595.4345963704832,1567.3200000000002,0.0
159,6.625,24.793983209074042,7.0158273125163575,10.755342877305077,3.7395155647887197,388.11539691273055,364.19,0.0,52.95480180861186,7.023428378315806,9.38245833170964,2.3590299533938346,522.9233398077117,548.26,25.336660192288264,69.12917068492946,7.021357027199659,9.214607518569453,2.1932504913697946,634.6712215793555,689.82,55.14877842064459,1545.7099582997978,1602.27,56.56004170020219
160,6.666666666666667,24.79437800615099,7.02170715227558,10.793824660473573,3.7721175081979936,391.5053087005556,409.42,17.914691299444428,52.95536219483583,7.050777990698317,9.179256871747672,2.1284788810493547,471.82235311313497,489.39,17.56764688686502,69.12947924692547,7.046399143995689,8.870282040243882,1.8238828962481932,527.7879372174993,568.29,40.502062782500616,1391.11559903119,1467.1,75.98440096880995
161,6.708333333333333,24.794250285370524,7.031574363555448,10.49582175633432,3.464247392778873,359.54984317270896,370.21,10.660156827291019,52.954837725528165,7.063265374431929,8.863218793132942,1.7999534187010129,398.99378566664,445.67,46.67621433336001,69.12936946433234,7.06399574457845,8.958210275326191,1.8942145307477416,548.1393538052529,475.2,0.0,1306.682982644602,1291.08,0.0
162,6.75,24.795313251154482,7.041769676357606,10.424367019470397,3.382597343112791,351.090539194869,345.6,0.0,52.95656576108882,7.095988976742687,8.300829441422884,1.2048404646801973,267.0844368715299,342.77,75.68556312847011,69.1316539858842,7.082871858436359,8.603732784733142,1.5208609262967823,440.1144966946384,609.97,169.85550330536165,1058.2894727610371,1298.3400000000001,240.050527238963
163,6.791666666666667,24.79531392462381,7.06362552665517,10.513531576822428,3.4499060501672583,358.0767337529548,353.57,0.0,52.95596115618899,7.1589611035013725,7.798680069734069,0.6397189662326968,141.80884039394974,180.49,38.68115960605027,69.13064138098242,7.158682509762202,8.175462114819252,1.0167796050570503,294.236561443553,256.49,0.0,794.1221355904576,790.55,0.0
164,6.833333333333333,24.793940767770525,7.086174640862554,11.327562797977045,4.241388157114491,440.2028021362356,359.56,0.0,52.95253702826083,7.06926503764579,7.548580963246785,0.4793159256009947,106.24484213403079,91.3,0.0,69.12683406739342,7.0883833261100255,8.361359580862612,1.272976254752586,368.3546815461824,318.32,0.0,914.8023258164488,769.1800000000001,0.0
165,6.875,24.79360922153803,7.078862694205519,12.093256854490743,5.0143941602852244,520.4241540199714,519.26,0.0,52.95132184541679,6.966887149835906,7.341484373263769,0.3745972234278625,83.03106033457685,109.43,26.398939665423157,69.12537967178837,6.97611379225311,8.296490876231386,1.3203770839782765,382.0627804663351,405.38,23.31721953366491,985.5179948208834,1034.0700000000002,48.552005179116804
166,6.916666666666667,24.793724185345585,7.050686960886073,12.026635451083735,4.975948490197662,516.4364244691097,518.62,2.1835755308902662,52.95147373567525,6.961406564041415,7.296758942107502,0.3353523780660872,74.33248744837206,44.37,0.0,69.12534446150839,6.961976832236394,8.14768671191013,1.1857098796737349,343.09545977412046,345.38,2.284540225879539,933.8643716916022,908.37,0.0
167,6.958333333333333,24.794314949508856,7.0236871564028895,12.01067035905472,4.98698320265183,517.5940114822888,511.23,0.0,52.95275990854554,6.98092582928627,7.354072749189733,0.37314691990346294,82.71184066345398,92.49,9.778159336546011,69.1262993215785,6.973814334972408,7.809325764136688,0.8355114291642805,241.76583379989535,327.29,85.52416620010467,842.0716859456381,931.01,88.93831405436185
168,7.0,24.794086986299636,7.010219611060168,12.979601514972709,5.969381903912541,619.5504963176912,521.12,0.0,52.951870787380514,7.000206463774852,7.2965303227642915,0.2963238589894397,65.68211867049848,60.9,0.0,69.12448454821423,7.004763069167586,7.439149130827197,0.4343860616596107,125.69181897352735,141.24,15.548181026472662,810.924433961717,723.26,0.0
169,7.041666666666667,24.794494446504213,7.0002961564402435,11.964624054302837,4.964327897862593,515.2463700686375,716.95,201.70362993136257,52.95283707929415,6.9718287352495345,7.2441632769277,0.2723345416781653,60.36583137687046,58.31,0.0,69.12567542605566,6.966263982658829,7.3678194609804635,0.40155547832163485,116.1941242608264,94.53,0.0,691.8063257063343,869.79,177.98367429366567
170,7.083333333333333,24.795692324027694,7.000481694846398,9.547871392322623,2.547389697476225,264.40572282932527,306.94,42.53427717067473,52.956483817025436,7.11076336325606,7.382445255207478,0.2716818919514177,60.22531195291417,50.31,0.0,69.13073309683591,7.08847306482064,7.602841026624495,0.5143679618038552,148.84844310037403,122.48,0.0,473.4794778826135,479.73,6.250522117386538
171,7.125,24.795631642540215,7.0326170741031655,9.812503444789908,2.779886370686742,288.53695497541975,217.53,0.0,52.95656150178363,7.177519809662977,7.521762103556959,0.3442422938939824,76.31031203915582,58.15,0.0,69.13080598119862,7.17409567174835,7.679658370469444,0.5055626987210946,146.30051931808782,160.27,13.969480681912188,511.1477863326634,435.95000000000005,0.0
172,7.166666666666667,24.795108059603898,7.071712925082916,10.745275844555263,3.6735629194723467,381.2876266649684,357.45,0.0,52.95503530215133,7.13659854452528,7.457405949690031,0.3208074051647509,71.11330621138231,82.59,11.476693788617695,69.12861419581075,7.145134852707763,7.539475299664505,0.3943404469567424,114.11123328112747,116.97,2.8587667188725305,566.5121661574782,557.01,0.0
173,7.208333333333333,24.794367028082945,7.092147709592638,10.788590641374483,3.6964429317818457,383.6509300671551,402.48,18.829069932844902,52.95324279834031,7.073353711119669,7.282580188473077,0.2092264773534085,46.37761682520135,47.39,1.01238317479865,69.12687645856394,7.084524718162047,7.7417992206501,0.6572745024880531,190.19230533133407,95.61,0.0,620.2208522236906,545.48,0.0
174,7.25,24.793976166891376,7.0885346416293356,10.854749630294537,3.766214988665201,390.8863553817301,361.36,0.0,52.95242168149858,7.018604060657049,7.271373151146927,0.2527690904898776,56.0285026676619,32.97,0.0,69.12633136089582,7.024918722579449,8.004177650956667,0.9792589283772175,283.3611280383053,270.51,0.0,730.2759860876972,664.84,0.0
175,7.291666666666667,24.793556218301344,7.069228783248596,11.016729693622686,3.9475009103740906,409.69464392084996,417.82,8.125356079150038,52.951852081552836,6.981864394728496,7.661210981782167,0.6793465870536712,150.58155471719294,67.03,0.0,69.12525228439782,6.988288129170901,8.081487022952558,1.0931988937816568,316.32618009404734,282.23,0.0,876.6023787320902,767.08,0.0
176,7.333333333333333,26.07995051810671,7.039509689345761,11.309315719420503,4.269806030074743,466.1375973224966,398.32,0.0,55.70071773431398,6.900967692826349,8.78067520774664,1.879707514920291,438.2786275809415,223.48,0.0,72.71420943254277,6.918988470878613,8.499368384278975,1.5803799134003622,481.0386941610228,336.89,0.0,1385.454919064461,958.6899999999999,0.0
177,7.375,26.08228014114789,6.989540409004371,11.096448371453858,4.106907962449488,448.3939554243101,532.34,83.94604457568994,55.70642976180244,6.853196939643621,9.390696943076238,2.5375000034326165,591.7123050695634,650.08,58.36769493043664,72.72145223476898,6.84481043592355,8.781018805012344,1.936208369088794,589.4050602208432,614.74,25.334939779156798,1629.5113207147165,1797.16,167.6486792852836
178,7.416666666666667,25.076641467121558,6.954133052826806,10.569242986717404,3.615109933890598,379.48105842142735,361.54,0.0,53.55852614706437,6.958398003958343,9.364557872202568,2.4061598682442247,539.4513948459328,524.78,0.0,69.91742613134306,6.948003464804025,9.149565168467179,2.2015617036631534,644.3406313266893,550.22,0.0,1563.2730845940496,1436.54,0.0
179,7.458333333333333,25.0774745596273,6.948561202287749,9.583605604039645,2.6350444017518964,276.6119639580925,394.55,117.93803604190754,53.5608007854155,6.998500640909656,9.439904671786895,2.441404030877239,547.3762409559266,546.0,0.0,69.92122780695881,6.9875466036889815,9.608454155092902,2.6209075514039206,767.1141116078293,728.43,0.0,1591.1023165218485,1668.98,77.87768347815154
180,7.5,24.794962513087707,6.9668740588153035,8.770455957498783,1.803581898683479,187.19685494404976,153.74,0.0,52.95788703769861,7.119175857838137,9.429294694453919,2.310118836615782,512.1111058777608,540.66,28.548894122239176,69.1339905992779,7.100306666061274,9.632107023782872,2.5318003577215977,732.6900724760684,795.65,62.95992752393158,1431.998033297879,1490.05,58.051966702121035
181,7.541666666666667,24.79515152459424,7.0119453686540805,9.76226855924344,2.7503231905893593,285.4629315359965,217.01,0.0,52.95770785285543,7.172414030274458,9.289503053184474,2.117089022910015,469.3183377421415,475.32,6.00166225785847,69.13283792729649,7.170422461631475,9.086440296705462,1.916017835073987,554.476515417102,659.43,104.953484582898,1309.25778469524,1351.7599999999998,42.50221530475983
182,7.583333333333333,24.79436090835826,7.057532823095935,9.995781080764935,2.9382482576690006,304.95842067545414,351.78,46.82157932454584,52.95568672412965,7.120672994471178,9.200671106438556,2.0799981119673774,461.07839109966966,454.79,0.0,69.12986621363832,7.13247565827017,8.869488884518017,1.7370132262478464,502.6527532685167,437.21,0.0,1268.6895650436404,1243.78,0.0
183,7.625,24.793666440097244,7.078312824266283,9.902937496151653,2.8246246718853696,293.1573088923542,254.04,0.0,52.954174300079174,7.052102274537551,9.083107209572786,2.0310049350352353,450.2050925528642,458.81,8.604907447135815,69.12866571716502,7.062120233749799,9.18299478099449,2.12087454724469,613.7229707525286,556.46,0.0,1357.085372197747,1269.31,0.0
184,7.666666666666667,24.794464916204475,7.075009737280666,9.139197517117644,2.0641877798369777,214.24128620720222,329.65,115.40871379279776,52.95590470505517,7.051277770316486,8.797019529372175,1.7457417590556892,386.98454109594087,432.82,45.835458904059124,69.13129580597328,7.040666396094351,9.178631449480278,2.137965053385927,618.6920328961168,660.31,41.61796710388319,1219.9178601992598,1422.78,202.86213980074012
185,7.708333333333333,24.79505101441721,7.077842675069927,9.354010706099022,2.276168031029095,236.2482224421038,92.69,0.0,52.956906271994164,7.1542965740869615,8.483004791228664,1.3287082171417026,294.54486150435474,331.6,37.05513849564528,69.13221529316226,7.145656157912101,8.780519928211604,1.6348637702995026,473.1090628440053,565.84,92.73093715599475,1003.9021467904638,990.1300000000001,0.0
186,7.75,24.793548080295796,7.092502300898561,10.728350036989905,3.6358477360913444,377.3493378419407,378.52,1.1706621580592582,52.95274226655427,7.064790582444336,8.250383504929268,1.1855929224849318,262.79873957065735,247.11,0.0,69.1269652129948,7.08736033968131,8.73852549030821,1.6511651506268992,477.7901903958428,367.45,0.0,1117.9382678084407,993.0799999999999,0.0
187,7.791666666666667,24.79379980906097,7.08094776832874,10.650479781798817,3.5695320134700763,370.4704693766917,373.04,2.56953062330831,52.952899143709566,6.985039463731847,7.893173910352574,0.9081344466207266,201.2978404708588,268.14,66.84215952914118,69.12763037629378,6.985620556637005,8.738356212984653,1.7527356563476486,507.186068440883,576.53,69.34393155911698,1078.9543782884334,1217.71,138.75562171156662
188,7.833333333333333,24.79456222509383,7.060193203661237,10.60209476684339,3.5419015631821527,367.6140959727547,364.7,0.0,52.95410170256731,7.044543875284467,7.522416944800375,0.47787306951590747,105.9281495733293,122.96,17.031850426670687,69.12872750769044,7.036068263799419,8.260409590581407,1.224341326781988,354.29114320179093,425.33,71.03885679820905,827.833388747875,912.99,85.156611252125
189,7.875,24.794323501422785,7.053483710677454,10.635280247684,3.5817965370065457,371.7512175214603,367.45,0.0,52.95341482419032,7.0548888452476,7.411155589455268,0.3562667442076677,78.9711533454705,77.0,0.0,69.12756281459407,7.057419507522048,8.057384130075935,0.999964622553887,289.3577408418443,269.39,0.0,740.0801117087751,713.8399999999999,0.0
190,7.916666666666667,24.794186287279338,7.049826165699158,10.635322388626346,3.585496222927188,372.1331449331209,373.02,0.8868550668790931,52.95303797866219,7.029155434180438,7.342975689788685,0.3138202556082472,69.5618425347356,68.91,0.0,69.12710123621781,7.031449764163526,8.029994474360793,0.9985447101972671,288.9449343191345,295.47,6.525065680865509,730.639921786991,737.4,6.760078213009024
191,7.958333333333333,24.79491510302992,7.044934285923905,9.92813890170633,2.883204615782425,299.2521740351329,368.12,68.86782596486711,52.95481320513549,7.060262772351119,7.34714446949074,0.28688169713962086,63.59273533922766,58.1,0.0,69.12891606539753,7.05017194981751,7.770058110001066,0.719886160183556,208.31608046545995,268.37,60.05391953454006,571.1609898398206,694.59,123.42901016017947
192,8.0,24.794825503951195,7.052648378858713,10.206050910035128,3.1534025311764147,327.295242200737,225.77,0.0,52.954626023820765,7.110471814952686,7.3733856303535825,0.2629138154008963,58.2795965996166,57.04,0.0,69.12819382811638,7.110616564927625,7.542959667470255,0.43234310254262986,125.10739136072824,133.16,8.052608639271753,510.6822301610818,415.97,0.0
193,8.041666666666666,24.79399180420724,7.0627904325529505,11.166543685016327,4.103753252463377,425.9189049907633,427.39,1.4710950092367057,52.952391335048304,7.031741376381108,7.314950745547733,0.28320936916662554,62.77582346578385,47.29,0.0,69.12518491904133,7.044959551609559,7.463743076478278,0.4187835248687186,121.17837326954573,101.52,0.0,609.8731017260928,576.2,0.0
194,8.083333333333334,24.79367195537815,7.053713682375461,11.17692790794848,4.123214225573019,427.9331931317967,421.37,0.0,52.95167285901168,6.979169774416644,7.310460548589009,0.3312907741723645,73.43248931003923,66.16,0.0,69.12443553397374,6.985548195903915,7.558333973387327,0.5727857774834124,165.7383640020965,125.39,0.0,667.1040464439325,612.92,0.0
195,8.125,24.794628187030685,7.03388437471075,9.875301556575202,2.8414171818644522,294.9115803483125,431.55,136.6384196516875,52.95414257670732,7.006231817574191,7.3211743397554025,0.31494252218121144,69.81206197969432,68.66,0.0,69.12766735091627,6.992168352571811,7.562363157742335,0.5701948051705239,164.996367316165,191.23,26.233632683834998,529.7200096441718,691.44,161.71999035582826
196,8.166666666666666,24.794732707604698,7.031849781283262,9.676722365058117,2.6448725837748546,274.51331207090607,152.25,0.0,52.954658583537494,7.103639971920865,7.366263997157522,0.26262402523665695,58.21539516912293,58.97,0.7546048308770708,69.1284742008928,7.098705923826819,7.660949034929759,0.5622431111029398,162.69729716453182,123.53,0.0,495.4260044045608,334.75,0.0
197,8.208333333333334,24.79379967415948,7.042977522739237,11.23521186248639,4.192234339747152,435.0987774509616,395.4,0.0,52.95199796220426,7.022256909713044,7.305740482189489,0.2834835724764453,62.83613621705341,45.23,0.0,69.12511644193972,7.037007104393553,7.687942500902094,0.6509353965085403,188.35319354418115,187.04,0.0,686.2881072121962,627.67,0.0
198,8.25,24.793928440097027,7.036131543339567,11.263478590510253,4.227347047170686,438.74529318931684,472.5,33.75470681068316,52.95212236519783,6.977632011989667,7.242911073648006,0.26527906165833937,58.801115951526434,68.35,9.54888404847356,69.12506632250553,6.97911864345791,7.535719574330738,0.5566009308728281,161.05666923169622,174.69,13.633330768303779,658.6030783725395,715.54,56.93692162746049
199,8.291666666666666,24.793156618104412,7.021280096352771,10.97608993618336,3.954809839830589,410.44659188915654,401.34,0.0,52.95115852211041,6.960819505940388,7.851479537120203,0.8906600311798147,197.4179573742984,36.96,0.0,69.12335393960915,6.970066405515575,7.696757098412165,0.7266906928965904,210.26821330120953,132.16,0.0,818.1327625646645,570.4599999999999,0.0
200,8.333333333333334,25.22129682309145,6.995908503792188,12.627658413729819,5.63174990993763,594.5795911646458,416.66,0.0,53.86617352621344,6.842513837443477,8.771002998398368,1.928489160954891,434.8430688621314,348.31,0.0,70.31768138913053,6.864213107278983,8.03247762515544,1.168264517876457,343.87844388425646,274.18,0.0,1373.3011039110336,1039.15,0.0
201,8.375,25.222597491601807,6.944323385865823,11.065728692662601,4.121405306796778,435.1453623828213,774.31,339.16463761717864,53.869551371761496,6.7845086834919615,9.006570067142624,2.2220613836506624,501.0702691046536,513.35,12.279730895346404,70.3230104562864,6.774413883881783,8.643449067182098,1.8690351833003156,550.1918525709226,400.19,0.0,1486.4074840583976,1687.85,201.44251594160232
202,8.416666666666666,24.79450275698735,6.910796621428662,7.829574275505484,0.9187776540768224,95.35973843259887,90.25,0.0,52.95706554753418,7.025674078238207,9.298750709264722,2.2730766310265142,503.8917096501112,480.09,0.0,69.13262818183891,6.986771948860053,9.403951517574788,2.417179568714735,699.505617096095,687.14,0.0,1298.757065178805,1257.48,0.0
203,8.458333333333334,24.79550256132613,6.941838471886961,8.155196546128545,1.213358074241584,125.93925607285705,95.42,0.0,52.959452396778566,7.182591731535264,9.487497839190407,2.3049061076551434,510.9706422930846,519.95,8.979357706915437,69.13517483675562,7.163088864748811,9.240221630872838,2.077132766124027,601.1218940523495,701.92,100.79810594765047,1238.0317924182912,1317.29,79.2582075817088
204,8.5,24.79538172543102,7.010136290047195,8.471828794445505,1.46169250439831,151.7141340388163,152.23,0.5158659611836924,52.95895671611159,7.229984025827554,9.377930501188482,2.1479464753609276,476.17007649024765,493.92,17.749923509752364,69.13404380356909,7.229932775734047,8.932376232005886,1.7024434562718396,492.6788068050811,488.56,0.0,1120.5630173341451,1134.71,14.146982665854921
205,8.541666666666666,24.794696887027392,7.074869702114961,8.438690132871425,1.3638204307564639,141.55174239490975,146.66,5.108257605090245,52.95744426515732,7.184261736099374,9.28628280747186,2.1020210713724863,465.9757403796183,449.84,0.0,69.13213140415984,7.193007354199703,8.907531976299888,1.7145246221001846,496.16131179633953,484.7,0.0,1103.6887945708677,1081.2,0.0
206,8.583333333333334,24.794236615991583,7.112418894439029,8.543291616768714,1.4308727223296849,148.50838319237562,131.71,0.0,52.95642550971581,7.132627612849246,9.257774685020252,2.1251470721710053,471.09324632663623,473.71,2.616753673363746,69.1307711064537,7.140091639541454,8.874657319192178,1.7345656796507232,501.95105838842,495.56,0.0,1121.5526879074318,1100.98,0.0
207,8.625,24.793529561273257,7.123175799114184,8.618022398462383,1.4948465993481985,155.143722745228,161.01,5.866277254772001,52.95459797447135,7.076891405922752,8.97383727959472,1.8969458736719682,420.49209761677696,459.96,39.46790238322302,69.12944876748014,7.087196167769164,9.227905236536179,2.1407090687670145,619.469554630184,496.3,0.0,1195.105374992189,1117.27,0.0
208,8.666666666666666,24.793632992101234,7.111724129798446,8.630799149998102,1.5190750201996561,157.65894442131977,144.61,0.0,52.954632741794896,7.0426439792058835,8.756934026842663,1.714290047636779,380.00340512078554,371.69,0.0,69.1300419833804,7.04261534237827,9.358203943986307,2.315588601608037,670.0812221092473,732.49,62.40877789075273,1207.7435716513526,1248.79,41.046428348647396
209,8.708333333333334,24.794160888317574,7.095140789885028,9.97878628004816,2.883645490163132,299.2888289743079,166.39,0.0,52.95472542114949,7.066752729852089,8.350452381638974,1.2836996517868844,284.5557513749483,379.12,94.56424862505173,69.12938668434339,7.064849150610825,8.708273192944745,1.64342404233392,475.56683911163884,596.7,121.1331608883612,1059.411419460895,1142.21,82.79858053910493
210,8.75,24.79394277230869,7.082701005400148,11.095063833754946,4.012362828354798,416.4328841405919,431.1,14.667115859408113,52.952834884128045,7.029782896998197,7.613543725466736,0.5837608284685398,129.39675612854478,178.98,49.58324387145521,69.12659569318772,7.037762128916644,8.079391224726923,1.0416290958102783,301.40988831986203,341.28,39.87011168013794,847.2395285889987,951.36,104.12047141100129
211,8.791666666666666,24.793306609501524,7.063914106390468,11.074178642300309,4.010264535909841,416.2044284857604,398.41,0.0,52.95101759829896,6.975504151990584,7.277493086453217,0.3019889344626332,66.93674111016915,67.75,0.8132588898308484,69.12455319892484,6.9861745118375875,8.038527101554234,1.0523525897166461,304.503883165951,247.33,0.0,787.6450527618806,713.49,0.0
212,8.833333333333334,24.793310732098128,7.034033051688655,11.145507892666476,4.111474840977821,426.70858883198684,431.23,4.521411168013174,52.95090754313119,6.92818448010381,7.230427480837916,0.3022430007341059,66.99291641058271,53.91,0.0,69.12443685022943,6.930093633080236,8.020399377814657,1.0903057447344215,315.4853017288242,348.18,32.69469827117581,809.1868069713937,833.3199999999999,24.13319302860623
213,8.875,24.793530854635332,7.0036163410139505,10.637349966510099,3.6337336254961485,377.12966118265393,419.04,41.91033881734609,52.951477503822744,6.9503754483501,7.212635630300932,0.2622601819508317,58.13125042606922,68.06,9.92874957393078,69.12550104750784,6.9469774134529665,8.172492179941898,1.2255147664889314,354.61415304175586,268.79,0.0,789.8750646504791,755.8900000000001,0.0
214,8.916666666666666,24.79294140435682,6.984042305977778,12.492674050332894,5.5086317443551165,571.7037204583169,331.37,0.0,52.949648914393784,6.932137837083626,7.122821716176724,0.1906838790930978,42.26455367445721,35.91,0.0,69.12331870082346,6.9421746659234005,8.222110731920658,1.2799360659972576,370.3497721472554,427.68,57.3302278527446,984.3180462800295,794.96,0.0
215,8.958333333333334,24.793426855190468,6.959766503734407,12.481805000078992,5.522038496344585,573.1063381070854,813.55,240.44366189291452,52.95033371321294,6.868145115125403,7.062999342223302,0.194854227097899,43.18945832220482,36.23,0.0,69.12356155142366,6.8653823459190635,7.850063001965258,0.9846806560461943,284.91855765904853,299.3,14.38144234095148,901.2143540883387,1149.08,247.8656459116612
216,9.0,24.79373535515472,6.941356031022546,11.910482853961591,4.969126822939045,515.728659639918,325.44,0.0,52.95141624090849,6.969063760874079,7.180078321438339,0.21101456056426038,46.77235400557767,37.92,0.0,69.12501167810504,6.963016086197895,7.941150854743957,0.9781347685460622,283.03043457155076,256.41,0.0,845.5314482170463,619.77,0.0
217,9.041666666666666,24.794072398528815,6.939046549439339,12.713399172283385,5.774352622844046,599.3084353010101,706.59,107.28156469898988,52.951683188329106,6.933082994690308,7.115354075322472,0.18227108063216413,40.40143232009632,43.37,2.9685676799036784,69.12483311548118,6.9299809595257384,7.628133979185386,0.6981530196596477,202.0151501331555,295.83,93.8148498668445,841.7250177542619,1045.79,204.06498224573807
218,9.083333333333334,24.795108362657857,6.944787246728563,11.11366800318573,4.168880756457167,432.697820549386,487.3,54.60217945061402,52.95447973001326,7.044537569954789,7.229764973673074,0.18522740371828483,41.05888665056116,25.08,0.0,69.12789973007852,7.028325932924315,7.3955131813081785,0.3671872483838632,106.25274944542295,92.75,0.0,580.0094566453702,605.13,25.12054335462983
219,9.125,24.794400803006276,6.972763308008434,12.124440237326327,5.151676929317893,534.689260494752,374.15,0.0,52.95282403485785,7.05909896919752,7.2852392171153975,0.22614024791787735,50.126365265244125,44.89,0.0,69.12582072141893,7.066735061898643,7.479578860953045,0.4128437990544018,119.46076471526179,104.29,0.0,704.2763904752579,523.3299999999999,0.0
220,9.166666666666666,24.794061480435396,6.992012754223537,12.723514850177933,5.731502095954396,594.8608034230253,695.3,100.43919657697461,52.95176170923736,6.970696077863568,7.266958338903548,0.29626226103997944,65.66832980902083,43.05,0.0,69.12425821267045,6.9781359068205795,7.3784129921095545,0.400277085288975,115.82183372814511,119.17,3.3481662718548932,776.3509669601913,857.5199999999999,81.1690330398086
221,9.208333333333334,24.794503114469737,6.993987436753062,12.015958310149161,5.021970873396099,521.229302522566,489.78,0.0,52.95306431510461,7.006497159000315,7.37558932198196,0.36909216298164527,81.8135325325622,76.33,0.0,69.1257613050529,7.000592371198228,7.341956237814586,0.34136386661635854,98.77719755968124,96.84,0.0,701.8200326148094,662.95,0.0
222,9.25,24.79470399246971,6.998737851758168,11.580334566100424,4.581596714342256,475.5268135681199,550.34,74.81318643188013,52.953634155316756,7.025313922452098,7.401380244549314,0.37606632209721536,83.36033234344151,75.37,0.0,69.1266408067498,7.020795550121327,7.4290700029923515,0.4082744528710247,118.1399771272294,85.04,0.0,677.0271230387908,710.75,33.72287696120918
223,9.291666666666666,24.79483216423843,7.009462036288599,10.978875647797691,3.9694136115090926,411.99007278877883,396.4,0.0,52.95434011033561,7.066118444562498,7.566340858112586,0.5002224135500875,110.88273556591476,79.47,0.0,69.12774103326606,7.061860069976285,7.626414060484046,0.5645539905077612,163.3642678427217,135.96,0.0,686.2370761974153,611.83,0.0
224,9.333333333333334,24.794334351854534,7.024791908098509,10.933473239864272,3.908681331765763,405.67845349613486,424.84,19.16154650386511,52.95383206645347,7.050324939871802,8.06206252232137,1.011737582449567,224.2665492041778,130.86,0.0,69.12682119666685,7.055090164043792,7.816563871149803,0.7614737071060116,220.34374295257825,175.86,0.0,850.288745652891,731.5600000000001,0.0
225,9.375,24.7942943990726,7.032678129112582,10.949557496843425,3.9168793677308438,406.52866506815354,383.13,0.0,52.954239981410886,7.033414083350222,8.48151111350975,1.448097030159528,320.9945258489113,307.79,0.0,69.12703634661192,7.033806662886594,7.92405600822451,0.8902493453379163,257.6076909974926,250.51,0.0,985.1308819145574,941.4300000000001,0.0
226,9.416666666666666,24.794570357989116,7.035454260162351,11.151666998935358,4.116212738773007,427.2220145427858,427.3,0.07798545721419714,52.954695960680716,7.0457303112443475,8.40285051290195,1.3571202016576018,300.830605748427,324.5,23.66939425157301,69.12761372372857,7.0426821537082445,7.862209270172923,0.8195271164646787,237.1450792057807,250.48,13.3349207942193,965.1976994969936,1002.28,37.08230050300642
227,9.458333333333334,24.79464714166166,7.040216886971227,11.09598395875625,4.055767071785023,420.9496580333845,424.11,3.1603419666155332,52.95446454240815,7.062979339979319,8.00005771842296,0.9370783784436414,207.71971703924822,266.96,59.240282960751756,69.12798402205433,7.061728834987235,7.94758197050308,0.8858531355158448,256.3390924912999,209.27,0.0,885.0084675639325,900.3399999999999,15.331532436067391
228,9.5,24.794435113317036,7.046325316883713,11.556540092040231,4.510214775156518,468.11296069066026,414.69,0.0,52.953630260225545,7.051425464254943,7.751056675835742,0.6996312115807992,155.08298031061386,137.09,0.0,69.1271333170905,7.0550045554455165,7.90975229916063,0.8547477437151132,247.33508951831124,289.47,42.13491048168879,870.5310305195853,841.25,0.0
229,9.541666666666666,24.794669296685854,7.047254635331948,10.78901514532946,3.741760509997512,388.359140615646,519.51,131.15085938435396,52.95433202965322,7.04157911467388,7.8015810670722745,0.7600019523983947,168.4672265278282,161.88,0.0,69.12779833878832,7.038234118703252,7.812864768903493,0.7746306502002414,224.1540686119272,190.51,0.0,780.9804357554015,871.9,90.91956424459852
230,9.583333333333334,24.79550233486046,7.0516633530943205,9.217088594647224,2.165425241552904,224.7580885652809,251.69,26.931911434719098,52.95688504465409,7.128037172671239,7.858737408965965,0.7307002362947257,161.9798168275399,163.94,1.9601831724600913,69.13121988969957,7.112400623335804,7.889512404780355,0.7771117814445505,224.8831612598745,243.48,18.59683874012549,611.6210666526954,659.11,47.488933347304624
231,9.625,24.795659683203194,7.07613002807867,8.841088410026726,1.7649583819480563,183.19320475045083,193.41,10.216795249549165,52.95738026612092,7.192752595304992,7.7247644676609495,0.5320118723559579,117.93617575744464,148.82,30.88382424255535,69.13216511795272,7.186546434109458,7.958205093544999,0.7716586594355412,223.3081721329196,191.67,0.0,524.437552640815,533.9,9.462447359184921
232,9.666666666666666,24.795077245586974,7.109403204572138,8.821730364592808,1.7123271600206698,177.7261916713681,168.51,0.0,52.95622515474364,7.181493977828849,7.703631344627094,0.522137366798245,115.74467468765565,75.13,0.0,69.13098057838458,7.187293299666495,8.11326099871285,0.925967699046355,267.9586483094713,240.63,0.0,561.429514668495,484.27,0.0
233,9.708333333333334,24.794674084479816,7.130658852301179,8.828772471774991,1.698113619473812,176.24807133118634,182.78,6.531928668813663,52.955493733998075,7.135466670467022,7.775273999375934,0.6398073289089119,141.8271762054501,145.0,3.172823794549913,69.1300995004166,7.141114022693845,8.197441663843808,1.056327641149963,305.6786102493683,281.28,0.0,623.7538577860048,609.06,0.0
234,9.75,24.794446129647,7.135543349371234,8.796429595621884,1.6608862462506497,172.38263858871824,165.24,0.0,52.954962730516776,7.113581428379172,7.66222733866475,0.5486459102855781,121.61805033973766,127.15,5.531949660262342,69.12973210442938,7.117057028938525,8.291463103940718,1.1744060750021923,339.846175573353,316.39,0.0,633.8468645018089,608.78,0.0
235,9.791666666666666,24.794301500621494,7.130286947208016,8.848203837074065,1.717916889866049,178.30078345498004,175.25,0.0,52.954501099371946,7.093289519050387,7.5105839051551255,0.41729438610473846,92.50062069214104,104.38,11.879379307858954,69.12939363636215,7.095806305919991,8.329737714808262,1.233931408888271,357.0696933371002,349.93,0.0,627.8710974842213,629.56,1.6889025157786364
236,9.833333333333334,24.79439838296536,7.120027783067455,8.852741806643564,1.7327140235761096,179.83726506906677,177.05,0.0,52.95453055364391,7.089887924211623,7.33121454212896,0.24132661791733678,53.49430787136012,68.6,15.105692128639873,69.12943950248646,7.089338517886804,8.218980731165392,1.1296422132785873,326.89115731505524,350.88,23.988842684944757,560.2227302554821,596.53,36.30726974451784
237,9.875,24.79411461771588,7.110624816919443,8.76171885978593,1.6510940428664869,171.36401895332176,178.33,6.965981046678252,52.953891581328165,7.082458215498223,7.264583691863377,0.18212547636515453,40.37084192626524,26.0,0.0,69.12866476003462,7.08599960433482,8.209341849847839,1.1233422455130189,325.06445581057477,289.09,0.0,536.7993166901617,493.41999999999996,0.0
238,9.916666666666666,24.79392907360822,7.099674670879587,8.673923611319642,1.5742489404400555,163.3871841765606,159.85,0.0,52.95358621885923,7.057839786641978,7.284457644863575,0.22661785822159697,50.23295563897933,42.47,0.0,69.12838647986216,7.060250753663252,8.283101711290152,1.2228509576269007,353.8581251551427,347.62,0.0,567.4782649706826,549.94,0.0
239,9.958333333333334,24.79385851693059,7.086715622041547,8.712236959071145,1.625521337029598,168.70813215091565,162.49,0.0,52.95347633325755,7.050523923534271,7.331012863273749,0.2804889397394774,62.17409051333538,45.77,0.0,69.12815721581663,7.051866288965121,8.268616870661614,1.216750581696493,352.091682959541,346.73,0.0,582.973905623792,554.99,0.0
240,10.0,24.794376896778687,7.075258776903431,8.508670886390153,1.4334121094867216,148.77278454101128,170.59,21.817215458988727,52.95467012762674,7.0666642093769365,7.334564748384467,0.2679005390075302,59.38504342927788,66.54,7.154956570722128,69.12918402624634,7.059969592425294,7.9956552845378726,0.9356856921125782,270.76382664564875,344.07,73.30617335435124,478.9216546159379,581.2,102.27834538406216
241,10.041666666666666,24.794392808084414,7.074055469265774,9.000805603060822,1.9267501337950481,199.9761021781984,121.93,0.0,52.95444109472675,7.099458590395853,7.289885024785611,0.19042643438975748,42.211311736000496,40.01,0.0,69.12812869944128,7.10020301390003,7.580162961993489,0.4799599480934589,138.88617659913012,182.81,43.92382340086988,381.073590513329,344.75,0.0
242,10.083333333333334,24.793599451512698,7.075268760620218,10.141321852284786,3.0660530916645685,318.2134085660493,275.29,0.0,52.95205942650572,7.026077163238435,7.250113166988247,0.22403600374981192,49.65922034481566,32.05,0.0,69.12453822471174,7.040637906557612,7.311674125969764,0.27103621941215206,78.42577118882747,79.29,0.8642288111725378,446.2984000996924,386.63000000000005,0.0
243,10.125,24.792928584518823,7.0574055477376705,10.767397364798086,3.7099918170604154,385.0348192416446,358.7,0.0,52.95030289258423,6.936511171695583,7.244621853583946,0.30811068188836277,68.29272275277779,55.05,0.0,69.12219119292807,6.949472044247163,7.2826650111697075,0.3331929669225442,96.40788305629542,61.57,0.0,549.7354250507178,475.32,0.0
244,10.166666666666666,24.792959510549345,7.020827076968191,10.982880393146237,3.9620533161780465,411.1950808916353,408.73,0.0,52.950213838678835,6.893044116872223,7.240939417080901,0.34789530020867865,77.1108524384345,69.46,0.0,69.12207815643421,6.895500170758437,7.279884325998411,0.3843841552399745,111.21964076380004,115.68,4.460359236199963,599.5255740938699,593.87,0.0
245,10.208333333333334,24.793372971698577,6.983308553096764,10.893752430577967,3.910443877481203,405.8456495554539,410.63,4.784350444546078,52.95104654367204,6.913831054587904,7.2134537368002825,0.2996226822123784,66.41229059946438,72.78,6.367709400535617,69.12314190040622,6.9090281654371735,7.248004791624187,0.33897662618701396,98.08270780589302,91.1,0.0,570.3406479608113,574.51,4.169352039188652
246,10.25,24.793661753530778,6.96031294786018,10.897599726523751,3.9372867786635712,408.63630119806453,397.93,0.0,52.95159988089831,6.945555387108101,7.1723891512238644,0.22683376411576361,50.27892806109403,47.87,0.0,69.12393757587087,6.941179059000546,7.25904931851061,0.3178702595100642,91.97665048185972,89.41,0.0,550.8918797410182,535.21,0.0
247,10.291666666666666,24.793438523865646,6.951908991861084,11.205506561651545,4.25359756979046,441.4610430399031,416.53,0.0,52.95106969040452,6.947513962957943,7.228037905704833,0.28052394274688996,62.17902333752295,40.44,0.0,69.12339957773952,6.950196582047184,7.377015877773024,0.4268192957258403,123.50039823881261,78.8,0.0,627.1404646162387,535.77,0.0
248,10.333333333333334,24.792959325794683,6.9459861966951575,11.868340176520745,4.922353979825587,510.8582763295876,463.89,0.0,52.95011951813946,6.906657254207,7.518638095430977,0.6119808412239767,135.6450640580099,71.91,0.0,69.1220110937487,6.9141892153704125,7.4887245240573685,0.574535308686956,166.2387686156711,153.01,0.0,812.7421090032686,688.81,0.0
249,10.375,24.794113230901086,6.934011311883973,10.187134447991555,3.2531231361075825,337.63565799353483,555.8,218.16434200646512,52.953355312554486,6.932183961370985,7.806794727463054,0.8746107660920694,193.86862351444827,188.4,0.0,69.1259990011113,6.915004492909576,7.545359352831183,0.6303548599216073,182.40038482076204,164.41,0.0,713.9046663287452,908.6099999999999,194.70533367125472
250,10.416666666666666,24.79538349466978,6.9447686293660675,8.061425964074719,1.116657334708651,115.9017454983474,112.06,0.0,52.957405277216175,7.123085437859419,8.002567395916689,0.8794819580572701,194.96329528990594,188.54,0.0,69.13156424647653,7.096919489042147,7.808566379875415,0.7116468908332676,205.93974189010805,185.65,0.0,516.8047826783613,486.25,0.0
251,10.458333333333334,24.795191775879815,6.994762926871201,8.22263747741063,1.22787455053943,127.44438143145621,114.9,0.0,52.95727532685521,7.181849713249598,8.186251737527224,1.004402024277626,222.65499153824868,190.6,0.0,69.13145409053872,7.179203638704165,7.961778275503514,0.7825746367993487,226.46478750445118,211.78,0.0,576.5641604741561,517.28,0.0
252,10.5,24.794820553653423,7.049147360491384,8.471560778983404,1.4224134184920203,147.63388015489252,135.45,0.0,52.95662396621201,7.161236213956985,8.361022967257552,1.1997867533005673,265.96444174047963,244.29,0.0,69.1303362862497,7.165805837089864,7.939684726411033,0.7738788893211694,223.94475391703736,226.72,2.7752460829626386,637.5430758124095,606.46,0.0
253,10.541666666666666,24.794306613647507,7.085960397486639,8.733254488084194,1.6472940905975548,170.97095280681495,155.45,0.0,52.95536421617537,7.120018258495826,8.287967177413165,1.1679489189173395,258.90058538063494,277.49,18.589414619365073,69.12893608822195,7.12795458686151,8.020150753452572,0.892196166591062,258.17812946450863,206.55,0.0,688.0496676519585,639.49,0.0
254,10.583333333333334,24.7942966290202,7.099916910165052,8.841824239372082,1.74190732920703,180.79069034832972,182.38,1.589309651670277,52.95500596826148,7.085592151166662,8.004161310266996,0.9185691591003335,203.61890857592633,229.71,26.09109142407368,69.12882330652789,7.087454600986365,8.016917639358,0.9294630383716358,268.96174422198015,295.87,26.90825577801985,653.3713431462362,707.96,54.58865685376384
255,10.625,24.79431374946119,7.100884007451798,8.806478071480111,1.705594064028313,177.02189780055534,174.85,0.0,52.954875552488765,7.089767241441817,7.838661653584107,0.74889441214229,166.00675712162936,166.4,0.39324287837064276,69.1285381933401,7.090274460021594,7.851488547613379,0.7612140875917852,220.27408929528497,227.68,7.4059107047150405,563.3027442174697,568.9300000000001,5.627255782530369
256,10.666666666666666,24.793854779112234,7.097478008976798,8.756313168410879,1.6588351594340809,172.16565093843826,174.87,2.704349061561743,52.95377160659761,7.064311507620757,7.6919781131039775,0.6276666054832205,139.13139670475098,154.37,15.238603295249021,69.12758241861222,7.070150776741554,8.009464718989962,0.9393139422484085,271.8074532034231,198.2,0.0,583.1045008466124,527.44,0.0
257,10.708333333333334,24.793934347380862,7.08668675698195,8.708243230080706,1.6215564730987557,168.2971451789561,165.0,0.0,52.95377093489497,7.044003973594861,7.469887280025042,0.42588330643018146,94.40320384678616,112.24,17.83679615321384,69.12809238751628,7.043547314609589,8.12687491897417,1.0833276043645812,313.48271983585164,331.77,18.287280164148342,576.1830688615939,609.01,32.82693113840605
258,10.75,24.794053723943172,7.075545540687401,8.688992788527633,1.6134472478402326,167.45631595512393,167.2,0.0,52.95391747558251,7.060133725750872,7.359148729777824,0.2990150040269519,66.2811903363967,64.53,0.0,69.12823826002017,7.058784113176117,8.032985818649893,0.9742017054737762,281.90553209256825,281.3,0.0,515.6430383840889,513.03,0.0
259,10.791666666666666,24.793730548365396,7.068856810641944,8.481939394296214,1.41308258365427,146.65897480768632,163.26,16.60102519231367,52.953272331821694,7.048960576027021,7.3007588479214816,0.2517982718944607,55.8142087555994,55.91,0.09579124440059417,69.127835449455,7.052165016419877,8.22275727957811,1.170592263158233,338.7332521223872,268.47,0.0,541.2064356856729,487.64,0.0
260,10.833333333333334,24.793883617621606,7.061468636794565,8.364608234076325,1.3031395972817599,135.24920587140136,125.11,0.0,52.95366851357268,7.044568153138695,7.257932268780708,0.21336411564201274,47.29515536294109,43.46,0.0,69.12856887594099,7.0423067948535145,8.303141220521773,1.2608344256682589,364.8504181189525,395.95,31.09958188104747,547.394779353295,564.52,17.125220646704975
261,10.875,24.793392903547925,7.056289620472691,9.559883331577472,2.5035937111047817,259.83583055544074,140.82,0.0,52.95209506567155,7.029829595597338,7.272066541513116,0.24223694591577782,53.693628558871154,38.87,0.0,69.12619515846637,7.039334233693988,8.152894854147823,1.1135606204538346,322.2224099123698,320.24,0.0,635.7518690266817,499.93,0.0
262,10.916666666666666,24.793415755529267,7.042226803576121,10.280742637231173,3.238515833655052,336.11013770470606,377.32,41.20986229529393,52.95158125346539,6.956960792220306,7.22805073032593,0.2710899381056242,60.08852674292247,56.32,0.0,69.12484445766802,6.9615578289806,7.775738537047498,0.8141807080668979,235.58856057606715,310.48,74.89143942393287,631.7872250236957,744.12,112.33277497630434
263,10.958333333333334,24.793775777844345,7.021101386138906,9.983655883077917,2.9625544969390107,307.47388932537666,290.99,0.0,52.95243160798266,6.9862475397790895,7.299105081506491,0.31285754172740177,69.34765189558058,51.69,0.0,69.12516249959337,6.982812742368176,7.410989143575678,0.42817640120750244,123.89623722386328,145.65,21.753762776136725,500.7177784448205,488.33000000000004,0.0
264,11.0,24.793814833399132,7.007985802379731,9.831272382580245,2.823286580200514,293.0201870769957,321.05,28.02981292300433,52.95256921047834,6.98885212888276,7.34226211789005,0.3534099890072895,78.33666545421195,75.06,0.0,69.12513434242244,6.9876836987833375,7.332226515072224,0.34454281628888683,99.69615558480308,86.51,0.0,471.05300811601074,482.62,11.56699188398926
265,11.041666666666666,24.793907816076153,7.001479767037633,9.749326046091918,2.7478462790542846,285.1915409469045,261.16,0.0,52.95284346566364,7.0050682577784595,7.353146294957561,0.3480780371791017,77.15518752420564,69.62,0.0,69.12552012189825,7.003281940086729,7.3530552799880216,0.3497733399012928,101.21021329425525,97.27,0.0,463.5569417653654,428.05,0.0
266,11.083333333333334,24.79402518412551,7.000771782090983,9.550245701124378,2.549473919033395,264.60426224233066,306.28,41.67573775766931,52.95317774515579,7.011088264662317,7.372429914616215,0.36134164995389817,80.09571354965955,72.72,0.0,69.12600285359106,7.0087812819159625,7.389370824062228,0.3805895421462653,110.12794098821823,89.49,0.0,454.8279167802084,468.49,13.662083219791612
267,11.125,24.79402987495529,7.00468594482743,9.823131894579095,2.8184459497516654,292.52033006906873,218.61,0.0,52.953117013546695,7.028617449704453,7.3432728528125635,0.3146554031081106,69.74706661354342,75.54,5.792933386456582,69.12599333182905,7.028513214866321,7.406595164966226,0.3780819500999044,109.40232545320097,115.31,5.907674546799029,471.6697221358131,409.46000000000004,0.0
268,11.166666666666666,24.79394782428295,7.009253797087634,10.19870235918253,3.1894485620948956,331.0247828973081,364.39,33.36521710269187,52.95258680245659,7.003952063644029,7.240240429413645,0.23628836576961643,52.37556771228658,51.78,0.0,69.1252835422978,7.006576658237059,7.33267554974339,0.326098891506331,94.35946552372249,87.83,0.0,477.75981613331714,503.99999999999994,26.2401838666828
269,11.208333333333334,24.79378842602491,7.009271727777404,9.955592948708835,2.9463212209314316,305.7892464350852,293.93,0.0,52.95231229354046,7.001860959915531,7.222414262440281,0.22055330252474992,48.88748757824423,40.7,0.0,69.12526576958894,7.003754204182477,7.498347810584545,0.4945936064020682,143.11479605715942,85.16,0.0,497.7915300704889,419.78999999999996,0.0
270,11.25,24.79396228856086,7.006301472261727,10.056548838976958,3.0502473667152312,316.5776283061663,314.67,0.0,52.952668691275925,6.993799225831273,7.244618090201766,0.25081886437049317,55.59647715626628,44.83,0.0,69.125741181566,6.991885289607999,7.5155771476732385,0.5236918580652397,151.5356606961937,186.16,34.624339303806295,523.7097661586263,545.66,21.950233841373688
271,11.291666666666666,24.793248794595094,7.003438605890941,10.040415007167766,3.036976401276825,315.19119713971327,315.39,0.1988028602867189,52.95179155839376,6.981734910981728,7.9048867433166885,0.9231518323349608,204.62232668307476,54.24,0.0,69.12389936243261,6.990310508532417,7.585485242323367,0.5951747337909499,172.2153821092158,101.43,0.0,692.0289059320039,471.06,0.0
272,11.333333333333334,24.792375903115012,6.991828527163808,9.274316153656939,2.282487626493131,236.878587089728,311.86,74.98141291027201,52.95128716974354,6.907947710790941,8.835183830314213,1.927236119523272,427.17976461194866,345.42,0.0,69.12355695307485,6.916343242675898,8.352430042916035,1.4360868002401368,415.53345246086076,228.41,0.0,1079.5918041625373,885.6899999999999,0.0
273,11.375,24.79265678322343,6.969175010816503,8.425909424501533,1.4567344136850302,151.18290021097405,156.7,5.517099789025934,52.95283418388156,6.9240242171759,9.123865712473728,2.1998414952978287,487.618106324539,500.79,13.171893675461035,69.12724434664352,6.916236165234747,9.372306206988567,2.4560700417538195,710.7047474621834,591.12,0.0,1349.5057539976965,1248.6100000000001,0.0
274,11.416666666666666,24.79395922968359,6.9588863871271815,8.13413561155211,1.1752492244249293,121.9761945524861,140.94,18.96380544751389,52.955874903636925,7.020976752459454,9.108554994733188,2.087578242273734,462.76034199599724,466.07,3.309658004002756,69.1315585711115,7.000969936348615,9.525101684426167,2.5241317480775516,730.4451192254184,821.04,90.59488077458161,1315.1816557739016,1428.05,112.86834422609832
275,11.458333333333334,24.79399752361983,6.979270232771467,8.050856211395905,1.0715859786244382,111.21741582010716,97.8,0.0,52.956160710210746,7.108476445514923,9.206319463239625,2.097843017724702,465.0382783960958,451.01,0.0,69.13174897207504,7.104461256430218,9.500871167105728,2.3964099106755103,693.4862830745449,629.33,0.0,1269.7419772907479,1178.1399999999999,0.0
276,11.5,24.793358827833742,7.01146122422333,8.19093641269651,1.1794751884731802,122.41183249856924,119.94,0.0,52.95465566559748,7.066940569548694,9.073938549509966,2.0069979799612723,444.8876067743697,470.68,25.792393225630292,69.13080050757529,7.074103960734366,9.933507698734296,2.85940373799993,827.4586312342585,747.82,0.0,1394.7580705071973,1338.44,0.0
277,11.541666666666666,24.79424604529302,7.031101635047447,8.176756365454782,1.145654730407335,118.90603109466645,120.09,1.1839689053335576,52.95655604059381,7.080769314782158,9.056126706421741,1.9753573916395837,437.88960878261594,410.13,0.0,69.13246583525383,7.0707450981538225,9.502306308223696,2.431561210069874,703.665856070292,898.48,194.81414392970805,1260.4614959475743,1428.7,168.2385040524257
278,11.583333333333334,24.793924199082973,7.052892498241284,8.18706131756925,1.134168819327967,117.71239514830506,112.82,0.0,52.95589055351334,7.121864566243984,9.125698971371854,2.0038344051278703,444.19670117409277,457.22,13.023298825907261,69.13085658217783,7.125397324271076,9.182205150231162,2.056807825960086,595.2026802852306,497.26,0.0,1157.1117766076284,1067.3,0.0
279,11.625,24.79287555755035,7.068507389227559,8.217495716211904,1.1489883269843446,119.24542920909145,117.81,0.0,52.95351644213272,7.036273412324338,8.974453158148409,1.9381797458240708,429.62355069833865,422.31,0.0,69.12907423936417,7.049546938422283,9.744560168405602,2.695013229983319,779.8675797615368,682.63,0.0,1328.736559668967,1222.75,0.0
280,11.666666666666666,24.79324621857709,7.061391224906598,8.124288690633271,1.0628974657266737,110.31231250600462,115.82,5.507687493995377,52.95441746857571,7.012331972063535,9.004008905029748,1.9916769329662127,441.4894321526748,428.1,0.0,69.13030166458704,7.0089908416472655,9.782452130223248,2.773461288575983,802.5826822266299,868.21,65.62731777337012,1354.3844268853093,1412.13,57.74557311469084
281,11.708333333333334,24.79456858915994,7.053488948999623,8.141400489772172,1.0879115407725495,112.9144085673866,99.72,0.0,52.956852186094686,7.095860075112738,8.645242309095398,1.5493822339826595,343.46299928485274,446.31,102.84700071514726,69.13270258682873,7.079484289739436,9.162614834651935,2.083130544912499,602.8360923043382,727.18,124.34390769566176,1059.2135001565775,1273.21,213.9964998434225
282,11.75,24.794832475026656,7.067881454635824,8.23601553049576,1.1681340758599355,121.24200097906171,121.4,0.15799902093829132,52.95679924077898,7.162180141011657,8.177116673779077,1.01493653276742,224.98824981025498,230.16,5.171750189745012,69.13196576265631,7.1583276510768945,8.530833328220163,1.3725056771432689,397.18448880480497,466.55,69.36551119519504,743.4147395941217,818.11,74.69526040587834
283,11.791666666666666,24.794506464192455,7.092206435045234,8.290194696844452,1.1979882617992184,124.33896695725419,116.23,0.0,52.955718971058225,7.141640155843407,7.868631966365017,0.7269918105216098,161.15419361524994,209.08,47.925806384750075,69.130306416007,7.146352988060092,8.211579639078527,1.0652266510184356,308.25471588006235,314.34,6.085284119937626,593.7478764525665,639.65,45.90212354743346
284,11.833333333333334,24.79394000915488,7.10671550802217,8.290765957547421,1.1840504495252517,122.88955655464945,127.77,4.880443445350551,52.95412355123135,7.096782955153753,7.512655182398687,0.4158722272449342,92.18471698258406,101.49,9.305283017415931,69.12877339470391,7.105255585365988,8.268204967859832,1.162949382493844,336.52620449344965,288.29,0.0,551.6004780306832,517.55,0.0
285,11.875,24.793461180865513,7.103976262974892,9.343618294046747,2.239642031071855,232.4422078883525,113.07,0.0,52.95247303250571,7.036527437859478,7.3510326174789835,0.3145051796195055,69.71291999942457,70.84,1.1270800005754325,69.1265952720321,7.047075350442621,8.154346604453387,1.107271254010766,320.40435921024925,371.51,51.10564078975074,622.5594870980264,555.42,0.0
286,11.916666666666666,24.79304678147007,7.08196112867467,10.17701601290904,3.0950548842343695,321.2162284838641,350.08,28.8637715161359,52.950827660242695,6.9575914046862835,7.182505194892113,0.22491379020582958,49.85262844431321,56.4,6.547371555686787,69.12425426672169,6.968475945896626,7.952305320784881,0.9838293748882556,284.6750912262438,255.17,0.0,655.7439481544211,661.65,5.906051845578872
287,11.958333333333334,24.79356239674533,7.0462866918329015,9.233198812280053,2.1869121204471513,226.97053809131828,288.61,61.63946190868174,52.95226617295835,6.959584589692602,7.177813979982528,0.21822939028992572,48.37233082719762,30.9,0.0,69.12605443518922,6.952626584523986,7.9044099489996285,0.9517833644756424,275.4096179843678,300.3,24.890382015632213,550.7524869028837,619.81,69.05751309711627
288,12.0,24.794094996914293,7.022754667078071,9.297678747369527,2.2749240802914565,236.11000620895464,160.27,0.0,52.95353555044872,7.027260499648813,7.264102155513922,0.23684165586510897,52.499150340845276,53.75,1.2508496591547242,69.12704894362173,7.019323367097507,7.615910369992637,0.5965870028951299,172.63189139741738,236.26,63.628108602582614,461.24104794721734,450.28,0.0
289,12.041666666666666,24.793806028982893,7.018063359544058,10.041885050835017,3.0238216912909586,313.8329949376945,309.49,0.0,52.952402593739706,7.014834763707953,7.214088997775523,0.1992542340675696,44.16644590169145,39.0,0.0,69.12519527076242,7.020364152514467,7.395272342975168,0.374908190460701,108.48270944541856,93.54,0.0,466.4821502848045,442.03000000000003,0.0
290,12.083333333333334,24.793663854460448,7.013332665831434,10.03869593028786,3.025363264456426,313.99118947214424,315.12,1.1288105278557623,52.95205304408327,6.984361462098932,7.226066857249993,0.24170539515106082,53.57576384466522,37.0,0.0,69.12467345249492,6.987448394159799,7.369131285824968,0.3816828916651689,110.44219017130432,107.87,0.0,478.0091434881138,459.99,0.0
291,12.125,24.79346955200846,7.004552020658022,9.973903188422112,2.9693511677640894,308.1754873734143,309.7,1.5245126265857039,52.95164981965817,6.971592696008241,7.228269919637967,0.2566772236297261,56.89394558728553,58.03,1.136054412714472,69.1245167309791,6.974305279317143,7.562993022228907,0.5886877429117643,170.33987550347243,97.4,0.0,535.4093084641722,465.13,0.0
292,12.166666666666666,24.793839698192475,6.994066052609767,9.92737987461632,2.9333138220065536,304.4398797091332,303.45,0.0,52.95253696247552,6.9758062799290315,7.296038069670927,0.3202317897418956,70.982360668483,43.5,0.0,69.12558387905786,6.971090035053025,7.5553086419500275,0.5842186068970028,169.04931738960667,228.72,59.67068261039333,544.4715577672229,575.67,31.198442232777097
293,12.208333333333334,24.79407990115818,6.99044733608339,9.937789403269319,2.9473420671859287,305.89879289544314,302.24,0.0,52.95303823146251,7.0135555078006995,7.306548491152669,0.29299298335196955,64.94524016466,86.65,21.70475983534,69.12602237041587,7.010045527600616,7.451267109654977,0.4412215820543608,127.6725518945605,93.89,0.0,498.51658495466364,482.78,0.0
294,12.25,24.794431378537613,6.995856120862606,8.97598307910725,1.980126958244644,205.51636663753695,306.44,100.92363336246305,52.9541497362782,7.0388969044226775,7.226525987671361,0.18762908324868377,41.59100165080267,30.9,0.0,69.12786211045987,7.030977149316305,7.599105950470407,0.5681288011541019,164.3989941820986,146.26,0.0,411.5063624704382,483.59999999999997,72.09363752956176
295,12.291666666666666,24.793580443312983,7.01090668527842,9.167449775749422,2.1565430904710015,223.81882534656407,98.66,0.0,52.95289512703911,7.056682776984676,7.671512277911339,0.6148295009266631,136.2836107218633,40.07,0.0,69.12627686344409,7.065246443760145,7.915152308801874,0.8499058650417286,245.93096657201946,167.59,0.0,606.0334026404469,306.32,0.0
296,12.333333333333334,24.792751580919948,7.016021201123929,9.179568628522736,2.1635474273988065,224.53827026974105,347.3,122.76172973025896,52.95182354958434,6.944420366329393,8.451697899589437,1.5072775332600443,334.097611406302,221.78,0.0,69.12468817590586,6.955609881540343,8.322576783888964,1.3669669023486213,395.5399994086532,310.41,0.0,954.1758810846962,879.49,0.0
297,12.375,24.79341706392276,7.002318973120672,8.152712339627957,1.1503933665072852,119.39385604289076,95.59,0.0,52.954347088601736,6.988958854139227,8.846777822377621,1.8578189682383943,411.816965715306,437.7,25.883034284693963,69.12833018620722,6.9772495795846,8.74574924319906,1.7684996636144605,511.75285245672717,468.2,0.0,1042.963674214924,1001.49,0.0
298,12.416666666666666,24.794173830720393,7.001146146426473,8.206235371418689,1.205089224992216,125.07429656497372,138.72,13.645703435026277,52.95596773282813,7.0613725336962165,8.813037515136438,1.7516649814402214,388.2980241913658,376.77,0.0,69.1303751043518,7.049494264547587,8.684385184296803,1.6348909197492159,473.10432593972297,543.72,70.61567406027706,986.4766466960625,1059.21,72.73335330393752
299,12.458333333333334,24.794220119921505,7.0195833999260815,8.166731224504234,1.1471478245781528,119.06087292583773,106.35,0.0,52.95613769837378,7.110114290366789,8.836080972359845,1.7259666819930564,382.6026155427623,390.79,8.187384457237727,69.13026231461048,7.107739160242589,8.532750554615864,1.4250113943732758,412.3687685152796,389.73,0.0,914.0322569838796,886.87,0.0
300,12.5,24.793606046080967,7.043201968832113,8.248792022220176,1.2055900533880628,125.12341136674999,127.13,2.0065886332500042,52.95453739928453,7.0760981079128,8.566137155033562,1.4900390471207627,330.29351887977293,365.08,34.78648112022705,69.12918265432404,7.083536348775911,8.872718793206323,1.7891824444304119,517.7442379323065,422.32,0.0,973.1611681788295,914.53,0.0
301,12.541666666666666,24.79395521860669,7.0541971049457635,8.236867568874034,1.1826704639282708,122.74640668893257,118.26,0.0,52.95511758721907,7.062078409696232,8.368584729362208,1.306506319665976,289.61341556168867,285.41,0.0,69.13008359318316,7.058661849538643,8.813317543989541,1.7546556944508982,507.75968537782575,601.91,94.15031462217422,920.119507628447,1005.5799999999999,85.46049237155296
302,12.583333333333334,24.79428714602495,7.0620934467259575,8.274601762639058,1.2125083159131007,125.84488736618502,122.46,0.0,52.95579215253063,7.100746619140761,8.389138017226665,1.2883913980859045,285.6015167509771,283.78,0.0,69.12998053236588,7.096964196679075,8.328733288665,1.2317690919859245,356.4469976404082,400.95,44.50300235959179,767.8934017575704,807.1899999999999,39.29659824242958
303,12.625,24.79389851427123,7.073008829158728,8.28134320058666,1.2083343714279318,125.40971258438654,124.47,0.0,52.95489939806618,7.087884654639861,8.355392690080807,1.2675080354409456,280.967503465624,277.31,0.0,69.1286376955268,7.092685763155286,8.220575604482436,1.1278898413271499,326.380277611771,298.27,0.0,732.7574936617816,700.05,0.0
304,12.666666666666666,24.79363654224337,7.076444338184881,8.329543902994883,1.253099564810002,130.05439514454264,121.54,0.0,52.95433754783059,7.053465734375534,8.370169269817511,1.3167035354419774,291.8695342695818,274.44,0.0,69.12787502602572,7.0576798433267,8.215501002131058,1.1578211588043574,335.03788071777035,341.02,5.9821192822296325,756.9618101318947,737.0,0.0
305,12.708333333333334,24.794003522935927,7.0714342548883895,8.26985423853067,1.19841998364228,124.38125223466135,133.93,9.54874776533866,52.95495980323802,7.057059567521556,8.197556425035737,1.1404968575141812,252.81332451717216,299.35,46.53667548282786,69.12859662252937,7.0532105091339465,8.055555072877848,1.0023445637439012,290.0507572777831,315.42,25.36924272221694,667.2453340296165,748.7,81.45466597038353
306,12.75,24.794091585194003,7.069368155435511,8.263726909677448,1.1943587542419376,123.96018685592628,109.81,0.0,52.95489639723343,7.08215573485586,7.953295085253607,0.8711393503977467,193.1047596843667,195.44,2.3352403156332855,69.1285187788719,7.080903656625637,7.900948573199719,0.8200449165740826,237.2980208768129,250.54,13.241979123187093,554.3629674171059,555.79,1.4270325828940713
307,12.791666666666666,24.793950479182442,7.07103028844103,8.334307485416023,1.2632771969749932,131.1123526540833,133.52,2.4076473459167005,52.95436239976823,7.0691259116504925,7.77856464352368,0.7094387318731874,157.25912771387542,179.76,22.500872286124576,69.1279038129978,7.071304647236395,7.832404130584892,0.761099483348497,220.2389049172778,209.51,0.0,508.61038528523653,522.79,14.179614714763431
308,12.833333333333334,24.793833217234702,7.070182109513185,8.314115747381113,1.2439336378679275,129.1041228684343,123.88,0.0,52.95383739617023,7.0579563792282665,7.4945540434515046,0.4365976642232381,96.77831791500178,123.23,26.451682084998225,69.1277118278171,7.05992453386765,7.904474958252456,0.8445504243848054,244.38637537886748,216.42,0.0,470.26881616230355,463.53,0.0
309,12.875,24.793764378409698,7.066073984353607,8.954643105046541,1.8885691206929343,196.00835239229298,129.62,0.0,52.95321079350581,7.041079233599564,7.316221242962829,0.2751420093632655,60.988566704359876,58.21,0.0,69.12678863623893,7.0444004497857815,7.735956769709205,0.6915563199234231,200.1120127952835,258.15,58.03798720471647,457.1089318919363,445.98,0.0
310,12.916666666666666,24.793350644901352,7.056597884589996,9.822763898389574,2.7661660137995785,287.08644513808633,259.41,0.0,52.95173167779129,6.994786311138703,7.2709784479139525,0.2761921367752498,61.21963012891065,51.58,0.0,69.12438100540919,7.0043346357940015,7.464867418716935,0.4605327829229333,133.25730630970278,126.84,0.0,481.5633815766997,437.83000000000004,0.0
311,12.958333333333334,24.793272467059662,7.035906708243826,10.070401697046892,3.0344949888030657,314.93396558594804,311.9,0.0,52.95126309455891,6.948786748315932,7.195099319029824,0.2463125707138918,54.596163424252246,58.7,4.103836575747756,69.12363200987676,6.952804027290612,7.344820673330348,0.3920166460397363,113.43061380555038,124.26,10.829386194449626,482.9607428157507,494.85999999999996,11.89925718424928
312,13.0,24.793390109851735,7.0104134134142,10.07893239192304,3.0685189785088394,318.4666441600332,314.85,0.0,52.95138770758309,6.9482559084105215,7.139887154036227,0.19163124562570566,42.47592964748188,38.19,0.0,69.12375394202108,6.947903454240848,7.287669617728021,0.33976616348717315,98.31203048983186,86.91,0.0,459.2546042973469,439.95000000000005,0.0
313,13.041666666666666,24.793579754626236,6.990073764866118,10.027881418440657,3.0378076535745393,315.28167685134656,319.0,3.7183231486534396,52.95176376276704,6.956786270947168,7.134468703112491,0.17768243216532298,39.38439195139129,34.44,0.0,69.12425394635997,6.9543517823722,7.288098897244905,0.3337471148727049,96.57110506925592,94.07,0.0,451.2371738719938,447.51,0.0
314,13.083333333333334,24.79381506657751,6.978804010381409,9.950744295901657,2.9719402855202484,308.4484985484291,308.36,0.0,52.952308932722744,6.979160524146986,7.1621933374973725,0.1830328133503869,40.57075418380831,32.0,0.0,69.12489758914543,6.975624794701999,7.269699410084138,0.2940746153821392,85.09249593439635,83.36,0.0,434.1117486666338,423.72,0.0
315,13.125,24.79429391049421,6.977988959623307,9.09002948956371,2.112040529940403,219.2063935798138,305.37,86.1636064201862,52.95379013001995,7.017591365928331,7.228984918466012,0.21139355253768155,46.85845996944001,36.86,0.0,69.12682949450259,7.008358464476306,7.309465415782301,0.30110695130599563,87.12978534230848,71.01,0.0,353.1946388915623,413.24,60.0453611084377
316,13.166666666666666,24.794634098294715,6.992419265051948,8.484068814330344,1.4916495492783959,154.8188113975436,127.5,0.0,52.95511682905003,7.088758905234861,7.386326861371483,0.29756795613662224,65.9619242612,44.69,0.0,69.12844884522258,7.0801893597898005,7.350266065707971,0.27007670591817057,78.15255197478109,87.59,9.437448025218913,298.9332876335247,259.78,0.0
317,13.208333333333334,24.794495423999543,7.019465193551674,8.457306983234188,1.4378417896825146,149.23325117037132,178.08,28.846748829628694,52.9549768098923,7.098854210127216,7.493576717985257,0.39472250785804075,87.49795395235383,75.32,0.0,69.1281994390833,7.09883394128465,7.38708859797732,0.28825465669267025,83.41243531224134,52.79,0.0,320.1436404349665,306.19,0.0
318,13.25,24.794529712325215,7.044807367829546,8.086031924198648,1.0412245563691025,108.06859401560332,115.27,7.201405984396672,52.95530535726798,7.1066643415213155,7.494524796690336,0.38786045516902057,85.97737936208183,87.84,1.8626206379181696,69.12879877763864,7.104657909761252,7.474984437465759,0.37032652770450714,107.16255447374738,98.4,0.0,301.20852785143256,301.51,0.3014721485674272
319,13.291666666666666,24.79403600615595,7.065584340043376,8.28323783570685,1.2176534956634733,126.37761975630458,95.76,0.0,52.95434919628823,7.0942887687652725,7.618791254310279,0.5245024855450069,116.26484302142573,72.15,0.0,69.1275582462204,7.100380749972981,7.561550443780953,0.4611696938079719,133.44773296624786,100.36,0.0,376.09019574397814,268.27000000000004,0.0
320,13.333333333333334,24.792497588577962,7.071764103715664,8.507807176511244,1.43604307279558,149.03455323951843,152.74,3.7054467604815784,52.95153656545643,6.995551084646561,8.177653797994292,1.1821027133477315,262.0191330391228,149.05,0.0,69.12427191024862,7.01589034487947,8.126608066640387,1.110717721760917,321.3908402676372,151.34,0.0,732.4445265462784,453.13,0.0
321,13.375,24.79248428657546,7.047862620080972,8.29654120628022,1.248678586199249,129.58953593559562,140.64,11.050464064404366,52.952208522360955,6.921317606252936,8.684120817606022,1.762803211353086,390.7393370468754,365.53,0.0,69.1254854047099,6.922369526258431,8.61854433937048,1.6961748131120489,490.80392590595005,478.86,0.0,1011.1327988884211,985.03,0.0
322,13.416666666666666,24.79321085611245,7.016741886419127,8.305387738046841,1.288645851627714,133.7413115802385,113.51,0.0,52.95413057441851,6.980128859732499,9.0056729471119,2.0255440873794015,448.9942366015642,407.01,0.0,69.12735395252372,6.970613221062559,8.497210144370353,1.5265969233077943,441.7469301313481,490.67,48.92306986865191,1024.4824783131508,1011.19,0.0
323,13.458333333333334,24.79327987135151,7.0036173206601555,8.345291247011168,1.341673926351013,139.24518507875638,149.56,10.314814921243624,52.954828359814655,7.0103935445176315,9.590886041573025,2.5804924970553937,572.0149629927881,482.75,0.0,69.12694191253924,7.008256035583539,8.210498883637648,1.2022428480541087,347.88745719193804,379.92,32.032542808061976,1059.1476052634825,1012.23,0.0
324,13.5,24.7939698184896,7.003172516461568,8.1588840813999,1.1557115649383327,119.94848068459426,124.03,4.0815193154057425,52.956115330062794,7.044569978983479,9.30767141667103,2.26310143768755,501.6714242484844,654.56,152.88857575151553,69.12885154981718,7.03498011307301,8.139526107850717,1.1045459947777072,319.62619968687864,302.18,0.0,941.2461046199574,1080.77,139.52389538004263
325,13.541666666666666,24.794157549784142,7.017085818423604,8.238169134461893,1.221083316038289,126.73421465124831,110.91,0.0,52.955856111456484,7.093645832244721,8.712353960509658,1.6187081282649372,358.8242328065651,339.28,0.0,69.12911340004021,7.090632509964704,8.054320929689002,0.9636884197242983,278.8668244428996,323.54,44.67317555710042,764.4252719007129,773.73,9.304728099287104
326,13.583333333333334,24.79395592328199,7.03741046277091,8.361699390661187,1.3242889278902767,137.4446364344587,138.04,0.5953635655413052,52.95528505405444,7.079022899477894,8.668752963806154,1.5897300643282604,352.39677208309695,369.07,16.673227916903045,69.12802078510151,7.082025144519272,7.850559450028116,0.7685343055088438,222.39069129393755,219.81,0.0,712.2320998114932,726.9200000000001,14.687900188506887
327,13.625,24.793825696199022,7.0507767187261585,8.300509927983711,1.2497332092575526,129.70600355675018,132.13,2.4239964432498198,52.9547749150996,7.062938614766089,8.423556250456752,1.3606176356906632,301.60632589374984,326.02,24.41367410625014,69.12770095546841,7.065173883259342,7.868997772170941,0.803823888911599,232.60135817308964,210.38,0.0,663.9136876235896,668.53,4.616312376410406
328,13.666666666666666,24.793658570631514,7.0560452613845905,8.373561186178973,1.3175159247943826,136.74004344302125,122.45,0.0,52.95410226195786,7.048462863546759,8.13462159873158,1.0861587351848216,240.76432323962283,266.96,26.195676760377154,69.12742652730714,7.051192005590968,7.991962416243356,0.9407704106523882,272.2282947298575,240.47,0.0,649.7326614125016,629.88,0.0
329,13.708333333333334,24.793648386818436,7.054449120867001,8.369601500132175,1.3151523792651743,136.49468384033912,146.56,10.065316159660881,52.95391863703703,7.035145340977894,7.989979528289453,0.9548341873115591,211.65341887424762,203.76,0.0,69.12741936009736,7.035846772712893,8.01699357184488,0.9811467991319871,283.9118761498154,290.06,6.148123850184618,632.0599788644022,640.38,8.320021135597813
330,13.75,24.794092724908648,7.050678217162788,8.263029722120567,1.2123515049577795,125.82762546343659,121.51,0.0,52.954831417658,7.057254901175456,7.9040196522166815,0.8467647510412251,187.70143151058826,208.8,21.098568489411747,69.12827081143047,7.051678605050573,7.7843226940756605,0.7326440890250874,212.00590991106077,263.68,51.67409008893924,525.5349668850856,593.99,68.45503311491439
331,13.791666666666666,24.794241802266107,7.053854414532545,8.308409446326387,1.254555031793842,130.20863104131826,125.39,0.0,52.95478281821234,7.084896340417501,7.581268096072076,0.49637175565457525,110.03009215543877,155.41,45.37990784456123,69.12827814743356,7.0828725275403,7.614549547392972,0.5316770198526717,153.85189619770935,145.3,0.0,394.09061939446633,426.1,32.00938060553369
332,13.833333333333334,24.79413901275934,7.061577814972475,8.356104956055134,1.2945271410826589,134.35672714304704,130.33,0.0,52.95429315634153,7.078647192782266,7.354129543567191,0.2754823507849249,61.06525565974462,52.5,0.0,69.12770118600365,7.080225507599108,7.501451225825741,0.4212257182266326,121.88947832386776,147.26,25.370521676132228,317.3114611266594,330.09000000000003,12.778538873340608
333,13.875,24.79362558903774,7.0659136992995,9.128726173653156,2.062812474353656,214.09129622589518,133.71,0.0,52.952752093161656,7.044697108345632,7.280467221995578,0.23577011364994593,52.26085532283783,57.51,5.249144677162171,69.12553397215697,7.054078365544099,7.377234918551407,0.3231565530073084,93.50841381960849,80.82,0.0,359.8605653683415,272.03999999999996,0.0
334,13.916666666666666,24.79316864926829,7.056079725574622,9.941473680410573,2.8853939548359504,299.4583147304875,291.91,0.0,52.95111251187942,6.96506917298944,7.146303929450294,0.18123475646085385,40.1712921700454,34.63,0.0,69.12340485046805,6.975712181053889,7.299188520785479,0.32347633973158985,93.59806415754835,90.47,0.0,433.2276710580812,417.01,0.0
335,13.958333333333334,24.793637372632766,7.030776155589852,9.078040356009137,2.047264200419285,212.47770223623226,303.89,91.41229776376773,52.952434999626306,6.962295705567482,7.162963609621549,0.20066790405406731,44.47982545488076,33.33,0.0,69.12501685865593,6.9561164623621705,7.246350281160516,0.2902338187983453,83.98128014638495,80.92,0.0,340.93880783749796,418.14,77.20119216250202
336,14.0,24.793944493200925,7.0140308682089785,8.791234501327923,1.777203633118944,184.45143614194038,115.34,0.0,52.95343550451693,7.02661919756866,7.247362796045616,0.22074359847695568,48.93070615426493,43.44,0.0,69.12622719445822,7.020142827423916,7.249172991160889,0.22903016373697316,66.27271488217697,71.24,4.967285117823025,299.65485717838226,230.01999999999998,0.0
337,14.041666666666666,24.793601329821268,7.0119771901221,9.743402579870628,2.7314253897485274,283.4837569269639,250.51,0.0,52.95215357183386,7.003446746268311,7.201276894936669,0.19783014866835735,43.85057868259949,42.19,0.0,69.12451962468063,7.009841881414462,7.205771724795333,0.1959298433808705,56.69332668788087,45.29,0.0,384.02766229744424,337.99,0.0
338,14.083333333333334,24.793472361951466,7.006397373676638,10.025712639553001,3.0193152658763633,313.36106997104844,313.67,0.30893002895157906,52.951621706931206,6.967694941694147,7.16903262726184,0.20133768556769294,44.627603040962654,33.14,0.0,69.1238022280938,6.971786353801304,7.173285294635605,0.2014989408343011,58.304169107586915,52.04,0.0,416.292842119598,398.85,0.0
339,14.125,24.793320321597083,6.994972845399577,10.008958170506618,3.0139853251070416,312.805981311342,309.91,0.0,52.951291644596026,6.953015682521871,7.195747295012389,0.2427316124905179,53.80245876460273,43.86,0.0,69.12360147189517,6.955646410026445,7.310733792858028,0.3550873828315835,102.74502983956462,48.5,0.0,469.3534699155093,402.27000000000004,0.0
340,14.166666666666666,24.793701406078874,6.981872352983723,10.036111795280283,3.0542394422965593,316.9886205603034,312.62,0.0,52.95209216702626,6.9577927563517425,7.20366955709289,0.24587680074114715,54.50042658702675,51.56,0.0,69.12462478792854,6.953276920609853,7.301149952259864,0.3478730316500114,100.6590374049011,141.68,41.02096259509891,472.14808455223124,505.86,33.711915447768774
341,14.208333333333334,24.7939773950267,6.976095173792657,10.020245834124491,3.0441506603318347,315.94505873192657,318.32,2.374941268073428,52.95264258757193,6.994782692218766,7.19402807775259,0.19924538553382387,44.16468471143777,45.25,1.085315288562228,69.12514895155041,6.990869498346104,7.194069083434376,0.20319958508827174,58.797399839498425,43.66,0.0,418.90714328286276,407.23,0.0
342,14.25,24.794008441433615,6.979719480905908,10.035000405105,3.055280924199092,317.1006390529246,310.42,0.0,52.95269168049225,7.003486514202232,7.190076375824703,0.1865898616224717,41.359502639657116,30.74,0.0,69.12522985756883,7.002506116927691,7.200646782221876,0.19814066529418461,57.33362867043062,57.98,0.6463713295693765,415.79377036301236,399.14000000000004,0.0
343,14.291666666666666,24.793247348687128,6.985214131578915,10.065555867529534,3.0803417359506193,319.6918297831229,320.8,1.108170216877113,52.95148844608676,6.975303374280005,7.630757872833049,0.6554544985530448,145.28472141138306,39.71,0.0,69.12354571677739,6.984555067997743,7.430311890718725,0.44575682272098227,128.98025478886598,40.59,0.0,593.956805983372,401.1,0.0
344,14.333333333333334,24.793538585866013,6.9804239093384854,9.016661890195195,2.0362379808567095,211.33249115390495,315.46,104.12750884609503,52.9532810565788,6.954098432003323,8.277815228046386,1.3237167960430627,293.4182876032031,240.33,0.0,69.12563884504507,6.947632151900156,7.717424214079213,0.7697920621790573,222.74697276601876,202.51,0.0,727.4977515231268,758.3,30.80224847687316
345,14.375,24.794362386377493,6.9807614491923475,8.079459667534202,1.0986982183418545,114.03301016620433,101.25,0.0,52.9560144085179,7.061217696122793,8.593198471241772,1.5319807751189787,339.60011685923604,336.98,0.0,69.12912016821691,7.0453487142160744,7.873016161499972,0.8276674472838979,239.5058512610451,228.57,0.0,693.1389782864856,666.8,0.0
346,14.416666666666666,24.79450547415188,7.003957305733761,8.37755160648617,1.3735943007524094,142.5650776392019,122.11,0.0,52.956234055215305,7.109252187189942,8.552671330244236,1.4434191430542933,319.96964372560706,332.67,12.70035627439296,69.12949944336994,7.105135315719238,7.895379405224637,0.790244089505399,228.6777405546392,236.17,7.492259445360787,691.2124619194482,690.95,0.0
347,14.458333333333334,24.79428736904016,7.034224217649952,8.466934912995558,1.4327106953456061,148.69944835804515,158.74,10.040551641954863,52.95571366937962,7.105170505542389,8.538707292843943,1.4335367873015548,317.77585180902656,297.34,0.0,69.1287392951891,7.107739132172207,7.846684505682901,0.7389453735106937,213.8307676618856,206.62,0.0,680.3060678289573,662.7,0.0
348,14.5,24.794308458611653,7.057048697048918,8.338906820008761,1.281858122959843,133.04274094373,133.88,0.8372590562699997,52.955629797567944,7.096259454196949,8.319798175672137,1.2235387214751876,271.22460133512044,328.53,57.30539866487953,69.12896110479726,7.096005890658782,7.8742371345384665,0.7782312438796843,225.19975658908433,206.41,0.0,629.4670988679347,668.8199999999999,39.3529011320652
349,14.541666666666666,24.79409266245588,7.072065997951951,8.310817081782098,1.238751083830147,128.5675865362349,127.44,0.0,52.954957593804515,7.091846968067055,8.082189962727949,0.9903429946608933,219.52878940147545,203.13,0.0,69.1285054971454,7.094577747718639,7.937519561208185,0.8429418134895457,243.92369439883402,229.56,0.0,592.0200703365444,560.13,0.0
350,14.583333333333334,24.793670676574653,7.078424879505993,8.304428349837636,1.2260034703316425,127.24237065722534,124.92,0.0,52.954087238141604,7.059900540884903,8.087774138712328,1.0278735978274254,227.84443279600313,225.31,0.0,69.1276553500916,7.065470556961979,8.089432350631757,1.0239617936697778,296.3021503592547,243.98,0.0,651.3889538124831,594.21,0.0
351,14.625,24.793929346676418,7.074115062543951,8.355590447910846,1.2814753853668943,133.0009833477251,124.79,0.0,52.95472003069166,7.049691142494603,8.176675117822297,1.1269839753276942,249.8168000562309,219.7,0.0,69.12802809046123,7.047359074197936,7.910610901003852,0.8632518268059162,249.79911688538553,335.05,85.25088311461448,632.6169002893415,679.54,46.92309971065845
352,14.666666666666666,24.794157838464965,7.069730420195635,8.366065547274355,1.29633512707872,134.54447703127985,136.59,2.0455229687201495,52.95519734538104,7.076227546135092,8.205811431403209,1.1295838852681168,250.3953750367731,269.76,19.364624963226902,69.12796099715375,7.073641984805749,7.57522316839287,0.5015811835871204,145.14236889990718,149.6,4.4576311000928115,530.0822209679601,555.95,25.867779032039948
353,14.708333333333334,24.793727742974824,7.06990841823261,8.483127147731926,1.4132187294993157,146.67308832012432,127.71,0.0,52.95399572946685,7.060568286926142,7.97936621205554,0.9187979251293976,203.66573359523989,220.4,16.73426640476012,69.1269019204036,7.066124329535577,7.694560918030955,0.6284365884953784,181.84768630584927,125.37,0.0,532.1865082212134,473.48,0.0
354,14.75,24.794111827831294,7.065373502242638,8.399848866824112,1.3344753645814738,138.5027321279669,161.34,22.837267872033095,52.9544856607213,7.047454914486239,7.632399066140605,0.5849441516543665,129.6630942689611,175.85,46.186905731038905,69.12788836778132,7.043468044257733,7.6459461587564554,0.6024781144987221,174.33869478321256,223.74,49.40130521678745,442.5045211801405,560.9300000000001,118.42547881985956
355,14.791666666666666,24.794340927568342,7.0639156850206835,8.284221298354781,1.220305613334098,126.65443490611061,110.53,0.0,52.95478172499716,7.090831763440069,7.385260996671386,0.294429233231317,65.2657501718261,71.53,6.264249828173902,69.12815955627924,7.087536611204271,7.427316071189353,0.3397794599850821,98.32214403780651,109.57,11.247855962193483,290.24232911574325,291.63,1.3876708842567496
356,14.833333333333334,24.79409678963553,7.069087154820564,8.315214078921626,1.2461269241010617,129.33313230503998,138.25,8.916867694960018,52.95409535225264,7.07628918779138,7.25646832254884,0.18017913475746017,39.939559823064215,46.8,6.860440176935782,69.12732021024605,7.079276533762863,7.376449713728784,0.2971731799659203,85.99210039351362,71.29,0.0,255.26479252161784,256.34000000000003,1.0752074783821968
357,14.875,24.793933749034345,7.070843197154855,8.269460127468454,1.198616930313599,124.40134279214908,115.46,0.0,52.95374112435128,7.060921946848214,7.216113596960681,0.15519165011246727,34.400457853303244,20.62,0.0,69.12689478903877,7.063372059284579,7.36989851331196,0.3065264540273809,88.69808303082662,84.95,0.0,247.49988367627896,221.02999999999997,0.0
358,14.916666666666666,24.79316995727034,7.06666229758028,9.774553326715772,2.7078910291354914,281.03632971156475,128.66,0.0,52.95142812303868,7.0084100830352245,7.1926131102433235,0.184203027208099,40.82946270510075,35.86,0.0,69.1237322980561,7.022786586097791,7.284878122226009,0.2620915361282181,75.83669532730286,76.65,0.8133046726971429,397.7024877439684,241.17,0.0
359,14.958333333333334,24.79295634116739,7.043594630074876,10.617555312680086,3.5739606826052093,370.91748819293065,432.55,61.63251180706936,52.95023979016107,6.908473265125902,7.05016985809544,0.14169659296953796,31.407007855728118,33.37,1.9629921442718796,69.12191433935418,6.91722803494089,7.055244047442716,0.1380160125018257,39.93415113925327,59.01,19.07584886074673,442.25864718791206,524.9300000000001,82.671352812088
360,15.0,24.793418619829826,7.007881012083494,9.94239862592383,2.9345176138403373,304.55964518721106,305.04,0.48035481278895986,52.95139379519047,6.933814145527159,7.075199522660406,0.14138537713324695,31.338709943208627,16.94,0.0,69.12323472045435,6.928560243961168,6.9707704685574745,0.042210224596306745,12.213522600295917,4.41,0.0,348.1118777307156,326.39000000000004,0.0
361,15.041666666666666,24.793596898997848,6.983652712338912,9.924835549233043,2.9411828368941313,305.25359196635804,300.84,0.0,52.95183618383771,6.955892262842121,7.1428934345220485,0.18700117167992758,41.450003941995455,33.43,0.0,69.12376438853177,6.952587011343498,6.989369313375858,0.03678230203235966,10.643035516770162,3.59,0.0,357.3466314251237,337.85999999999996,0.0
362,15.083333333333334,24.794159834292397,6.973189739574722,9.17248863721808,2.1992988976433585,228.2616104870388,306.54,78.27838951296121,52.95341597848421,6.996616491271946,7.188205554967971,0.1915890636960249,42.468206489244906,37.19,0.0,69.12583285640815,6.986707569287275,7.019092701883633,0.03238513259635756,9.37098581445096,1.24,0.0,280.10080279073463,344.97,64.8691972092654
363,15.125,24.79406305206627,6.980890515163411,9.605892812979041,2.62500229781563,272.44360181743616,144.66,0.0,52.953183839590665,7.044430526811173,7.199261601853467,0.15483107504229476,34.32017002201244,35.5,1.1798299779875592,69.12562359847618,7.044407808600224,7.076586317580805,0.03217850898058128,9.311168865961232,1.08,0.0,316.07494070540986,181.24,0.0
364,15.166666666666666,24.793718841944564,6.9928670089869485,10.414132384112614,3.4212653751256656,355.08118305196854,398.95,43.86881694803145,52.95187954499778,6.984585337186278,7.104047177846884,0.11946184066060628,26.479501580957017,20.67,0.0,69.12393228579138,6.991812025617896,7.024255304830386,0.03244327921249024,9.38755305023965,1.07,0.0,390.9482376831652,420.69,29.74176231683481
365,15.208333333333334,24.79397559962303,6.993809643904564,9.94205975199613,2.9482501080915657,305.9917494373721,307.35,1.3582505626279158,52.95257122738704,6.992695115864085,7.11568874784289,0.12299363197880542,27.262702436255214,19.81,0.0,69.1248224330314,6.989824727661065,7.022464059681488,0.03263933202042235,9.44440309460327,1.19,0.0,342.6988549682306,328.35,0.0
366,15.25,24.794029963737774,6.994913494587044,9.938863455885954,2.9439499612989106,305.5461175494667,301.42,0.0,52.95274527306625,7.004868467276267,7.166382047253392,0.16151357997712523,35.80113110199147,22.3,0.0,69.12501382269208,7.003544358409511,7.036506119474814,0.03296176106530346,9.537726444239746,1.24,0.0,350.88497509569794,324.96000000000004,0.0
367,15.291666666666666,24.79407233083731,6.997927014895663,9.8583775973094,2.860450582413736,296.8804072234898,306.56,9.67959277651022,52.95297604466498,7.010461999272688,7.273778112177994,0.2633161129053061,58.3669544337018,37.01,0.0,69.12520030897905,7.009396579180067,7.045807016837694,0.03641043765762664,10.535654641818454,1.37,0.0,365.78301629901,344.94,0.0
368,15.333333333333334,24.793190670646112,7.001152228508707,8.81722804064653,1.8160758121378224,188.48014991290484,283.76,95.27985008709516,52.952019251082135,6.99033127357505,7.67440701392086,0.6840757403458104,151.63028075754855,67.71,0.0,69.12487841117836,6.997334884513661,7.788015692075604,0.7906808075619427,228.78882167045393,3.25,0.0,568.8992523409073,354.71999999999997,0.0
369,15.375,24.793443786082232,6.997412504116311,8.200986891558685,1.2035743874423739,124.91339589832369,87.21,0.0,52.95358106308207,6.988192867729875,8.118659498449105,1.13046663071923,250.58340516021542,224.9,0.0,69.1277167494532,6.981211900238288,8.4749203432748,1.4937084430365113,432.23235429908675,441.38,9.147645700913245,807.7291553576258,753.49,0.0
370,15.416666666666666,24.79424272342177,6.9992491019395615,8.80669971485313,1.8074506129135681,187.59294950124064,158.45,0.0,52.95513588690088,7.0553438272008435,8.195535713335229,1.1401918861343852,252.74656209528692,266.09,13.343437904713056,69.1291717329679,7.045534239704259,8.228072586540675,1.1825383468364157,342.1966945785232,410.37,68.17330542147681,782.5362061750508,834.91,52.37379382494919
371,15.458333333333334,24.794494527047085,7.016051761242725,8.900771383276387,1.8847196220336624,195.6145860998845,213.01,17.3954139001155,52.95541508763827,7.092330990877745,8.04861590533337,0.956284914455626,211.98098476136755,228.89,16.909015238632435,69.1290924098251,7.08880819021485,7.908172309657241,0.8193641194423904,237.1029847359343,260.08,22.97701526406567,644.6985555971863,701.98,57.28144440281369
372,15.5,24.794403404368854,7.038625732590207,8.648412839745124,1.6097871071549168,167.0787939527747,173.73,6.651206047225287,52.95524112697308,7.0989755030804025,7.956069860871228,0.8570943577908254,189.99265428120611,184.12,0.0,69.1287034820302,7.09923848183352,7.766589161266858,0.6673506794333379,193.11310317441107,199.52,6.4068968255889445,550.1845514083919,557.37,7.185448591608065
373,15.541666666666666,24.794258371437056,7.057530171968367,8.500131423039953,1.4426012510715855,149.72580301927,155.87,6.144196980730015,52.95499024153375,7.089763325087261,7.928600261481839,0.8388369363945785,185.9446390553203,184.9,0.0,69.1282964409989,7.091260519251024,7.708752513676328,0.6174919944253041,178.68430611545136,171.8,0.0,514.3547481900416,512.5699999999999,0.0
374,15.583333333333334,24.794168110253167,7.069171277012519,8.349462615050465,1.2802913380379461,132.87937377342217,138.87,5.990626226577831,52.95490167662794,7.082572002607513,7.9392147095567625,0.8566427069492493,189.8913193132322,175.94,0.0,69.12809969831072,7.0834639072506835,7.673789451118539,0.5903255438678556,170.8226356513044,170.62,0.0,493.5933287379588,485.43,0.0
375,15.625,24.794159201770153,7.075088490781599,8.22053723698679,1.14544874620519,118.88423585770158,122.02,3.135764142298413,52.954980990197924,7.081324753051482,7.950792761400837,0.8694680083493553,192.73458251969438,192.95,0.2154174803056037,69.12809629687406,7.081132607425332,7.625951118756154,0.5448185113308224,157.65424763428763,155.96,0.0,469.2730660116836,470.92999999999995,1.6569339883163252
376,15.666666666666666,24.794140156327703,7.078212151819251,8.430194040934994,1.3519818891157431,140.31986228145448,110.8,0.0,52.95470195127087,7.080541765275535,7.784661461336461,0.7041196960609266,156.0810740192874,181.53,25.448925980712602,69.12781182849554,7.08142120878198,7.560000334968609,0.478579126186629,138.4859728873944,144.18,5.694027112605596,434.8869091881363,436.51,1.6230908118636762
377,15.708333333333334,24.793989251440454,7.078500575344061,8.591409502258356,1.512908926914295,157.02124555633713,165.68,8.658754443662872,52.95406025773375,7.063274474453303,7.585966085046012,0.5226916105927089,115.86279978025094,119.07,3.207200219749055,69.12709583587467,7.066326183019153,7.495873904249331,0.42954772123017815,124.29651585367058,117.39,0.0,397.1805611902587,402.14,4.9594388097413
378,15.75,24.794005396436955,7.074299402585813,8.241152277317347,1.1668528747315348,121.10498379573374,143.66,22.555016204266252,52.954109967716974,7.057510730897807,7.441728506804625,0.3842177759068184,85.16798075407254,100.92,15.752019245927457,69.1274183876944,7.056931378038078,7.5358867801306415,0.4789554020925637,138.59406666532306,115.75,0.0,344.8670312151294,360.33,15.462968784870611
379,15.791666666666666,24.794064184750408,7.070240643753474,8.22578839963564,1.155547755882166,119.9319358039338,93.26,0.0,52.954169071259656,7.067934577954579,7.319928727794039,0.25199414983946067,55.85857345396405,57.31,1.451426546035954,69.12761861587438,7.066886976970367,7.520486704967515,0.45359972799714754,131.25734203923741,146.25,14.992657960762585,307.04785129713525,296.82,0.0
380,15.833333333333334,24.793697818971946,7.067913513725119,8.703196938877875,1.635283425152756,169.72021086148305,142.2,0.0,52.95307898431295,7.046562586338292,7.255521669955713,0.20895908361742066,46.31820243295835,42.16,0.0,69.12621470361907,7.052701057530081,7.492070967729214,0.4393699101991331,127.13710303383314,100.74,0.0,343.1755163282745,285.09999999999997,0.0
381,15.875,24.79372972195383,7.059416630095335,8.654286402832874,1.594869772737539,165.52603558405002,193.31,27.78396441594998,52.953092141754055,7.01738861690353,7.234364155724207,0.21697553882067666,48.09515457885221,38.15,0.0,69.12614611753453,7.018177085116966,7.432837563548969,0.4146604784320038,119.98700511778377,138.23,18.242994882216223,333.608195280686,369.69,36.08180471931399
382,15.916666666666666,24.79385845478436,7.049096455425047,8.40703716905488,1.3579407136298327,140.93671708584094,132.76,0.0,52.95355462103854,7.03713583609046,7.290880433957817,0.2537445978673567,56.24593587852116,45.83,0.0,69.12653936349885,7.0349472740988235,7.359256132622308,0.32430885852348457,93.84320922650598,86.08,0.0,291.02586219086805,264.66999999999996,0.0
383,15.958333333333334,24.79391447016616,7.043962404921068,8.486773432983671,1.4428110280626036,149.7454984856966,144.56,0.0,52.953637585211126,7.039955988773536,7.289742425635684,0.24978643686214852,55.368642489139425,54.53,0.0,69.12651747856546,7.039129676821889,7.2909491481674875,0.25181947134559834,72.86738932391759,85.91,13.042610676082404,277.9815302987536,285.0,7.018469701246374
384,16.0,24.793931698982227,7.042226431423268,8.42065764700418,1.3784312155809122,143.06378931385237,150.41,7.346210686147629,52.953682650924605,7.045469941545341,7.2813524307718005,0.2358824892264595,52.28668335443022,43.98,0.0,69.1264612417551,7.045145528857603,7.226124796561892,0.18097926770428963,52.368770216308235,43.78,0.0,247.7192428845908,238.17,0.0
385,16.041666666666668,24.793910954438196,7.042526435667438,8.311104669095117,1.2685782334276796,131.66232396442965,130.91,0.0,52.95369864914803,7.046044804132039,7.276248537318942,0.23020373318690268,51.02792233575888,48.4,0.0,69.12650563602058,7.045874057324909,7.235163315591745,0.18928925826683596,54.7734122396686,44.88,0.0,237.46365853985714,224.19,0.0
386,16.083333333333332,24.793535018606295,7.042793238269351,9.027297463467963,1.984504225198612,205.96323475851406,127.65,0.0,52.9525437045943,7.025938309616851,7.237810709461911,0.2118723998450598,46.96349799771349,41.4,0.0,69.12503169528347,7.0327179121762065,7.230248157060934,0.19753024488472715,57.15683465928418,48.62,0.0,310.0835674155117,217.67000000000002,0.0
387,16.125,24.793149849331243,7.034138707225536,9.794632828717408,2.7604941214918712,286.4954677100802,281.6,0.0,52.951160226819,6.96097953376363,7.167661054168804,0.20668152040517462,45.81169410392668,40.21,0.0,69.12323781137863,6.969977243156328,7.193674215338511,0.2236969721821831,64.72669059842276,49.62,0.0,397.03385241242967,371.43,0.0
388,16.166666666666668,24.793115103412067,7.012726085481944,9.859305903225144,2.8465798177431996,295.42938236888597,288.11,0.0,52.95106782002355,6.934756057391827,7.257856881063905,0.3231008236720774,71.61632176247818,39.09,0.0,69.12295410777763,6.937248909814973,7.1657260659171715,0.22847715610219854,66.10956487523383,63.86,0.0,433.15526900659796,391.06000000000006,0.0
389,16.208333333333332,24.79325958907506,6.989066687375762,9.944785011000677,2.9557183236249154,306.7579985298594,299.58,0.0,52.95136787476432,6.933997600763151,7.336441234604303,0.4024436338411519,89.20341262573379,92.33,3.126587374266208,69.12326045423856,6.932908943076883,7.171270351655019,0.23836140857813604,68.96986600683641,52.34,0.0,464.9312771624296,444.25,0.0
390,16.25,24.79345314284781,6.97135648741996,9.987878571167586,3.0165220837476268,313.0709355534735,310.87,0.0,52.95170360004603,6.947711522512089,7.315636046968585,0.36792452445649637,81.55261631294788,74.12,0.0,69.12381914903075,6.94529005497364,7.219759329358708,0.2744692743850683,79.41831773236463,69.73,0.0,474.041869598786,454.72,0.0
391,16.291666666666668,24.793309123611436,6.96214699460966,9.97406666750336,3.0119196728936997,312.591456746191,312.18,0.0,52.95148935306387,6.951630622825433,7.419328097354193,0.46769747452876054,103.6674530506495,77.06,0.0,69.12377456735248,6.952872313092984,7.409944976894555,0.4570726638015712,132.25494441995093,73.29,0.0,548.5138542167914,462.53000000000003,0.0
392,16.333333333333332,24.793526042967084,6.956877779317007,9.010096251557002,2.053218472239995,213.09471642692293,309.88,96.78528357307707,52.95274881970208,6.960577610044625,7.754439655623826,0.7938620455792007,175.96762500265254,118.7,0.0,69.12559967962397,6.95447987741148,7.7166818769642305,0.76220199955275,220.5505878594425,176.22,0.0,609.612929289018,604.8,0.0
393,16.375,24.794181717618866,6.961931884706252,8.443673014993442,1.4817411302871895,153.78760731600494,110.51,0.0,52.954837058494974,7.041491603768968,7.971605663121532,0.9301140593525643,206.17740498866388,222.66,16.482595011336116,69.12837410046629,7.028945553785428,7.876911710267092,0.8479661564816636,245.37713179349853,250.62,5.24286820650147,605.3421440981673,583.79,0.0
394,16.416666666666668,24.794151418332156,6.984714342629258,8.581816378597855,1.5971020359685975,165.76053372744965,193.28,27.519466272550346,52.954590453087576,7.072055145360785,7.832559649700305,0.7605045043395195,168.57944830920562,178.74,10.160551690794392,69.1285467757964,7.070598828516926,8.04362645025214,0.9730276217352136,281.56704314922575,225.78,0.0,615.907025185881,597.8,0.0
395,16.458333333333332,24.794345510193732,7.011102500696567,8.112579518066278,1.101477017369711,114.32134168448674,133.3,18.97865831551327,52.955241753689364,7.087568734794479,7.78267095543439,0.6951022206399111,154.08375549162866,147.12,0.0,69.12965744449316,7.083071380717357,8.142581758296057,1.0595103775787003,306.5976654833322,323.71,17.112334516667772,575.0027626594476,604.13,29.12723734055237
396,16.5,24.7943036600961,7.037549529893107,8.117033470716114,1.0794839408230077,112.03851028809454,90.08,0.0,52.955202897736484,7.109260986138862,7.765202927960256,0.6559419418213936,145.40296465615006,149.8,4.39703534384995,69.12956300086618,7.108828096229388,8.109989049729098,1.00116095349971,289.7123032087294,275.56,0.0,547.1537781529739,515.44,0.0
397,16.541666666666668,24.79408940985949,7.05941730172552,8.214813092128345,1.1553957904028254,119.91628561886199,129.46,9.543714381138017,52.95469560096228,7.088978691521334,7.760402900564088,0.6714242090427538,148.8335004531731,129.54,0.0,69.12881689012812,7.091980335738183,8.065034051931562,0.9730537161933785,281.5756943877673,289.99,8.414305612232681,550.3254804598024,548.99,0.0
398,16.583333333333332,24.79391786095244,7.070945025308588,8.145704925531843,1.0747599002232553,111.54647136119016,105.33,0.0,52.95444978696424,7.076254456837975,7.828959218106356,0.7527047612683813,166.85005230619075,156.9,0.0,69.12832601513983,7.078711286143522,8.0225056798179,0.943794393674378,273.10689048465065,259.03,0.0,551.5034141520316,521.26,0.0
399,16.625,24.793862848923617,7.073932909646372,8.306830433708225,1.232897524061853,127.95887080748463,112.92,0.0,52.954116503741794,7.061296349536172,7.675083664812573,0.6137873152764008,136.05573709697148,165.65,29.594262903028522,69.12808980824127,7.0628582407340135,8.026001772946575,0.9631435322125617,278.70502107436783,273.14,0.0,542.719628978824,551.71,8.990371021176088
400,16.666666666666668,24.793851096750675,7.071422631025576,8.365757649592185,1.294335018566609,134.33522712645708,138.46,4.124772873542923,52.953874329029304,7.055011430668237,7.513187409527007,0.4581759788587698,101.56154075641166,94.68,0.0,69.1278443994523,7.055967509966203,7.958674981788476,0.9027074718222723,261.2156998283777,270.22,9.004300171622333,497.11246771124644,503.36,6.247532288753575
401,16.708333333333332,24.793732666432838,7.06671530527817,8.337269439181014,1.270554133902844,131.8664491302375,125.38,0.0,52.953577797361966,7.047859811155973,7.459956403219696,0.4120965920637225,91.34684573580084,96.68,5.333154264199166,69.12749283399357,7.0495901449257365,7.943854809682627,0.8942646647568901,258.771295820772,237.9,0.0,481.98459068681035,459.96000000000004,0.0
402,16.75,24.793748725342795,7.060346895770223,8.289751556581358,1.2294046608111344,127.5957693126627,133.69,6.094230687337301,52.95358769915318,7.039790410270394,7.420165387191056,0.38037497692066236,84.31533165972793,74.04,0.0,69.12751111542096,7.039793464252214,7.9205698071214545,0.8807763428692406,254.86827874390514,265.52,10.651721256094845,466.77937971629575,473.25,6.47062028370425
403,16.791666666666668,24.793327414080697,7.053818860509121,8.916070990380234,1.8622521298711128,193.2735925155787,116.57,0.0,52.95240839266773,7.022723600690477,7.415462800457387,0.3927391997669103,87.05409248007103,82.71,0.0,69.12598241682454,7.029898129773112,7.925969637194713,0.8960715074216017,259.2884721924936,229.84,0.0,539.6161571881433,429.12,0.0
404,16.833333333333332,24.79323323179734,7.040104614532972,9.68990056316568,2.6497959486327067,275.0076795531183,267.15,0.0,52.95157975179245,6.9650422123475595,7.2742599903926175,0.309217778045058,68.53976332857722,79.43,10.890236671422784,69.12482518481544,6.970407237938456,7.797243346974883,0.8268361090364271,239.25041765236037,274.65,35.39958234763961,582.7978605340559,621.23,38.43213946594415
405,16.875,24.793467761016736,7.01927335129803,9.896288637034619,2.877015285736589,298.5923434861343,279.53,0.0,52.95180495592449,6.966979344087899,7.1989932603309885,0.23201391624308965,51.42733590889049,45.41,0.0,69.12466199485944,6.966469561696318,7.512264478410066,0.5457949167137484,157.92894392476242,189.12,31.191056075237583,507.9486233197872,514.06,6.111376680212743
406,16.916666666666668,24.793637111185607,7.002102494992077,9.931502862438766,2.9294003674466884,304.0312297328634,314.73,10.698770267136638,52.95206033668541,6.9701529072214345,7.207257602619711,0.23710469539827628,52.55599242481618,45.22,0.0,69.12455278378832,6.968770316450517,7.28830769530349,0.3195373788529734,92.45985902809322,111.33,18.87014097190678,449.04708118577275,471.28000000000003,22.232918814227276
407,16.958333333333332,24.793716709690983,6.99144696329263,9.910958145352609,2.9195111820599786,303.0058418863319,289.92,0.0,52.95221876461427,6.982404554705677,7.21794638152498,0.23554182681930325,52.20972736341373,47.7,0.0,69.12459235171437,6.981388872431964,7.208650421147599,0.2272615487156351,65.75938896441708,57.68,0.0,420.9749582141627,395.3,0.0
408,17.0,24.79380283029073,6.986578760595079,9.959483465146455,2.972904704551376,308.5484403440498,313.11,4.561559655950191,52.95229816934774,6.983878321686206,7.170989221967343,0.18711090028113642,41.47468783561777,44.49,3.0153121643822303,69.12475966177547,6.982913869042588,7.211617220565214,0.22870335152262555,66.17674277403516,57.88,0.0,416.19987095370277,415.48,0.0
409,17.041666666666668,24.793922327348458,6.985554106354724,9.850951646285175,2.865397539930451,297.3920427598579,300.74,3.3479572401421365,52.95259828332319,6.9966942538985,7.174505015741745,0.1778107618432445,39.413458152022585,26.07,0.0,69.12517543117578,6.99472952734187,7.225794011497106,0.23106448415523584,66.8603533911642,58.52,0.0,403.6658543030447,385.33,0.0
410,17.083333333333332,24.793974920820645,6.988562845612718,9.848321693234022,2.859758847621304,296.8074473715085,290.72,0.0,52.952757463881966,7.005856700349945,7.213678302629152,0.20782160227920699,46.06578680861654,40.5,0.0,69.12538824098024,7.004737702061787,7.2535916365452255,0.24885393448343862,72.00809456543477,59.26,0.0,414.88132874555976,390.48,0.0
411,17.125,24.794025815864128,6.9935879641371095,9.895982542222393,2.902394578085284,301.2331249615003,299.74,0.0,52.95282740407428,7.0101907019994565,7.201694626030419,0.19150392403096284,42.44886235363121,39.36,0.0,69.12554951626355,7.009469758968441,7.282184171133404,0.27271441216496317,78.91251965758633,68.89,0.0,422.5945069727179,407.99,0.0
412,17.166666666666668,24.794149566841153,6.999146786936332,9.90858910865887,2.909442321722538,301.96610186658955,299.53,0.0,52.95308735127179,7.018187128539207,7.209217297277723,0.19103016873851608,42.34405736917595,33.21,0.0,69.12579397897476,7.0165815574494665,7.236976868195204,0.22039531074573748,63.77371353525269,73.11,9.33628646474731,408.0838727710182,405.84999999999997,0.0
413,17.208333333333332,24.793981794919407,7.005351617546229,10.009577474671504,3.0042258571252747,311.8014149825074,301.23,0.0,52.95268927605677,7.017011179058251,7.219916642337036,0.20290546327878456,44.97601632825465,39.21,0.0,69.12535347021722,7.019195747245499,7.286674832302087,0.26747908505658824,77.39740825358726,38.34,0.0,434.1748395643493,378.78,0.0
414,17.25,24.794073053342732,7.008314587905695,10.033354434171642,3.0250398462659467,313.96280471275406,319.42,5.457195287245952,52.952841506367484,7.006651552854926,7.196376689267197,0.18972513641227096,42.05458653739934,38.44,0.0,69.12562586845455,7.005846034135332,7.308537987160048,0.3026919530247163,87.58690414257461,100.81,13.223095857425392,443.60429539272803,458.67,15.065704607271982
415,17.291666666666668,24.794064805467787,7.009877492259216,9.875641788057901,2.8657642957986855,297.43181656301795,305.27,7.838183436982035,52.9529649369474,7.0188276053022935,7.2733274583295655,0.25449985302727196,56.412720228894514,33.35,0.0,69.12572872436529,7.018400546728347,7.328111740264341,0.3097111935359944,89.61812401126613,58.45,0.0,443.46266080317855,397.07,0.0
416,17.333333333333332,24.79399795772156,7.01210776049928,9.267238474113526,2.255130713614246,234.05477460422804,286.19,52.135225395771954,52.95336580043527,7.019096929799658,7.502343207227671,0.4832462774280133,107.11771774484087,67.45,0.0,69.12638270333898,7.017540948862839,7.542762774683782,0.5252218258209425,151.9797831414468,105.21,0.0,493.15227549051576,458.84999999999997,0.0
417,17.375,24.79438301570997,7.016522925050368,8.613467456670351,1.5969445316199833,165.74573480047798,177.13,11.38426519952202,52.95479508794286,7.058475056107446,7.672097875331071,0.6136228192236244,136.02101695460007,135.39,0.0,69.12837342689704,7.050314316268399,7.712958613586007,0.6626442973176081,191.75028890945822,183.86,0.0,493.5170406645363,496.38,2.8629593354636995
418,17.416666666666668,24.794607157962812,7.030894738425356,8.392281595596446,1.3613868571710892,141.2986489846073,149.69,8.3913510153927,52.955523912931724,7.102601522951438,7.734967410291521,0.6323658873400833,140.17769911262963,125.2,0.0,69.12926629292383,7.097272846715904,7.722530437930489,0.6252575912145852,180.9339834245833,184.87,3.9360165754167156,462.41033152182024,459.76,0.0
419,17.458333333333332,24.794543672014193,7.05245921322495,8.244964096567998,1.1925048833430472,123.77003391665741,128.08,4.3099660833426015,52.95553687595966,7.116792972310974,7.753748216143691,0.6369552438327171,141.1950646964575,143.85,2.654935303542487,69.12928589071791,7.116033617761343,7.737056916774661,0.6210232990133173,179.70873560505925,162.03,0.0,444.6738342181742,433.96000000000004,0.0
420,17.5,24.794316412707833,7.072266883604096,8.323894353380412,1.2516274697763166,129.9051741039472,114.55,0.0,52.95497481578118,7.1067593468889445,7.661725763410333,0.5549664165213883,123.01914170752976,127.06,4.040858292470247,69.12876570142559,7.109536437948249,7.788884284914709,0.6793478469664604,196.584933505394,182.54,0.0,449.509249316871,424.15,0.0
421,17.541666666666668,24.79436536337208,7.0838585765989155,8.346808473438273,1.2629498968393573,131.08057637055586,140.76,9.67942362944413,52.9549550002523,7.093948638964724,7.54890198435247,0.4549533453877457,100.8492540402826,107.3,6.450745959717395,69.12866098699591,7.094041581345144,7.674863637453598,0.5808220561084534,168.07397392991612,195.89,27.816026070083865,400.0038043407546,443.95,43.946195659245404
422,17.583333333333332,24.794127917976645,7.089577951107613,8.303554224516784,1.2139762734091706,125.99643588946924,116.45,0.0,52.954464024273214,7.090968885785191,7.535992887161477,0.44502400137628584,98.64730727284683,82.52,0.0,69.12788870572777,7.094095697498452,7.600531148279245,0.5064354507807929,146.5468932197859,124.97,0.0,371.19063638210196,323.94,0.0
423,17.625,24.793975680508858,7.0891383094325855,8.4105703642632,1.3214320548306153,137.14823801061073,130.89,0.0,52.95403267041285,7.063411574283483,7.473683997058075,0.4102724227745913,90.94327486346434,103.05,12.106725136535658,69.12737852709667,7.066154621601731,7.588158546970899,0.5220039253691677,151.05081767364132,152.98,1.9291823263586707,379.14233054771637,386.91999999999996,7.77766945228359
424,17.666666666666668,24.793838301969124,7.08253339027246,8.384806332872872,1.3022729426004114,135.15901118153522,138.79,3.630988818464772,52.95363375596521,7.053125776354032,7.365731243607269,0.31260546725323657,69.29335044084654,66.8,0.0,69.12704551881343,7.055431409459604,7.616498394778404,0.5610669853188002,162.35360409712644,133.85,0.0,366.8059657195082,339.43999999999994,0.0
425,17.708333333333332,24.793645888450055,7.072899566613614,8.358851906383519,1.2859523397699046,133.46410889786756,126.71,0.0,52.95323468383772,7.03586002862242,7.349014807286859,0.31315477866443864,69.414589826512,59.68,0.0,69.12675370071274,7.038426345518365,7.724314682403186,0.6858883368848208,198.47179806829928,175.91,0.0,401.3504967926788,362.29999999999995,0.0
426,17.75,24.793806648557513,7.061279383489132,8.380970533989524,1.3196911505003923,136.96661998844192,135.57,0.0,52.95358203646164,7.033386115258965,7.362095983845696,0.32870986858673046,72.86304385819459,67.11,0.0,69.12706153732032,7.031811225849179,7.655854102904202,0.6240428770550235,180.5767160241604,206.37,25.793283975839614,390.40637987079685,409.05,18.643620129203157
427,17.791666666666668,24.79393911760526,7.053257332274632,8.32888578172402,1.2756284494493881,132.3941973142273,133.65,1.255802685772693,52.95388779897984,7.049698249939684,7.373848951498841,0.32415070155915693,71.85285693903708,66.6,0.0,69.12716889085777,7.04789168126374,7.512651426649417,0.46475974538567666,134.48582137859918,139.63,5.144178621400812,338.7328756318636,339.88,1.1471243681364172
428,17.833333333333332,24.793810068339404,7.050594196179839,8.3110892762107,1.2604950800308607,130.82286288822897,126.34,0.0,52.95365136890322,7.048046317709183,7.404351274185315,0.3563049564761318,78.97997639599966,65.07,0.0,69.12676309220429,7.049413780358391,7.48315651457178,0.43374273421338927,125.50980593268928,113.92,0.0,335.31264521691793,305.33,0.0
429,17.875,24.793716788544796,7.04835957685781,8.296447440828958,1.248087863971148,129.53466919301465,130.6,1.0653308069853438,52.95350133880692,7.036672343263346,7.444324540227993,0.40765219696464694,90.36155430627876,80.98,0.0,69.12654465426155,7.03798505066881,7.497414989248197,0.45942993857938674,132.942354233487,121.7,0.0,352.83857773278044,333.28,0.0
430,17.916666666666668,24.79326176989012,7.043959398893711,9.600898555927367,2.556939157033656,265.37089170417374,123.65,0.0,52.95189190872334,7.005889274553875,7.375326257510315,0.3694369829564401,81.88815277145567,87.9,6.01184722854434,69.12432258231094,7.015611232079526,7.392849227427279,0.3772379953477527,109.15547920670386,128.85,19.694520793296135,456.4145236823333,340.4,0.0
431,17.958333333333332,24.792892434649023,7.027209465015963,10.617757996042213,3.5905485310262506,372.638069577552,405.97,33.33193042244801,52.95032373201875,6.918285723984253,7.240732681611904,0.3224469576276512,71.47038593861335,63.75,0.0,69.12199437969943,6.928707072612332,7.162751053851627,0.23404398123929493,67.71937815988355,73.64,5.920621840116453,511.8278336760489,543.36,31.532166323951117
432,18.0,24.793151401471352,6.996855649353341,10.045445303398605,3.048589654045264,316.39523035760243,335.6,19.204769642397594,52.95097046698476,6.915573973372149,7.248062810555,0.3324888371828507,73.69706922036337,67.12,0.0,69.12286502106393,6.913378955207219,7.178903766013846,0.26552481080662726,76.82915606074633,45.69,0.0,466.92145563871213,448.41,0.0
433,18.041666666666668,24.793493446365076,6.97229165516107,9.901898910171514,2.9296072550104446,304.05093998971984,293.66,0.0,52.95178306581595,6.943188556779623,7.273580008567525,0.33039145178790186,73.23330179312025,68.27,0.0,69.1240190066283,6.937859546728401,7.241855424895069,0.30399587816666784,87.96216297733892,92.28,4.317837022661081,465.24640476017896,454.21000000000004,0.0
434,18.083333333333332,24.79379007098124,6.961765013773452,9.886669063384462,2.9249040496110092,303.5664469342633,311.41,7.843553065736728,52.95246080963138,6.974826812952088,7.33533703085561,0.36051021790352156,79.91033473244305,66.19,0.0,69.12475096633939,6.97021895440026,7.20154882131483,0.23132986691457003,66.93673298231192,67.82,0.8832670176880697,450.4135146490183,445.42,0.0
435,18.125,24.79388543772718,6.963825321749373,9.821784235918178,2.8579589141688055,296.61956611260575,292.37,0.0,52.9526850503514,6.996306016039956,7.317509159747298,0.3212031437073426,71.19786944017137,81.76,10.562130559828631,69.1252241236361,6.994046835116549,7.284444303203271,0.29039746808672184,84.02888521808062,50.06,0.0,451.84632077085774,424.19,0.0
436,18.166666666666668,24.794006578232032,6.972254937154576,9.877167655695125,2.904912718540549,301.4942432705364,297.68,0.0,52.95287789341705,7.005212234302008,7.274876616037452,0.2696643817354438,59.774008257515824,48.45,0.0,69.12560206567795,7.003363623061782,7.321748171138792,0.31838454807701044,92.12767968173571,102.4,10.272320318264292,453.39593120978793,448.53,0.0
437,18.208333333333332,24.79398090782996,6.982726911369772,9.824291641710145,2.841564730340373,294.9191952007593,302.16,7.2408047992407205,52.95285035278872,7.013050391038802,7.284994009765977,0.27194361872717465,60.27919428033885,59.01,0.0,69.12566555178697,7.012941471103584,7.3807334714313795,0.36779200032779524,106.42430645528201,66.01,0.0,461.6226959363802,427.18,0.0
438,18.25,24.793752363986957,6.991811201791909,9.87583788556991,2.884026683778001,299.3234605089114,284.27,0.0,52.95234740516381,7.002228913158882,7.265452271754363,0.2632233585954804,58.34570173769492,49.36,0.0,69.12548137439413,7.004859531075678,7.6135304393120125,0.6086709082363342,176.1245666543644,131.48,0.0,533.7937289009708,465.11,0.0
439,18.291666666666668,24.793069004335752,6.994231887220971,9.976719519824782,2.982487632603811,309.5338607513258,311.41,1.8761392486742352,52.95144269359169,6.961391378492286,7.87188914372067,0.9104977652283841,201.81614461682926,55.18,0.0,69.12392679987262,6.9702467675195985,7.8130048839249,0.8427581164053013,243.85438495839642,206.06,0.0,755.2043903265514,572.6500000000001,0.0
440,18.333333333333332,24.792089833337297,6.982460513110107,10.204315785137098,3.221855272026991,334.36313504856156,304.47,0.0,52.95030208252597,6.88882485560328,8.830590319507397,1.941765463904117,430.39224617556465,338.82,0.0,69.12218014585724,6.90169371455047,8.304625848972668,1.4029321344221977,405.9320242691701,267.47,0.0,1170.6874054932964,910.76,0.0
441,18.375,24.792432109603034,6.953469379728845,9.793968421573954,2.840499041845109,294.79017422468405,361.69,66.89982577531595,52.95159624528812,6.858765500971487,9.174427208157091,2.315661707185604,513.2788800175463,513.89,0.6111199824537152,69.12465196227357,6.853814920254646,8.918408629078675,2.064593708824029,597.4021500751111,532.39,0.0,1405.4712043173413,1407.9699999999998,2.4987956826585105
442,18.416666666666668,24.793895354373277,6.932101654326753,8.788402534625018,1.8563008802982646,192.66035602704105,223.29,30.629643972958945,52.955397547644935,6.98246515133324,9.27128124840534,2.288816097072101,507.3648262737146,504.64,0.0,69.12969435563069,6.959152451496272,9.011817490955936,2.052665039459664,593.9938470327152,651.72,57.72615296728486,1294.0190293334708,1379.65,85.63097066652927
443,18.458333333333332,25.02901191141747,6.946838728737131,8.572835960421093,1.6259972316839626,170.35807767783237,157.24,0.0,53.45864444097242,7.055994652373608,10.167096950157973,3.111102297784365,696.1958941765415,502.12,0.0,69.78578518559482,7.056432760118137,8.997516726906328,1.9410839667881907,567.0358477183596,524.76,0.0,1433.5898195727336,1184.12,0.0
444,18.5,25.029804805267478,6.9729661399566005,8.505038539637308,1.5320723996807075,160.52252244493093,179.17,18.64747755506906,53.46038040401387,7.045544688491919,10.066337975929692,3.0207932874377725,676.0086861111663,885.81,209.80131388883365,69.7886975757804,7.038003282640626,9.26228876924715,2.224285486606523,649.7927261972591,597.84,0.0,1486.3239347533563,1662.8200000000002,176.49606524664387
445,18.541666666666668,24.794031561066436,7.001787045715104,8.213299496512093,1.211512450796989,125.74023146389548,137.02,11.279768536104527,52.95631022928482,7.106379471742942,9.380681567182764,2.274302095439822,504.15617768664254,458.33,0.0,69.13183754438091,7.1032699067881495,9.55973864251759,2.456468735729441,710.8673470334554,690.68,0.0,1340.7637561839933,1286.03,0.0
446,18.583333333333332,24.79370172206074,7.031917335523651,8.400684674250172,1.3687673387265216,142.0594829900679,109.45,0.0,52.95564758463913,7.0849917198574826,9.43768389881452,2.352692178957037,521.5267824660837,542.24,20.71321753391635,69.13103239644762,7.088716385874629,9.627664481227402,2.538948095352773,734.7271512950142,721.07,0.0,1398.3134167511657,1372.7600000000002,0.0
447,18.625,24.793871302463337,7.050316812620131,8.646195944449774,1.5958791318296432,165.63173929193442,170.6,4.968260708065571,52.95568571689852,7.073143120585149,9.2642934254728,2.1911503048876515,485.7177668606331,492.61,6.892233139366908,69.13093116959541,7.072741546161717,9.439648620362545,2.366907074200828,684.940487271465,738.53,53.58951272853494,1336.2899934240327,1401.74,65.45000657596734
448,18.666666666666668,24.793835583341313,7.061318165387183,8.477801050997726,1.4164828856105434,147.0125032314534,156.12,9.10749676854661,52.9556030417219,7.081357417437719,9.210450983235676,2.129093565797957,471.9607575062123,470.45,0.0,69.13053218424446,7.081844775552379,9.261396105633713,2.179551330081334,630.7194525526824,620.58,0.0,1249.692713290348,1247.15,0.0
449,18.708333333333332,24.794352525340308,7.06885900293958,8.350549849801077,1.2816908468614967,133.02561595386263,133.11,0.08438404613738726,52.95631545410785,7.095796286250299,8.758762617908086,1.6629663316577874,368.6382885500037,465.03,96.39171144999625,69.13171157867751,7.089256808181774,9.094063329605886,2.004806521424112,580.1616261956606,630.05,49.88837380433938,1081.825530699527,1228.19,146.36446930047305
450,18.75,24.794605277181155,7.080839127495564,8.198517274293627,1.1176781467980623,116.00405816383997,128.18,12.175941836160035,52.956312975701074,7.138802758358472,8.187843761928935,1.049041003570463,232.54629676763625,262.03,29.483703232363723,69.13195117984971,7.135134281920559,8.852353339688818,1.7172190577682596,496.9397512233855,518.61,21.670248776614528,845.4901061548617,908.8199999999999,63.32989384513826
451,18.791666666666668,24.794502933272014,7.097518139961145,8.154249261570522,1.0567311216093769,109.67790043605686,98.7,0.0,52.95577770416974,7.137803136754887,7.848291453494172,0.7104883167392844,157.495995264075,192.18,34.684004735925015,69.13131429797383,7.138913358796769,8.669863396502066,1.5309500377052974,443.03195833538376,463.04,20.008041664616258,710.2058540355156,753.9200000000001,43.71414596448449
452,18.833333333333332,24.793827744859996,7.109065232744846,9.178670149163466,2.06960491641862,214.79800876074788,115.89,0.0,52.95350771035543,7.093360848791102,7.50716253542315,0.4138016866320484,91.72468186398788,111.18,19.455318136012124,69.12847990366639,7.1056741376573855,8.524087529571887,1.418413391914501,410.4488603006093,410.29,0.0,716.9715509253451,637.36,0.0
453,18.875,24.793063198032378,7.1003992357005945,10.109233055833345,3.0088338201327502,312.26809473193055,311.49,0.0,52.951014411908965,6.9846621488156,7.251980890920823,0.267318742105223,59.25198679638454,60.1,0.8480132036154586,69.12541602554852,7.000300562632995,8.464305675206372,1.4640051125733775,423.62304290010945,397.66,0.0,795.1431244284245,769.25,0.0
454,18.916666666666668,24.793463822246224,7.067767395856405,9.989679422642086,2.92191202678568,303.25192405537643,309.84,6.58807594462354,52.95177338086774,6.95572138880095,7.211834151546156,0.25611276274520556,56.76896213627505,46.11,0.0,69.1259424238583,6.953652360031405,8.19755398302229,1.2439016229908857,359.9368600740044,436.92,76.9831399259956,719.9577462656559,792.87,72.91225373434406
455,18.958333333333332,24.793722916372317,7.036740063027403,9.898242764141669,2.861502701114266,296.98541913134557,293.29,0.0,52.95236926640639,6.989379714875303,7.280539309206588,0.291159594331285,64.5380332238838,55.32,0.0,69.12608795102639,6.986204905737959,7.918146344097293,0.9319414383593339,269.6682559779148,269.06,0.0,631.1917083331441,617.6700000000001,0.0
456,19.0,24.79411405856908,7.0188348679081205,9.905268148606396,2.8864332806982755,299.5776033493705,297.46,0.0,52.95317008346013,7.006733331654677,7.289465561988692,0.2827322303340152,62.6709831496698,61.69,0.0,69.12659877822536,7.001649890285684,7.646987863300449,0.6453379730147653,186.73754010725136,256.13,69.39245989274863,548.9861266062917,615.28,66.29387339370828
457,19.041666666666668,24.79419638329987,7.014070666401155,9.865976129107395,2.85190546270624,295.9950074000404,298.48,2.4849925999596394,52.9533113071845,7.034347406953374,7.281252658775915,0.24690525182254142,54.72965047589491,51.52,0.0,69.12639155912035,7.032987471780577,7.441314484093812,0.40832701231323565,118.15475991566541,101.95,0.0,468.8794177916007,451.95,0.0
458,19.083333333333332,24.793949396405637,7.01662432185665,9.841319449893772,2.8246951280371224,293.16796699936145,290.19,0.0,52.952815521735424,7.02024089703837,7.303077014605856,0.28283611756748606,62.69359121443674,45.72,0.0,69.12585672098778,7.023022220458686,7.51507132009669,0.49204909963800425,142.3797389394667,118.94,0.0,498.2412971532649,454.84999999999997,0.0
459,19.125,24.793977736889897,7.016972342357201,9.88772468898111,2.8707523466239095,297.94846985854963,292.9,0.0,52.952887503832656,7.011194715625254,7.331943177047453,0.32074846142219915,71.09735641708586,67.63,0.0,69.12596587521153,7.0112810536458365,7.540599033404054,0.5293179797582175,153.16413511230766,150.65,0.0,522.2099613879432,511.17999999999995,0.0
460,19.166666666666668,24.79463460285595,7.017123910378162,8.908051335376056,1.8909274249978942,196.26000120215,299.83,103.56999879784999,52.95472421234045,7.0484871957257385,7.325474883934046,0.2769876882083073,61.399438592045584,62.5,1.100561407954416,69.12829595218298,7.03739881250174,7.497584830473585,0.46018601797184466,133.16450976893216,140.47,7.305490231067836,390.8239495631277,502.79999999999995,111.97605043687224
461,19.208333333333332,24.794872528932707,7.03133457906322,7.8011092539536895,0.7697746748904697,79.89594223846247,86.62,6.724057761537537,52.95603883786244,7.132675173767071,7.437238231966124,0.3045630581990535,67.51370483804244,48.18,0.0,69.13019499709937,7.123608409920883,7.662839930814215,0.539231520893332,156.04227626671056,110.46,0.0,303.45192334321547,245.26,0.0
462,19.25,24.79444967046164,7.059042329113726,7.942920375480187,0.8838780463664611,91.73731911263211,67.81,0.0,52.95528765307654,7.1311895060247705,7.513880659210895,0.38269115318612457,84.83146713549735,74.93,0.0,69.1295907558362,7.134365513096825,7.908176281832845,0.7738107687360198,223.92262630904375,186.81,0.0,400.49141255717325,329.55,0.0
463,19.291666666666668,24.79380899047732,7.079700732754436,8.228011955841966,1.1483112230875303,119.17964420500924,110.98,0.0,52.9539924784742,7.085063096024442,7.674425722190103,0.589362626165661,130.6413096498719,82.83,0.0,69.12808237925194,7.094059561249011,8.106441096139143,1.0123815348901317,292.95299948309423,246.71,0.0,542.7739533379754,440.52,0.0
464,19.333333333333332,24.792129919700677,7.08036609323969,8.116562394015643,1.036196300775953,107.53630272047668,122.65,15.113697279523322,52.951450478226796,6.984841758187503,8.613775430522976,1.6289336723354726,361.0609212589873,167.28,0.0,69.12478348354817,7.006068657091939,8.724754045807229,1.71868538871529,497.3125199841875,325.53,0.0,965.9097439636514,615.46,0.0
465,19.375,24.79155305746241,7.049398769449834,7.785248951326404,0.7358501818765699,76.36464890704394,87.14,10.775351092956058,52.9514414303651,6.885728449860967,9.502975396578734,2.617246946717766,580.1251753355854,547.01,0.0,69.12544983893504,6.892665649810133,9.632260153245992,2.7395945034358595,792.7266903563982,658.12,0.0,1449.2165145990275,1292.27,0.0
466,19.416666666666668,25.368977757462453,7.005048504649917,7.860206696289515,0.8551581916395978,90.81313155183099,60.07,0.0,54.18503019156667,6.919671974802188,9.553311818416985,2.6336398436147963,597.358334685759,606.06,8.701665314240927,70.73726577451589,6.910729761054587,10.182538862502078,3.2718091014474906,968.802942265183,918.85,0.0,1656.974408502773,1584.98,0.0
467,19.458333333333332,27.93959303274983,6.978283660179002,8.019153528086273,1.0408698679072703,121.73507741226973,116.86,0.0,59.6759442528935,6.978600662564177,9.446534181413263,2.467933518849086,616.4984372976088,579.91,0.0,77.90809222033359,6.971318782358102,10.384111612721968,3.412792830363866,1112.9911714391055,1009.98,0.0,1851.2246861489841,1706.75,0.0
468,19.5,27.50640983031425,6.975331149830826,7.961470477125197,0.9861393272943717,113.54588830785853,118.76,5.214111692141472,58.75067240933304,7.012523541591228,9.462277937000051,2.4497543954088234,602.4688694139957,639.88,37.41113058600433,76.6998680449753,7.009385971014324,10.44937034273228,3.439984371717956,1104.4608101642611,1202.51,98.04918983573884,1820.4755678861152,1961.15,140.6744321138849
469,19.541666666666668,25.759288725518466,6.984712287025914,7.967032854913976,0.9823205678880615,105.92203803501471,101.19,0.0,55.01858567425588,7.022089790139765,9.40825519506468,2.386165404924914,549.5525039672956,552.65,3.0974960327043846,71.82638937651059,7.021211772044831,10.519430784384195,3.498219012339364,1051.7929496266534,992.95,0.0,1707.2674916289636,1646.79,0.0
470,19.583333333333332,27.93002116903408,6.996942983723165,7.939546779192472,0.9426037954693074,110.20458742271185,104.94,0.0,59.65574252917736,7.032105516025267,9.623539721350937,2.5914342053256707,647.1301982394095,536.57,0.0,77.8814567065129,7.029907596440528,10.387178721076394,3.357271124635866,1094.5099278100522,1101.03,6.5200721899477685,1851.8447134721737,1742.54,0.0
471,19.625,28.039862635754464,7.010693700895499,7.992414351512533,0.9817206506170342,115.2293288272778,107.81,0.0,59.89046849096595,7.042620933937273,9.732155460877086,2.6895345269398137,674.2703431726517,748.55,74.27965682734828,78.18772803900931,7.042773164068967,10.311796296028673,3.269023131959706,1069.9310998162343,1070.46,0.5289001837656997,1859.4307718161638,1926.82,67.38922818383617
472,19.666666666666668,26.218666962480913,7.0209395392493485,8.088721534548625,1.0677819952992769,117.19050471047143,114.98,0.0,55.99990955016102,7.0302878084904155,9.516445841527544,2.4861580330371282,582.794280155754,588.81,6.01571984424595,73.10760027602625,7.032033369015952,10.424499949761135,3.3924665807451824,1038.191169816276,1053.27,15.078830183723994,1738.1759546825015,1757.06,18.884045317498476
473,19.708333333333332,25.259066034827875,7.025948636038886,8.216950542819388,1.1910019067805022,125.92993206473975,113.46,0.0,53.949383510132485,7.0499512436676435,8.88103489676736,1.831083653099717,413.51750212952334,567.03,153.51249787047664,70.4306365527579,7.043066251796614,10.355631485735083,3.312565233938469,976.6192427123678,1011.89,35.27075728763214,1516.066676906631,1692.38,176.31332309336904
474,19.75,24.794414064816223,7.037079824882537,8.296830821390666,1.2597509965081288,130.7488218395833,133.34,2.5911781604167174,52.955961597381595,7.109777661841551,8.127870697112138,1.0180930352705877,225.6844045095769,250.87,25.18559549042311,69.13355203827231,7.100482728711829,9.856244436957354,2.755761708245525,797.4982826042259,932.0,134.5017173957741,1153.9315089533861,1316.21,162.2784910466139
475,19.791666666666668,24.793764817131425,7.058829205589512,9.184348921803505,2.1255197162139927,220.60067612012799,123.34,0.0,52.9538829266866,7.105232284833963,7.920308128562152,0.8150758437281898,180.6737493503699,189.63,8.956250649630107,69.13016020500937,7.1159539216714505,9.379232293987803,2.2632783723163525,654.944894009867,652.6,0.0,1056.219319480365,965.57,0.0
476,19.833333333333332,24.793757791642044,7.067104234712502,10.03083812525382,2.9637338905413184,307.5960716086686,315.68,8.083928391331426,52.95285821031086,7.0183916720310116,7.51402347338342,0.4956318013524088,109.86207441942575,160.45,50.587925580574236,69.12831585189234,7.024453004869357,8.870999001559934,1.846545996690577,534.3371019474291,646.59,112.25289805257091,951.7952479755235,1122.72,170.92475202447656
477,19.875,24.79350751493712,7.058467012812794,9.89818024028372,2.8397132274709262,294.7214049139424,296.17,1.448595086057594,52.95203274393768,7.0132648696689746,7.301030040072563,0.2877651704035884,63.78522453809674,47.06,0.0,69.1269738294871,7.018654988446585,8.607622531121729,1.5889675426751442,459.7924072529805,409.48,0.0,818.2990367050197,752.71,0.0
478,19.916666666666668,24.793395112875928,7.04223120563955,9.947957439447512,2.905726233807962,301.57123867906364,289.95,0.0,52.951845857999366,6.971800524382933,7.414682730176069,0.4428822057931363,98.16768721239569,68.45,0.0,69.12642518523096,6.9742680814944755,8.523662321305968,1.5493942398114928,448.33769981316857,498.0,49.66230018683143,848.0766257046279,856.4,8.323374295372105
479,19.958333333333332,24.79386310979079,7.022986827648961,9.934754533672725,2.911767706023764,302.2039580460343,310.16,7.956041953965723,52.952901311906004,6.993424009000327,7.5271238676946925,0.5336998586943658,118.30036159674121,116.3,0.0,69.12701172715802,6.9884167914138615,8.190397953508532,1.20198116209467,347.8120856069222,385.76,37.94791439307778,768.3164052496977,812.22,43.90359475030232
480,20.0,24.79406495424995,7.01380763027007,9.901261079340715,2.8874534490706454,299.68289123108786,290.87,0.0,52.95324234269186,7.0222329647378015,7.44710973485101,0.4248767701132081,94.17915037302635,108.68,14.500849626973661,69.12724879932479,7.019170641934359,8.033937906678238,1.0147672647438792,293.6398176015467,296.16,2.5201823984533007,687.5018592056609,695.71,8.208140794339101
481,20.041666666666668,24.79419955493634,7.014028515262071,9.952259393800722,2.9382308785386506,304.954632353672,305.41,0.45536764632799986,52.953410332216265,7.031296228969273,7.384525637147272,0.35322940817799875,78.29788170405581,67.67,0.0,69.12722419993173,7.029622816041961,7.868815308283096,0.8391924922411347,242.83424507800729,277.17,34.33575492199273,626.0867591357351,650.25,24.163240864264935
482,20.083333333333332,24.794357119348255,7.0189923970400985,9.752904726003852,2.7339123289637532,283.75051581208646,301.3,17.54948418791355,52.95385223546839,7.046279088053694,7.422463495817687,0.37618440776399265,83.38685108690264,77.0,0.0,69.12739175070084,7.043801129947708,7.682468319949698,0.63866719000199,184.80937601608255,193.85,9.040623983917442,551.9467429150717,572.15,20.203257084928282
483,20.125,24.79428535303771,7.027358052871044,10.04247401818984,3.0151159653187953,312.9355045511461,262.5,0.0,52.95355960230881,7.05166681560673,7.374667218760648,0.32300040315391865,71.59743232451964,77.86,6.262567675480355,69.12682405408361,7.052969101241887,7.55697878513125,0.5040096838893628,145.84270446469515,160.78,14.937295535304855,530.375641340361,501.14,0.0
484,20.166666666666668,24.79424652809274,7.033392984314283,9.620134057059898,2.5867410727456157,268.47453447832305,361.06,92.58546552167695,52.95365246399225,7.03519300317007,7.4469787466729045,0.4117857435028345,91.27807060640309,53.17,0.0,69.12675832474054,7.0352256857815965,7.5073866036841235,0.472160917902527,136.6266600301184,115.5,0.0,496.37926511484454,529.73,33.350734885155475
485,20.208333333333332,24.793964252407253,7.036974781591134,9.543613449074483,2.506638667483349,260.15784683097843,170.62,0.0,52.95338101577434,7.046824041146902,7.601786648417562,0.5549626072706602,123.01459479821304,117.83,0.0,69.12658651478068,7.049220682918494,7.701735683065743,0.6525150001472486,188.81427947691964,142.53,0.0,571.9867211061111,430.98,0.0
486,20.25,24.793137235813987,7.035388108195622,10.351875725706451,3.3164876175108287,344.19859123867417,347.68,3.481408761325838,52.95112318316746,6.972565254429463,7.488583805131616,0.5160185507021531,114.37726707492044,116.59,2.212732925079564,69.1245846415023,6.9853479953494055,8.119298088377459,1.1339500930280533,328.1147089673931,220.52,0.0,786.6905672809877,684.79,0.0
487,20.291666666666668,24.792326232998377,7.015400521764832,10.406544430779512,3.39114390901468,351.935212755082,337.53,0.0,52.94999258948902,6.900952509107284,8.098457611231629,1.197505102124345,265.4254119821423,100.37,0.0,69.12316060284297,6.912608707824943,8.535213259854098,1.6226045520291548,469.49989741759697,422.78,0.0,1086.8605221548212,860.68,0.0
488,20.333333333333332,25.564909048065633,6.978841489151832,9.847552643835083,2.8687111546832513,306.9942902129593,363.48,56.48570978704072,54.60159631126414,6.846194069249585,9.156546077491196,2.310352008241611,528.0593275942198,421.58,0.0,71.27977029697657,6.850956003703871,9.14951032753071,2.2985543238268384,685.8360157744522,504.14,0.0,1520.8896335816312,1289.1999999999998,0.0
489,20.375,28.55469831601879,6.939359289908296,8.731607545691041,1.792248255782745,214.22737513988807,244.1,29.872624860111927,60.989384973313705,6.9135690294759495,9.740939896933554,2.8273708674576046,721.8322087061879,627.93,0.0,79.62183387438887,6.895578639634711,9.762849285501268,2.867270645866557,955.6526947014811,859.83,0.0,1891.7122785475572,1731.8600000000001,0.0
490,20.416666666666668,30.57918759983691,6.938308624517609,8.309960796366042,1.3716521718484325,175.5776220284577,173.79,0.0,65.31451078330574,7.060659124281865,9.91601693417819,2.855357809896325,780.6735053731076,805.06,24.386494626892386,85.27027018328742,7.04558559660975,10.05950896417957,3.013923367569819,1075.7938785923866,1035.89,0.0,2032.045005993952,2014.74,0.0
491,20.458333333333332,30.345932002917756,6.980898902476676,8.27411598028286,1.2932170778061831,164.27487124898377,167.82,3.5451287510162217,64.81616338422319,7.113949365669932,9.740335424252411,2.6263860585824785,712.5922733587734,739.49,26.897726641226654,84.62012569588182,7.110867523638095,10.328564511216642,3.217696987578547,1139.7721319390969,1094.42,0.0,2016.639276546854,2001.73,0.0
492,20.5,30.077325062031658,7.028855265014394,8.300722619238416,1.271867354224022,160.13278381500174,151.3,0.0,64.24236144217511,7.115358429635566,9.678871236020331,2.5635128063847654,689.3760827037702,668.76,0.0,83.87097530101858,7.1161681288713785,10.388706729351002,3.2725386004796233,1148.9356232984624,1164.34,15.404376701537558,1998.4444898172342,1984.3999999999999,0.0
493,20.541666666666668,29.66318198354105,7.062329553206645,8.386706300353286,1.3243767471466406,164.44796635608458,159.93,0.0,63.35772554476609,7.100046854539758,9.72248646688572,2.6224396123459615,695.5114733812661,693.66,0.0,82.71556598938241,7.102691290385223,10.309429526086047,3.2067382357008247,1110.3246458582655,1113.25,2.9253541417344877,1970.2840855956163,1966.84,0.0
494,20.583333333333332,29.22256728153969,7.078062686000182,8.213822329460497,1.1357596434603145,138.93255552968813,160.34,21.407444470311873,62.41664352804613,7.081807664115656,9.744496514243588,2.6626888501279318,695.6968778840767,681.92,0.0,81.48661115346725,7.08355187364971,10.326030799724238,3.2424789260745284,1106.0191409019453,1088.25,0.0,1940.64857431571,1930.51,0.0
495,20.625,27.88984303209543,7.082011605801498,8.111451096003492,1.0294394902019937,120.18385164855172,108.79,0.0,59.56988380359412,7.078332406065937,9.730722028301388,2.652389622235451,661.3986391310058,695.04,33.641360868994184,77.76915370699302,7.078795373478033,10.359281694802693,3.28048632132466,1067.9350197891044,1105.86,37.924980210895455,1849.517510568662,1909.6899999999998,60.17248943133791
496,20.666666666666668,25.75018744093079,7.081346719909981,8.226585253851198,1.1452385339412166,123.44558754017515,124.06,0.6144124598248482,54.99898425611047,7.071751902267241,9.428179755556416,2.3564278532891745,542.5103653579363,615.88,73.36963464206372,71.80059499298886,7.072363129333166,10.385088941094239,3.312725811761073,995.6638946182607,1015.14,19.47610538173933,1661.6198475163721,1755.08,93.46015248362778
497,20.708333333333332,24.79392912234462,7.079452026959246,8.195288231523927,1.1158362045646806,115.80972433336171,117.29,1.480275666638292,52.95584483152661,7.0864223389403005,8.960495711093635,1.874073372153335,415.4317785925398,460.72,45.28822140746024,69.13295328198868,7.081915723457716,10.227094365828012,3.145178642370296,910.184953381225,965.5,55.315046618775,1441.4264563071265,1543.51,102.08354369287349
498,20.75,24.794290575321853,7.0832847538310935,8.382689612406125,1.2994048585750315,134.86380137873726,109.38,0.0,52.955942135321514,7.119533106598332,8.41533433087852,1.295801224280189,287.2448882926879,360.8,73.55511170731211,69.13321348950873,7.115666435343504,9.864677510389427,2.7490110750459227,795.5408004784231,845.65,50.1091995215769,1217.6494901498481,1315.83,98.1805098501518
499,20.791666666666668,24.79433618239178,7.092975258272411,9.484291076436671,2.3913158181642604,248.1924956817172,156.07,0.0,52.95506720158528,7.11431689918871,8.054890007198663,0.9405731080099535,208.49675742922088,202.91,0.0,69.13095690219134,7.118005724676049,9.083851029158508,1.9658453044824586,568.8806107480309,735.71,166.82938925196913,1025.569863858969,1094.69,69.12013614103103
500,20.833333333333332,24.793318019985342,7.095889197074396,10.492778271141075,3.3968890740666797,352.5455524708974,338.26,0.0,52.95191601050944,7.032190892235744,7.721444543677335,0.6892536514415912,152.77770391604776,203.26,50.482296083952235,69.12650450855173,7.0506278377951555,8.714792217582186,1.6641643797870307,481.54850917870885,389.39,0.0,986.871765565654,930.91,0.0
501,20.875,24.793291594125144,7.074129427013518,10.264625714594182,3.1904962875806637,331.1247594424054,363.93,32.80524055759463,52.95139594203089,6.953201340626529,7.300265375006576,0.34706403438004685,76.92832007570148,90.37,13.441679924298526,69.12645852798784,6.956766752526679,8.766456942868672,1.8096901903419926,523.6580257084885,562.03,38.37197429151149,931.7111052265954,1016.3299999999999,84.61889477340458
502,20.916666666666668,24.79413533306515,7.0438041202259996,9.886980927265625,2.843176807039626,295.08834667679065,294.52,0.0,52.95317802959822,7.00514411537236,7.1939101179805744,0.1887660026082143,41.84225028021449,51.32,9.477749719785507,69.12817586724081,6.994842897218295,8.386518272901407,1.3916753756831115,402.70986078370373,473.13,70.42013921629626,739.6404577407088,818.97,79.3295422592912
503,20.958333333333332,24.794103745250194,7.031014139228973,9.89245322802218,2.8614390887932073,296.98337859186694,292.36,0.0,52.95306943052573,7.0385315683517975,7.192648290928252,0.1541167225764548,34.161751397029605,19.97,0.0,69.1276504902575,7.037828662910495,8.193725089403822,1.1558964264933271,334.479835870557,318.88,0.0,665.6249658594536,631.21,0.0
504,21.0,24.794346998822867,7.02868109503696,9.958558462223944,2.929877367186984,304.0894420998485,298.42,0.0,52.95363686010833,7.037084416791819,7.294456985687941,0.25737256889612237,57.0502135248145,36.04,0.0,69.12769249082021,7.03433094836748,7.89854693619973,0.8642159878322495,250.07690202184102,336.62,86.54309797815898,611.216557646504,671.08,59.863442353496
505,21.041666666666668,24.794381861507354,7.03183210986893,9.934063086201522,2.902230976332593,301.2204706023548,306.66,5.439529397645231,52.9537725433814,7.056234667910981,7.390217279973688,0.33398261206270696,74.0320859951579,66.05,0.0,69.12719140673894,7.055936487524631,7.612773686041291,0.5568371985166598,161.12998845540488,148.58,0.0,536.3825450529175,521.2900000000001,0.0
506,21.083333333333332,24.794017191340327,7.036964331933434,9.868117751436515,2.8311534195030807,293.83906019705887,292.46,0.0,52.95302764943171,7.034803744840049,7.385100332810685,0.3502965879706359,77.64722290618846,70.01,0.0,69.12647623273013,7.039068040255075,7.744386054826191,0.705318014571116,204.0932395916292,158.62,0.0,575.5795226948766,521.0899999999999,0.0
507,21.125,24.794083683898926,7.036339341866906,8.840292960356463,1.8039536184895564,187.22880003284797,291.95,104.72119996715202,52.9537072900986,7.030213324528102,7.421679689177761,0.3914663646496592,86.77408587379756,73.29,0.0,69.12802347195668,7.026521778923404,8.104406998865715,1.0778852199423108,311.907545046859,235.11,0.0,585.9104309535046,600.35,14.439569046495421
508,21.166666666666668,24.79489180787579,7.039640462155114,8.41241397822634,1.3727735160712262,142.48210860104598,76.33,0.0,52.955827651869136,7.106411997009827,7.393094490042152,0.28668249303232507,63.54979538399192,88.46,24.910204616008073,69.1308234346963,7.092934002302681,8.09582414422,1.0028901419173186,290.2179808676374,375.5,85.28201913236262,496.2498848526753,540.29,44.040115147324684
509,21.208333333333332,24.794599550136983,7.059128014211126,9.32937341856849,2.2702454043573645,235.62921030309246,205.16,0.0,52.95465541539094,7.123041593032123,7.314195820675959,0.19115422764383627,42.37281118792805,26.32,0.0,69.12874379680449,7.128013852717038,7.769499984380557,0.6414861316635196,185.62871604264708,190.42,4.791283957352903,463.63073753366757,421.9,0.0
510,21.25,24.793606722717172,7.073514944999602,9.807272631803757,2.7337576868041547,283.7258784582088,262.85,0.0,52.952195873548284,7.0407353512995074,7.259721580470409,0.21898622917090194,48.54002591899345,46.17,0.0,69.12588181073816,7.0559932550358715,7.919966899067311,0.8639736440314394,250.00022686055345,165.85,0.0,582.2661312377556,474.87,0.0
511,21.291666666666668,24.793237396296504,7.063068758386104,9.941242918895526,2.878174160509422,298.70984239025375,301.6,2.890157609746268,52.95149824196018,6.965972808824757,7.457222137040885,0.4912493282161279,108.88785591433013,38.54,0.0,69.12494226621692,6.97340538438668,8.029211732390987,1.0558063480043067,305.5049662305313,320.33,14.82503376946869,713.1026645351152,660.47,0.0
512,21.333333333333332,24.791685504683247,7.035101444011565,8.786534982010728,1.751433537999163,181.76026186461576,292.5,110.73973813538424,52.95005699846291,6.901661969737359,8.775991189093023,1.8743292193556647,415.4430820488384,168.09,0.0,69.12289419274647,6.917931725782767,8.79528849879117,1.8773567730084029,543.2102443771646,276.69,0.0,1140.4135882906187,737.28,0.0
513,21.375,28.409432979442936,6.990048795204642,8.586307182021104,1.5962583868164613,189.8300586249571,64.66,0.0,60.67901734764764,6.873914250070657,9.446532334134714,2.5726180840640573,653.4510817546137,655.97,2.518918245386317,79.21706975933462,6.866337254651372,9.804283198497908,2.937945943846536,974.2306723249901,799.88,0.0,1817.511812704561,1520.51,0.0
514,21.416666666666668,31.734178493456437,6.954629085367473,9.257737662307772,2.303108576940299,305.9432647944363,317.95,12.0067352055637,67.78016303717605,6.953431953499718,9.060990269244497,2.107558315744779,597.972805208935,629.49,31.51719479106498,88.49163398119077,6.9463126294518895,10.20501255621189,3.258699926760001,1207.1071133917653,1137.0,0.0,2111.0231833951366,2084.44,0.0
515,21.458333333333332,31.89373792816944,6.9524458115878085,9.184409966181535,2.2319641545937268,297.9832556916949,284.03,0.0,68.12105000697026,7.00108706387168,9.070568854904208,2.069481791032528,590.122491000797,545.02,0.0,88.9369366319709,6.9958090771155526,10.309741509349386,3.313932432233834,1233.7439606763025,1253.22,19.476039323697478,2121.8497073687945,2082.27,0.0
516,21.5,33.28949693056657,6.971118472430357,9.175827942026473,2.204709469596116,307.2258989401333,302.16,0.0,71.10275822464277,7.032358376352315,9.280394491998203,2.2480361156458883,669.096805368591,613.95,0.0,92.83033380523752,7.029315311227376,10.220267741073101,3.1909524298457255,1239.9651122116234,1188.98,0.0,2216.2878165203474,2105.09,0.0
517,21.541666666666668,33.55294219300213,6.997411375288595,9.121384709298201,2.123973334009606,298.3176111181727,300.31,1.9923888818273099,71.66588298806062,7.054360648987542,9.564919449191272,2.5105588002037305,753.1510356972543,700.25,0.0,93.56506286454972,7.052177625673478,10.072451084678653,3.0202734590051747,1182.9304303869515,1261.27,78.33956961304852,2234.3990772023785,2261.83,27.430922797621406
518,21.583333333333332,32.0383403223706,7.021648647097892,8.88485854905505,1.8632099019571582,249.8797241688068,284.34,34.46027583119317,68.4308830272785,7.064925864787176,9.74075838558445,2.6758325207972735,766.4967112200794,780.71,14.213288779920617,89.34015122447416,7.064011809952576,10.04538389497819,2.9813720850256145,1114.9671910559232,1074.8,0.0,2131.343626444809,2139.85,8.506373555190748
519,21.625,31.85157049633957,7.040711992904499,9.091501623459395,2.0507896305548963,273.4331638744112,204.82,0.0,68.03176429476135,7.075117477757041,9.649826830639,2.5747093528819596,733.2282149781696,731.9,0.0,88.81911764788404,7.074502137769983,10.06451589108799,2.9900137533180065,1111.6776245973756,1129.06,17.382375402624348,2118.339003449956,2065.7799999999997,0.0
520,21.666666666666668,31.438964805044243,7.053216991475839,9.431312702840842,2.3780957113650025,312.9657348218332,333.34,20.374265178166752,67.14998195606967,7.050129149626347,9.532672512046764,2.482543362420417,697.8176779772207,714.05,16.23232202277927,87.66766360725309,7.054424788577868,9.995786364840015,2.941361576262147,1079.4115761421976,1068.5,0.0,2090.1949889412517,2115.89,25.69501105874815
521,21.708333333333332,27.813277445278068,7.0523463079598665,10.074885028072659,3.0225387201127925,351.9032397365273,283.38,0.0,59.404385383855406,7.025783660770178,9.041378746062561,2.015595085292383,501.21149372181407,662.07,160.85850627818598,77.55353307502965,7.029484804938179,10.014801919854941,2.9853171149167617,969.1506299122702,1065.97,96.8193700877298,1822.2653633706116,2011.42,189.1546366293885
522,21.75,24.794503075028512,7.044258593775168,10.23996017575484,3.195701581979672,331.6811956875098,409.58,77.8988043124902,52.95511475826709,7.036681716455599,8.34000979474859,1.3033280782929921,288.9088789740924,333.77,44.86112102590761,69.13128790037827,7.025946147063604,9.395840077145262,2.369893930081658,685.8083687360693,857.69,171.88163126393079,1306.3984433976714,1601.04,294.6415566023286
523,21.791666666666668,24.795112894598017,7.049079569660351,9.677827089344163,2.628747519683812,272.84386311090213,249.14,0.0,52.95625855008409,7.136131888597061,8.030017856010645,0.893885967413584,198.15208090984729,233.61,35.45791909015273,69.1318200874775,7.127017315997544,8.72023382966434,1.5932165136667953,461.05423360612133,502.36,41.305766393878685,932.0501776268708,985.11,53.059822373129236
524,21.833333333333332,24.794153861970376,7.0691730303544995,9.986771853748262,2.917598823393763,302.8127038479743,293.5,0.0,52.95371628635744,7.095268503511869,7.723750266306576,0.6284817627947064,139.31194259494433,151.46,12.148057405055681,69.12901793258023,7.107410665026182,8.795505483231292,1.6880948182051094,488.49086651287206,407.08,0.0,930.6155129557908,852.04,0.0
525,21.875,24.793758538576277,7.074028433808495,10.07842249217521,3.0043940583667155,311.81606442735557,309.09,0.0,52.952623722633625,7.024697010509445,7.509714277444849,0.4850172669354045,107.50877359135447,115.5,7.991226408645531,69.12829660448756,7.031735339649331,9.015351004470288,1.9836156648209569,574.000946905235,558.25,0.0,993.325784923945,982.8399999999999,0.0
526,21.916666666666668,24.79458969708517,7.0638183446491265,10.105463841908348,3.0416454972592213,315.6928499263023,311.4,0.0,52.95425105735903,7.045291204388511,7.3945362593204855,0.34924505493197433,77.4159271970457,87.65,10.234072802954302,69.12970263764788,7.036424749379937,8.574033758231298,1.5376090088513612,444.9485825806569,578.43,133.48141741934307,838.0573597040049,977.4799999999999,139.42264029599505
527,21.958333333333332,24.79453785386662,7.06155419233171,10.03981094225832,2.9782567499266106,309.11307584713,316.88,7.76692415286999,52.95410353920921,7.084926113103578,7.403957645771319,0.31903153266774087,70.7184046118884,55.11,0.0,69.12877290988932,7.085099722583395,8.21018264507163,1.1250829224882342,325.56866935868294,297.98,0.0,705.4001498177013,669.97,0.0
528,22.0,24.79485470463859,7.064972619383292,9.522970869784203,2.4579982504009106,255.11873989561377,298.02,42.90126010438621,52.95502786933074,7.08219004897861,7.421777815370549,0.3395877663919391,75.27633414528226,74.35,0.0,69.12953541715014,7.076873458523732,7.991774299399957,0.9149008408762249,264.7505609654849,339.7,74.94943903451508,595.1456350063809,712.0699999999999,116.92436499361906
529,22.041666666666668,24.79493528380098,7.0739711541034955,9.124783447885855,2.05081229378236,212.85708742148987,207.79,0.0,52.95548643630588,7.128965305344828,7.463615500351933,0.33465019500710547,74.18246632886826,64.2,0.0,69.12968379233546,7.126032111315071,7.788634191461951,0.6626020801468799,191.74170696699983,175.08,0.0,478.7812607173579,447.07000000000005,0.0
530,22.083333333333332,24.794242258251728,7.087134890662103,9.51000273130391,2.422867840641807,251.46629883171244,213.99,0.0,52.953990061763776,7.0910211136637304,7.585176469684719,0.4941553560209888,109.53714583978784,72.19,0.0,69.12766469528835,7.100154572694935,7.836699746349364,0.7365451736544291,213.13290167956603,193.67,0.0,574.1363463510663,479.85,0.0
531,22.125,24.79405854368926,7.086776866984395,9.9667072292103,2.879930362225905,298.90200814362584,285.95,0.0,52.95331435444838,7.038198980287163,7.549258105940133,0.5110591256529702,113.28268120104555,135.42,22.13731879895444,69.12672464110136,7.043541171659882,7.783897997737323,0.7403568260774405,214.23296010580918,218.01,3.777039894190807,626.4176494504806,639.38,12.962350549519442
532,22.166666666666668,24.79382235287216,7.074262300389607,10.057242044737261,2.982979744347655,309.59434084891143,308.83,0.0,52.95251183257634,7.017299584919511,7.328834322547668,0.31153473762815764,69.05454524182986,79.21,10.155454758170137,69.1261670534297,7.021780804839101,7.896218411638192,0.8744376067990913,253.02913307746456,195.73,0.0,631.6780191682058,583.77,0.0
533,22.208333333333332,24.79403551175827,7.0564089355102455,10.037258358050167,2.9808494225399214,309.37590102804035,307.17,0.0,52.953012857136166,7.006106212406337,7.385624376405059,0.3795181639987222,84.12449409146403,46.66,0.0,69.12652971255052,7.004122339931354,7.779253103894506,0.7751307639631522,224.2946697050785,296.4,72.10533029492149,617.7950648245828,650.23,32.434935175417195
534,22.25,24.79420778421267,7.0424322578774,10.038783984250598,2.996351726373198,310.987012310606,308.43,0.0,52.953459631591755,7.030159714750272,7.4988867962706625,0.4687270815203908,103.89953638774676,109.97,6.070463612253235,69.12651352507221,7.028114498727763,7.543648799663672,0.5155343009359097,149.1768538268282,137.1,0.0,564.063402525181,555.5,0.0
535,22.291666666666668,24.792952669830683,7.034351457079473,10.020607885049353,2.98625642796988,309.9235463703656,310.42,0.4964536296344022,52.95130617605606,6.979668824248215,8.020669590389545,1.0410007661413303,230.7421583451613,85.98,0.0,69.12380936372256,6.994766384299843,7.941964098062215,0.9471977137623719,274.07380482388686,146.09,0.0,814.7395095394138,542.49,0.0
536,22.333333333333332,26.832168051649887,7.009553751959535,9.735858017202833,2.7263042652432983,306.2170105018707,306.25,0.03298949812932506,57.30844382001289,6.859174306200923,9.022255646480282,2.1630813402793594,518.9083874070297,366.07,0.0,74.81433284886005,6.875184201370935,8.97677617675396,2.101591975383025,658.1614377251324,388.77,0.0,1483.2868356340327,1061.09,0.0
537,22.375,29.173761051993853,6.960046843947281,9.444634032333733,2.4845871883864517,303.421175835437,299.71,0.0,62.31108980234245,6.869425606412323,9.489529472249147,2.6201038658368248,683.4127531757579,666.82,0.0,81.34789845588455,6.856785320183244,9.646376853812592,2.7895915336293484,949.918133283162,924.84,0.0,1936.7520622943568,1891.37,0.0
538,22.416666666666668,30.307837905531695,6.9358538464916295,8.828538995484228,1.8926851489925989,240.12233302204788,300.09,59.96766697795209,64.73430943856238,6.994830935005489,9.78243297438455,2.7876020393790606,755.3783217345507,685.64,0.0,84.51238874163094,6.980123679699849,9.857605037488199,2.8774813577883496,1017.9632975225743,956.76,0.0,2013.4639522791729,1942.49,0.0
539,22.458333333333332,31.550812089480427,6.958729066058781,8.792919429698706,1.8341903636399257,242.24463836107054,169.29,0.0,67.38965535619198,7.0836022558094935,9.819736692897276,2.7361344370877827,771.8446380447972,809.95,38.10536195520285,87.98027898660965,7.075913410935835,10.018060865658613,2.942147454722779,1083.5500929678574,1058.86,0.0,2097.639369373725,2038.1,0.0
540,22.5,29.728547006406274,7.002049889501638,8.993333742575462,1.9912838530738242,247.8027259838437,306.85,59.04727401615634,63.49678887759843,7.079922494258029,9.677383777237766,2.5974612829797374,690.398866643178,713.56,23.161133356821892,82.89690259560717,7.083299855647281,10.058376922853208,2.975077067205927,1032.370884755332,1083.91,51.53911524466798,1970.5724773823538,2104.32,133.74752261764638
541,22.541666666666668,28.312923424726833,7.0302039046079505,9.864682429086479,2.834478524478528,335.9364351051154,182.4,0.0,60.47234045955917,7.059738333624151,9.520956240708555,2.4612179070844045,623.0258518328483,650.41,27.384148167151693,78.9471068667535,7.0634844156401515,9.842696682665009,2.7792122670248576,918.4534742209526,960.35,41.896525779047465,1877.4157611589162,1793.1599999999999,0.0
542,22.583333333333332,28.93090652362265,7.0386245947351185,10.741499237380726,3.7028746426456074,448.43579936913426,489.19,40.75420063086574,61.79161727749241,6.985583153243812,9.355976365357852,2.37039321211404,613.1252206502484,580.53,0.0,80.66948491857138,6.99674871284084,9.541571938058658,2.544823225217818,859.3421768029636,857.61,0.0,1920.9031968223462,1927.33,6.42680317765371
543,22.625,27.55965435777997,7.022029340390755,10.435507980935139,3.4134786405443833,393.79498418161006,401.37,7.575015818389943,58.862299434807454,6.9533137117624335,9.08770537092958,2.1343916591671466,525.9089511894759,630.99,105.08104881052407,76.84504653816512,6.95444006524591,9.77662434864561,2.8221842833997,907.8215145515784,842.45,0.0,1827.5254499226644,1874.8100000000002,47.28455007733578
544,22.666666666666668,25.692776957406164,7.001275249600525,10.523234182452478,3.5219589328519536,378.78655764821104,381.18,2.3934423517889627,54.87449109375004,6.96326170559072,9.080495994128219,2.1172342885374986,486.33849710334306,409.55,0.0,71.63742295129418,6.9600438520215535,9.72118558473136,2.761141732709807,827.9953130714428,957.09,129.09468692855728,1693.1203678229967,1747.8200000000002,54.69963217700342
545,22.708333333333332,24.794451182904005,6.990873158116678,10.838767729778398,3.8478945716617208,399.37133320132057,372.7,0.0,52.95506147376553,7.0245609349488305,8.657291970007526,1.6327310350586952,361.92730458032054,552.15,190.22269541967944,69.13044096041232,7.01085066897351,9.213328719758978,2.2024780507854684,637.3531552930111,689.64,52.28684470698886,1398.6517930746522,1614.4899999999998,215.83820692534755
546,22.75,24.794975301285266,7.002201446682828,10.45836034537339,3.4561588986905614,358.7208377840441,423.5,64.77916221595592,52.955260251201125,7.096985205705324,7.750844556829957,0.6538593511246331,144.94147275775225,160.61,15.668527242247762,69.13131340926991,7.089140440298961,8.946444876555532,1.8573044362565705,537.4735888018674,573.94,36.46641119813262,1041.1358993436638,1158.0500000000002,116.91410065633636
547,22.791666666666668,24.795190225122962,7.029592118467408,9.99682262995522,2.967230511487812,307.9767662617048,289.69,0.0,52.95578559448485,7.131915751155054,7.668136026777926,0.5362202756228722,118.86551345539944,117.74,0.0,69.13138276290687,7.12756139725886,8.583269496792767,1.455708099533907,421.25858645027824,489.06,67.80141354972176,848.1008661673825,896.49,48.38913383261752
548,22.833333333333332,24.794903907567686,7.060166693406402,10.278466766642053,3.2183000732356506,334.0320882838409,323.42,0.0,52.95495547924801,7.124379337174794,7.5651010228821045,0.4407216857073104,97.69453086911778,108.36,10.665469130882215,69.12985507347392,7.128526278744373,8.29649639770311,1.1679701189587375,337.9843587550629,340.21,2.225641244937094,769.7109779080215,771.99,2.2790220919785042
549,22.875,24.794405700781645,7.079650872335143,10.662292886636905,3.5826420143017623,371.8402015355408,341.71,0.0,52.95356686313472,7.078965375545314,7.36735393996894,0.2883885644236255,63.92525629703074,75.05,11.124743702969255,69.12815650182198,7.087083327462366,8.232035662185135,1.1449523347227686,331.3153873451907,322.18,0.0,767.0808451777623,738.94,0.0
550,22.916666666666668,24.794268900020455,7.080977796815816,10.440474408562267,3.359496611746451,348.6781542404214,399.4,50.72184575957857,52.95333377306372,7.04029451653421,7.408207610831327,0.3679130942971165,81.55259335519753,40.49,0.0,69.1276387074027,7.043257281504727,8.148434602521288,1.1051773210165612,319.80327775059396,326.87,7.066722249406041,750.034025346213,766.76,16.725974653787034
551,22.958333333333332,24.79487442906935,7.073520686449344,9.855749134459838,2.7822284480104944,288.7712309358801,293.87,5.098769064119892,52.95489653464075,7.073607505867103,7.448307806163719,0.37470030029661583,83.05951464269377,110.98,27.920485357306234,69.12927906500383,7.065076127837081,7.965425893527113,0.9003497656900326,260.5388594527687,298.96,38.42114054723129,632.3696050313426,703.81,71.4403949686573
552,23.0,24.79468431056241,7.0750129522669605,9.988631789142156,2.9136188368751954,302.4060972691769,280.23,0.0,52.9543554556705,7.098921881099352,7.353161160849001,0.25423927974964844,56.356441120088256,42.95,0.0,69.12855593417017,7.100505190289202,7.899254569363206,0.7987493790740041,231.1358132647423,207.64,0.0,589.8983516540075,530.8199999999999,0.0
553,23.041666666666668,24.79461916463744,7.078431954937987,10.112105629236467,3.0336736742984804,314.8658274129359,321.74,6.874172587064095,52.95411941970368,7.07177720586401,7.316380276522315,0.24460307065830467,54.220170536080616,57.63,3.4098294639193867,69.12807774530829,7.073327604779773,7.78826728760244,0.7149396828226671,206.8821914212766,240.28,33.397808578723414,575.9681893702931,619.65,43.68181062970689
554,23.083333333333332,24.794475974053263,7.078069006446342,10.079084306555938,3.0010153001095956,311.4744069520125,304.68,0.0,52.9537673544861,7.071009864709542,7.267841507940537,0.1968316432309951,43.630581904741184,38.53,0.0,69.12753431475541,7.073341764410689,7.7154861308615565,0.6421443664508679,185.8159402586328,158.5,0.0,540.9209291153865,501.71000000000004,0.0
555,23.125,24.79437509130794,7.07455148941548,10.003918260381637,2.9293667709661566,304.0367922382726,315.2,11.163207761727392,52.95359369892439,7.05043113596013,7.282945742409396,0.23251460644926603,51.54005801972918,36.41,0.0,69.127276420104,7.051882865359385,7.708844733226249,0.6569618678668636,190.10293969257717,198.39,8.28706030742282,545.679789950579,550.0,4.320210049421007
556,23.166666666666668,24.794330740389512,7.068309893345008,9.943781522913968,2.8754716295689597,298.4425218715323,289.44,0.0,52.953740916110455,7.051383350208692,7.492474764321454,0.441091414112762,97.77424577915606,54.53,0.0,69.1269727689822,7.052031863074849,7.586960768859286,0.5349289057844366,154.7899745720602,166.86,12.070025427939811,551.0067422227485,510.83000000000004,0.0
557,23.208333333333332,24.7942284196928,7.062058533469301,10.020087706088358,2.9580291726190566,307.0098253940411,304.35,0.0,52.95361819829121,7.040126417900095,7.6255380535635675,0.5854116356634727,129.76459452438223,129.55,0.0,69.1265475149935,7.041725853356534,7.536553703121283,0.49482784976474825,143.18523127556168,127.42,0.0,579.959651193985,561.32,0.0
558,23.25,24.79413747035984,7.054839524607401,10.066248659070698,3.011409134463297,312.54891256056607,306.53,0.0,52.95335257279234,7.0316733628918335,7.564179223558268,0.5325058606664346,118.0367048769641,118.41,0.37329512303590207,69.12639986891915,7.033152944630279,7.600220068055201,0.5670671234249216,164.08830632866378,143.74,0.0,594.673923766194,568.68,0.0
559,23.291666666666668,24.79382280547233,7.0466390039398865,10.063230937716249,3.016591933776362,313.08285286401207,315.5,2.417147135987932,52.95275302708608,7.013065475243358,7.632877315611195,0.619811840367837,137.3876314800118,105.98,0.0,69.12584715640007,7.017118310256938,7.7642085966902865,0.7470902864333482,216.17864011316732,169.45,0.0,666.6491244571912,590.9300000000001,0.0
560,23.333333333333332,24.79275741924049,7.033673373216425,10.028209550754392,2.9945361775379666,310.78039861146186,307.45,0.0,52.95160572543193,6.954695757315857,8.717825612819837,1.7631298555039798,390.8072913984956,157.56,0.0,69.12337281780368,6.967900525731087,7.9707230087400704,1.0028224830089831,290.16712531195975,248.57,0.0,991.7548153219172,713.5799999999999,0.0
561,23.375,24.793190344665,7.007318241963334,10.007195550479176,2.999877308515842,311.34015089914385,311.0,0.0,52.953080025315124,6.921780093625298,9.178196252567949,2.256416158942651,500.1608002305096,616.9,116.73919976949037,69.12520936686775,6.916925383378882,8.222004869029409,1.3050794856505261,377.63535478358216,318.01,0.0,1189.1363059132357,1245.9099999999999,56.77369408676418
562,23.416666666666668,24.793948173230074,6.986534912774209,9.985527908745878,2.998992995971669,311.25788676201046,308.52,0.0,52.95431859253328,6.9967202388985825,8.793477433247723,1.7967571943491407,398.28137745191884,374.22,0.0,69.12745130418789,6.986321175474686,8.28367186765955,1.2973506921848639,375.4111408983687,424.53,49.118859101631244,1084.950405112298,1107.27,22.319594887701896
563,23.458333333333332,24.79374035167306,6.986543205640959,9.953618139471153,2.9670749338301947,307.9426107588553,310.9,2.9573892411446536,52.95392413897944,7.0190935850952725,8.836007135944806,1.8169135508495335,402.74637199009106,413.49,10.743628009908946,69.12707954175114,7.020050988387618,8.388014902499203,1.3679639141115842,395.8421843601397,312.79,0.0,1106.531167109086,1037.18,0.0
564,23.5,24.793337774262085,6.991830917498027,10.003837700589498,3.012006783091471,312.6008586948109,301.77,0.0,52.95290668320134,6.989417251695108,8.658992785009822,1.6695755333147142,370.0795608640883,382.81,12.730439135911695,69.12693677180157,6.99412260189937,8.874574052087437,1.8804514501880671,544.1375058192966,466.47,0.0,1226.817925378196,1151.05,0.0
565,23.541666666666668,24.794089656277112,6.991922988610386,9.995478459442689,3.0035554708323025,311.7331933211146,320.49,8.756806678885425,52.954347246131974,7.004925448609852,8.486601310745604,1.4816758621357522,328.4384915674076,347.83,19.39150843259239,69.12887593296844,6.995993698559948,8.787043456858159,1.791049758298211,518.2822918394783,610.67,92.3877081605217,1158.4539767280003,1278.9899999999998,120.53602327199951
566,23.583333333333332,24.794676591041778,7.000893681659348,9.905822590728643,2.9049289090692954,301.5040710259473,299.67,0.0,52.95541466313186,7.078028131922674,8.29595004857077,1.2179219166480957,269.97841467662033,299.18,29.201585323379675,69.12973858675886,7.06977066974596,8.39614322885855,1.32637255911259,383.8218257405142,413.37,29.54817425948579,955.3043114430818,1012.22,56.91568855691821
567,23.625,24.794371800041432,7.0221525961261815,9.955602923141774,2.933450327015592,304.4605810599967,300.16,0.0,52.95486251620084,7.080135224736922,8.447797781837489,1.3676625571005667,303.1684658977106,230.26,0.0,69.1282969045725,7.083323457620196,8.129875527867245,1.0465520702470492,302.8418723288249,340.98,38.13812767117514,910.4709192865321,871.4000000000001,0.0
568,23.666666666666668,24.794194140208607,7.0386114116910825,10.004062214088213,2.9654508023971307,307.77968073235155,305.66,0.0,52.9545200208156,7.053587116885087,8.515113188337315,1.4615260714522282,323.9730070064129,366.73,42.75699299358712,69.12759211014026,7.056629314081678,8.043699032313581,0.9870697182319033,285.6264894979387,250.55,0.0,917.3791772367032,922.94,5.560822763296869
569,23.708333333333332,24.794036487566295,7.045217329260119,10.001503376045063,2.9562860467849443,306.8265335714466,306.78,0.0,52.953882463953086,7.039335345889051,8.215683670369305,1.1763483244802542,260.7551948742645,271.02,10.264805125735506,69.127479396532,7.041848382179123,8.217817869629293,1.1759694874501703,340.28750207037484,306.92,0.0,907.869230516086,884.72,0.0
570,23.75,24.794079641087915,7.044771054584822,9.98612202868415,2.941350974099328,305.27698601342416,303.7,0.0,52.95361014780815,7.032186438986347,7.831436164412688,0.7992497254263409,177.1647409408769,240.01,62.845259059123094,69.12801381608823,7.03191418635494,8.424531707331239,1.392617520976299,402.98154520319173,360.36,0.0,885.4232721574929,904.07,18.646727842507175
571,23.791666666666668,24.794287606917077,7.042563846548944,9.991867728340795,2.9493038817918507,306.10497003685043,303.69,0.0,52.95377579109005,7.044370789236776,7.559153600989933,0.5147828117531565,114.10907738734542,102.62,0.0,69.12853362339106,7.041892229686622,8.403703272404972,1.3618110427183492,394.07004190572104,432.96,38.88995809427894,814.2840893299169,839.27,24.985910670083058
572,23.833333333333332,24.794368097487673,7.043610352860439,10.082003225333741,3.0383928724733025,315.3524410422527,305.38,0.0,52.953823585130706,7.056458312317137,7.4832931233554,0.4268348110382636,94.61421269762182,114.01,19.39578730237818,69.12834531486696,7.055646389202123,8.228917649025533,1.1732712598234096,339.51097513658385,341.88,2.3690248634161435,749.4776288764583,761.27,11.79237112354167
573,23.875,24.79445368536803,7.046776151316624,10.03605202897369,2.989275877657067,310.2556971934763,322.35,12.094302806523729,52.95381339958122,7.057535412201881,7.298349646828551,0.2408142346266695,53.38000613778986,63.16,9.779993862210134,69.12834751764592,7.056613061541661,8.119624183116779,1.0630111215751175,307.6048705237594,323.6,15.995129476240606,671.2405738550256,709.11,37.869426144974454
574,23.916666666666668,24.794437253928788,7.050733833823886,10.081415257151445,3.030681423327559,314.55295306141676,294.76,0.0,52.95377731018769,7.06322420750697,7.318423338842519,0.25519913133554883,56.56859086449623,31.26,0.0,69.12788376081268,7.063697002906845,7.9191696611078894,0.8554726582010446,247.54754259936254,277.68,30.132457400637463,618.6690865252756,603.7,0.0
575,23.958333333333332,24.794552954121325,7.053896924051893,10.345460972935353,3.29156404888346,341.63142824250946,331.53,0.0,52.95392522149152,7.057151959743151,7.334450929443986,0.27729896970083523,61.46751243856813,69.87,8.402487561431876,69.12738698527686,7.056800355778258,7.574012193798375,0.5172118380201169,149.66416305644586,202.83,53.165836943554154,552.7631037375235,604.23,51.46689626247655
576,24.0,24.794447952505752,7.055816400137853,10.273471801142199,3.217655401004346,333.95903549989515,348.78,14.820964500104822,52.953652915974395,7.056567531517926,7.313385055256219,0.2568175237382935,56.92719729785907,40.81,0.0,69.1266733910845,7.058361317619413,7.377105333531328,0.31874401591191504,92.23312464111719,80.86,0.0,483.1193574388714,470.45,0.0
577,24.041666666666668,24.794678207968815,7.05594724904818,9.501652543550525,2.4457052945023454,253.84103156782533,315.72,61.8789684321747,52.95443784853117,7.061464242229174,7.291300981113622,0.22983673888444844,50.94728402491165,60.95,10.00271597508835,69.12778528206286,7.056817115336037,7.406569133803172,0.349752018467135,101.2073600710857,87.9,0.0,405.9956756638227,464.57000000000005,58.57432433617737
578,24.083333333333332,24.794776337912754,7.060835118401643,8.704570126209003,1.6437350078073596,170.60479129871584,187.17,16.56520870128415,52.95515352367716,7.106121841920093,7.306476048712598,0.2003542067925057,44.41257164629178,28.61,0.0,69.12906086187641,7.10105619368023,7.592016376853639,0.49096018317340917,142.07123418071396,98.94,0.0,357.08859712572155,314.71999999999997,0.0
579,24.125,24.79457038922572,7.073157776003017,9.044093044009124,1.970935268006107,204.5635126824839,149.32,0.0,52.95471310409497,7.1070167375688085,7.345066799944905,0.2380500623760966,52.76818336305452,48.04,0.0,69.12857038828884,7.108976045409929,7.661096454961185,0.5521204095512555,159.76829517247162,170.22,10.451704827528374,417.09999121801,367.58,0.0
580,24.166666666666668,24.794203940557924,7.08161035696634,9.847461535708621,2.765851178742282,287.0636493241388,256.71,0.0,52.95346299261358,7.067280646614096,7.300585445850375,0.23330479923627934,51.715087461168324,45.26,0.0,69.12670833986448,7.075082374968097,7.5162464219485585,0.44116404698046185,127.65717024606202,134.07,6.41282975393797,466.43590703136914,436.03999999999996,0.0
581,24.208333333333332,24.79389567917588,7.076846000333498,10.13636581783288,3.059519817499382,317.5391399579255,314.61,0.0,52.95263062796774,7.019982308986772,7.325461329865057,0.30547902087828493,67.71239173147623,45.91,0.0,69.1253391800633,7.026564347247335,7.3869591868039715,0.3603948395566361,104.2833713796839,105.7,1.4166286203161036,489.53490306908566,466.21999999999997,0.0
582,24.25,24.79397116379047,7.060785732706475,10.042207473460229,2.9814217407537535,309.43449761751265,317.33,7.8955023824873365,52.95278756787081,7.003335531940231,7.333626693791412,0.33029116185118035,73.2124607338066,77.55,4.337539266193403,69.12537707776987,7.0035507938565065,7.304542610745343,0.30099181688883636,87.09463950725159,87.15,0.05536049274842014,469.74159785857086,482.03,12.288402141429117
583,24.291666666666668,24.79379802563999,7.043984759996909,9.976775026734284,2.932790266737375,304.38502987185643,298.19,0.0,52.95240139257214,7.002527737001745,7.29970132343451,0.29717358643276537,65.87112636419488,56.76,0.0,69.12517024142757,7.004601197023005,7.438195390313179,0.43359419329017346,125.46393237891002,71.21,0.0,495.72008861496136,426.15999999999997,0.0
584,24.333333333333332,24.79283595721528,7.027466408463485,9.963325595089916,2.9358591866264314,304.69172001864774,307.48,2.788279981352275,52.95083496299823,6.950530309572991,7.766724871277024,0.8161945617040329,180.91131627536225,62.9,0.0,69.1234569876973,6.962256683381462,7.913085191403356,0.9508285080218943,275.1229808544198,164.62,0.0,760.7260171484297,535.0,0.0
585,24.375,24.792725420843958,7.000574265148211,9.933359883542131,2.93278561839392,304.37137945139955,298.64,0.0,52.95131450584989,6.902297513983265,8.392853382461173,1.4905558684779079,330.38797234119414,288.82,0.0,69.12408097082476,6.903944161341708,8.31162491941705,1.4076807580753412,407.31721760771006,372.24,0.0,1042.0765694003037,959.7,0.0
586,24.416666666666668,24.79389899287629,6.973983563135349,9.946172810044768,2.9721892469094193,308.47538165779963,306.98,0.0,52.953442138882465,6.96308480594132,7.992259940332094,1.0291751343907736,228.130159781885,362.6,134.46984021811502,69.12758779248016,6.948116842297532,8.419899603567556,1.471782761270024,425.88695548426415,429.72,3.833044515735878,962.4924969239488,1099.3000000000002,136.80750307605138
587,24.458333333333332,24.79361445546424,6.97089276180905,9.982071746678683,3.011178984869633,312.5184332391647,306.82,0.0,52.95292680827869,7.013859117705961,8.134690331932411,1.1208312142264507,248.44451355022383,81.86,0.0,69.12668839632894,7.015574009702454,8.398782925520225,1.3832089158177707,400.2513040612373,409.36,9.108695938762708,961.2142508506258,798.04,0.0
588,24.5,24.79405536320328,6.977293316143038,9.996613832250926,3.0193205161078875,313.3689833491659,315.2,1.8310166508341013,52.95394611455127,7.00150199400755,8.204067016856593,1.2025650228490425,266.56683847273905,406.02,139.45316152726093,69.1278167927629,6.995894549680302,8.338969506404178,1.3430749567238758,388.64431234523244,378.09,0.0,968.5801341671374,1099.31,130.72986583286252
589,24.541666666666668,24.793970779762155,6.9883796557398385,10.01339976824828,3.025020112508442,313.9594615225658,308.39,0.0,52.95322049371658,7.038545746008396,7.683357158071402,0.6448114120630057,142.930303922998,115.58,0.0,69.12790493714992,7.039174914195765,8.533277972416114,1.4941030582203485,432.34772053638767,386.22,0.0,889.2374859819515,810.19,0.0
590,24.583333333333332,24.7939283669858,7.00044521958462,10.05040237713258,3.0499571575479596,316.5470751337902,316.52,0.0,52.953259344682046,7.0150567465527685,7.824351495390464,0.8092947488376954,179.3901707041647,159.06,0.0,69.12771595168589,7.015589685611652,8.500180959170768,1.4845912735591158,429.5941265702926,466.12,36.52587342970742,925.5313724082475,941.7,16.16862759175251
591,24.625,24.794530897763607,7.008609850105872,10.06498153187066,3.056371681764789,317.22053058460057,313.46,0.0,52.95440191406868,7.048380160427945,7.702314995919405,0.6539348354914605,144.95585584428662,188.8,43.844144155713394,69.12874760006828,7.041307770749612,8.186057441497864,1.1447496707482516,331.2595748737902,380.09,48.830425126209775,793.4359613026775,882.3499999999999,88.91403869732244
592,24.666666666666668,24.794559240074275,7.02268955972373,10.052705128702224,3.0300155689784933,314.48539159088796,317.93,3.4446084091120497,52.95422201930867,7.0749778947802895,7.497431099217107,0.42245320443681766,93.64366974723846,89.33,0.0,69.1283738469241,7.07417428377655,7.986399466532108,0.9122251827555576,263.97185354911494,268.51,4.538146450885051,672.1009148872413,675.77,3.669085112758694
593,24.708333333333332,24.794565121221293,7.037678892028132,10.009117187703733,2.9714382956756014,308.40572808388043,307.85,0.0,52.95419208322968,7.068571928197643,7.455154723717098,0.3865827955194554,85.69235784749827,86.1,0.4076421525017224,69.12803982100134,7.068590588058846,7.808171918176148,0.7395813301173018,214.01263077776645,245.19,31.17736922223355,608.1107167091452,639.1400000000001,31.02928329085489
594,24.75,24.794460874514904,7.048735151798169,10.06295680681421,3.0142216550160406,312.84489973563154,305.82,0.0,52.95387528003789,7.066519283705331,7.390809266966895,0.324289983261564,71.88371381983865,73.32,1.4362861801613462,69.12745235879424,7.068305061190343,7.67885469425272,0.6105496330623765,176.67323045382395,167.94,0.0,561.4018440092941,547.0799999999999,0.0
595,24.791666666666668,24.79409440277103,7.0540193944844,9.962156864800729,2.908137470316329,301.83000200643335,316.84,15.009997993566628,52.95302713484162,7.040600615810197,7.287030712330585,0.24643009652038828,54.62403319488979,58.33,3.705966805110208,69.12682320821547,7.045255938391385,7.8607720475975436,0.8155161092061585,235.98172266842897,170.45,0.0,592.435757869752,545.6199999999999,0.0
596,24.833333333333332,24.79393788583047,7.050521992631951,10.14928321466147,3.098761222029519,321.6124447948158,283.31,0.0,52.952645391918274,7.01884622077364,7.258728804407953,0.23988258363431303,53.17231918150042,38.61,0.0,69.12662715859598,7.021551997452589,7.99683562499732,0.975283627544731,282.2120313719716,287.49,5.277968628028418,656.9967953482878,609.4100000000001,0.0
597,24.875,24.79413710633447,7.0414891683653975,10.659484671137552,3.617995502772154,375.5054504208624,357.42,0.0,52.95286196909199,7.011995173804058,7.24427797327674,0.23228279947268238,51.48796333048334,55.59,4.102036669516664,69.12640411634729,7.011324216239406,7.7262878934009676,0.7149636771615615,206.88412576605126,262.83,55.94587423394873,633.877539517397,675.8399999999999,41.962460482602864
598,24.916666666666668,24.794027168379486,7.033055819377645,10.817936279459108,3.784880460081463,392.82440761119085,390.82,0.0,52.95247010010299,7.012124480907979,7.195234837897034,0.18311035698905442,40.588065914776024,35.08,0.0,69.12561648251912,7.0144392786807135,7.5548589470515735,0.54041966837086,156.37574369044398,135.8,0.0,589.7882172164109,561.7,0.0
599,24.958333333333332,24.79368923486687,7.024167099383908,10.797098193531994,3.7729310941480865,391.5788720873301,391.79,0.2111279126698946,52.951782701969385,6.983638833637407,7.241134171961828,0.2574953383244205,57.07542852642003,33.75,0.0,69.12491561114298,6.98822267056081,7.687159775983695,0.6989371054228855,202.24227184736677,161.89,0.0,650.8965724611169,587.4300000000001,0.0
600,25.0,24.793874272473754,7.011288372882662,10.815625071226018,3.8043366983433557,394.84129287226455,388.29,0.0,52.95224624717636,6.976690133708555,7.3111755970862,0.3344854633776446,74.14141322335027,68.36,0.0,69.12547979746287,6.974871960945636,7.7083971958137285,0.7335252348680923,212.25231800272152,228.08,15.82768199727849,681.2350240983363,684.73,3.494975901663679
601,25.041666666666668,24.793864535984333,7.0014076885320025,11.408976975653697,4.407569287121695,457.4489090572834,398.45,0.0,52.95205286703911,6.986763813892548,7.329184353702093,0.34242053980954523,75.90001002499689,67.92,0.0,69.12491809007585,6.987969649937471,7.5609011262661525,0.5729314763286819,165.7816799850605,181.63,15.848320014939503,699.1305990673408,648.0,0.0
602,25.083333333333332,24.794223305983824,6.994243394218886,11.249430510622693,4.255187116403807,441.6399933719977,514.54,72.90000662800225,52.95271129705136,6.982528234312415,7.264390166148191,0.2818619318357758,62.47752975991201,71.88,9.402470240087986,69.12550689008873,6.978497449950468,7.3780629365587425,0.3995654866082745,115.61801821467797,134.7,19.081981785322014,619.7355413465876,721.1199999999999,101.38445865341225
603,25.125,24.79448717865449,6.993964546400641,10.342576225362532,3.3486116789618903,347.55147969855136,364.42,16.868520301448655,52.95360836033129,7.036001176703671,7.301571219584554,0.26557004288088315,58.86726609179152,40.85,0.0,69.12685670812388,7.030122667716168,7.49389609967956,0.46377343196339194,134.19980942667743,80.85,0.0,540.6185552170203,486.12,0.0
604,25.166666666666668,24.794718139342557,7.004795979979247,10.250414017067321,3.2456180370880743,336.86493597192737,327.29,0.0,52.95419297129124,7.056692168060278,7.305490941683584,0.2487987736233066,55.150291595998,64.86,9.709708404002,69.12776397420647,7.052016541424222,7.56952860629363,0.5175120648694076,149.75185554496855,172.57,22.818144455031444,541.7670831128939,564.72,22.952916887106085
605,25.208333333333332,24.794653228263254,7.021362955045422,10.303078747388746,3.2817157923433236,340.610655201537,343.52,2.909344798462996,52.95403086816313,7.0740185411710375,7.291749340175516,0.21773079900447811,48.263422367698354,33.14,0.0,69.12752191238934,7.074304665692978,7.5464612105419855,0.4721565448490077,136.62690381393506,111.54,0.0,525.5009813831704,488.2,0.0
606,25.25,24.79439269059325,7.036383988838174,10.278271431687521,3.2418874428493476,336.47331850574767,334.55,0.0,52.95349887350097,7.0551901755614805,7.285959188907345,0.23076901334586442,51.15303171701098,51.21,0.05696828298901835,69.12709911653738,7.058260793241685,7.684242914503138,0.6259821212614529,181.13796560082457,146.52,0.0,568.7643158235833,532.28,0.0
607,25.291666666666668,24.793927479617206,7.04282512256349,9.976324794868418,2.9334996723049285,304.46024647984626,335.31,30.84975352015374,52.953083402311904,7.028083477943433,7.747440759664431,0.7193572817209981,159.4538911612456,38.8,0.0,69.12626803002269,7.033364965241478,7.832527116496765,0.7991621512552873,231.24760432297487,201.02,0.0,695.1617419640668,575.13,0.0
608,25.333333333333332,24.792564422645114,7.037537027461397,9.979404742571054,2.941867715109657,305.31195814107843,269.8,0.0,52.95127198487506,6.9591480308828935,8.735756898320183,1.7766088674372895,393.79250548082786,269.88,0.0,69.12385934847528,6.9756050454244445,8.452567439519537,1.476962394095093,427.3627245570555,247.15,0.0,1126.4671881789618,786.83,0.0
609,25.375,25.48079059338248,7.009525752565548,10.224786653108604,3.215260900543056,342.9480533253399,338.21,0.0,54.42172400055389,6.868285069793012,9.086610359071793,2.2183252892787815,505.35521266071845,509.56,4.204787339281552,71.04544799394631,6.874793602657453,9.379836176164574,2.5050425735071205,744.9902556843285,596.05,0.0,1593.2935216703868,1443.82,0.0
610,25.416666666666668,25.48255107867222,6.970488212321009,10.158109364676532,3.187621152355523,340.02341704061257,343.93,3.9065829593874355,54.42549219834435,6.911145817472774,9.016691421194125,2.1055456037213505,479.696159498497,491.35,11.653840501502998,71.05122265176576,6.900255247794479,9.747131187825484,2.8468759400310057,846.7190321359319,885.8,39.08096786406804,1666.4386086750415,1721.08,54.64139132495848
611,25.458333333333332,26.116092418786735,6.952733232491517,9.998460752460268,3.045727519968751,332.96491083505805,332.59,0.0,55.77878443517677,6.976323241733656,8.973948673283376,1.9976254315497197,466.42554532368194,458.69,0.0,72.81889396298178,6.969223477809086,9.94901554540326,2.9797920675941736,908.299890651446,797.59,0.0,1707.690346810186,1588.87,0.0
612,25.5,26.710447939805,6.956643892925222,9.901906233584297,2.9452623406590748,329.30959109094886,328.47,0.0,57.04828635172525,7.004909067845185,8.824016461780895,1.8191073939357096,434.4103525247042,462.73,28.319647475295824,74.4773274562845,7.001047747245689,10.230993609061144,3.2299458618154553,1006.9746812906719,1010.36,3.3853187093280894,1770.6946249063249,1801.56,30.865375093675084
613,25.541666666666668,25.40712641476267,6.9707934969889385,9.690376564307751,2.719583067318813,289.23916623361634,325.71,36.470833766383635,54.26436680902795,7.024459263621552,8.758683425491453,1.7342241618699008,393.93012734022386,394.37,0.4398726597761424,70.84214712917996,7.021818357763008,10.375014123761007,3.3531957659979987,994.37420256334,991.27,0.0,1677.5434961371802,1711.35,33.80650386281968
614,25.583333333333332,24.871630492606393,6.988187239421066,9.191246250896286,2.2030590114752204,229.3663013090218,248.96,19.593698690978215,53.12108603657914,7.04797376264523,9.017609061855147,1.9696352992099166,437.97768967139564,383.38,0.0,69.34887376953641,7.043731488919029,10.400990876597353,3.357259387678324,974.593551243492,987.59,12.996448756508016,1641.9375422239095,1619.93,0.0
615,25.625,24.87261560732502,7.009533956370227,8.459824044597362,1.4502900882271348,150.99951800069522,205.43,54.43048199930479,53.123652462972665,7.108821855899694,9.07372852103418,1.9649066651344862,436.94731670007786,484.31,47.36268329992214,69.35187912121957,7.094411589963703,10.17220496782752,3.0777933778638173,893.5048575069226,952.64,59.13514249307741,1481.4516922076955,1642.38,160.92830779230462
616,25.666666666666668,24.794935737936644,7.045048819123957,7.911673975591394,0.8666251564674372,89.94841245576661,91.07,1.1215875442333783,52.958012707512275,7.190207054214358,9.013414049802948,1.8232069955885901,404.1726129420132,380.48,0.0,69.1353612777847,7.183305571198572,9.96432811877693,2.781022547578358,804.8296559239999,825.14,20.310344076000092,1298.9506813217797,1296.69,0.0
617,25.708333333333332,24.794173698984675,7.086673579262843,8.684256235445494,1.5975826561826505,165.8105654924251,83.68,0.0,52.9559815468059,7.1582073303750215,8.89042568432263,1.7322183539476077,383.987318859476,419.04,35.052681140524044,69.13280801272363,7.168772034769388,9.940823939926924,2.772051905157536,802.2039188241071,775.12,0.0,1352.0018031760083,1277.8400000000001,0.0
618,25.75,24.794794735690367,7.108409652569319,9.476735787970334,2.3683261354010154,245.8109634111217,245.0,0.0,52.95621680539923,7.115640453273227,8.304507295605168,1.188866842331941,263.5417286086048,339.3,75.75827139139523,69.1325799382159,7.113324747827064,9.300292924443246,2.1869681766161824,632.8844890953688,820.11,187.22551090463116,1142.2371811150954,1404.4099999999999,262.1728188849045
619,25.791666666666668,24.794827381418678,7.119485505916682,9.756411838162098,2.636926332245416,273.68960968212116,242.92,0.0,52.95555143865374,7.146354387696843,7.856956228948795,0.7106018412519521,157.52048752564772,176.79,19.26951247435227,69.13069950605271,7.148908994107987,8.513226020797028,1.364317026689041,394.80757302708935,433.46,38.65242697291063,826.0176702348582,853.17,27.152329765141758
620,25.833333333333332,24.79403918057214,7.123695323105399,10.746266133099668,3.6225708099942695,375.9788286326949,301.55,0.0,52.953054358761484,7.06767419030002,7.504477945603718,0.4368037553036972,96.82256929259097,126.73,29.907430707409034,69.12708922554611,7.0817185444156125,8.116400156695853,1.0346816122802407,299.40167476108826,342.84,43.438325238911716,772.2030726863741,771.12,0.0
621,25.875,24.793710417214854,7.10565848048619,10.898017326594026,3.7923588461078355,393.5955444615553,448.6,55.004455538444745,52.9519279288227,6.992570318725302,7.299396551905857,0.3068262331805549,68.01011189320066,54.7,0.0,69.12532272123488,7.000823103136736,7.835772373861844,0.834949270725108,241.5997528087515,241.68,0.08024719124850321,703.2054091635074,744.98,41.77459083649262
622,25.916666666666668,24.794027339044547,7.074633067235344,10.334699702428908,3.2600666351935645,338.3551388384827,334.44,0.0,52.95270580216751,6.997376840171295,7.247434523533223,0.2500576833619279,55.42779271750115,69.28,13.852207282498853,69.12625453069164,6.993797938213197,7.756901499887784,0.7631035616745869,220.813555483372,227.05,6.236444516628012,614.5964870393559,630.77,16.173512960644075
623,25.958333333333332,24.794183912182664,7.050807238345046,10.548050804384046,3.4972435660389998,362.9735024784187,339.15,0.0,52.952927300250984,7.016730799318114,7.211553756797698,0.1948229574795839,43.18464255345872,29.23,0.0,69.12625964640782,7.014784773877644,7.587162972706674,0.5723781988290293,165.62479965459983,199.94,34.31520034540017,571.7829446864773,568.3199999999999,0.0
624,26.0,24.794167296744483,7.03707084692658,10.786111446133864,3.7490405992072837,389.10686648247037,384.1,0.0,52.95282007811106,7.015635924514916,7.255423496437756,0.2397875719228404,53.15143424844662,44.92,0.0,69.1256633431506,7.016472878924421,7.380350663783156,0.3638777848587358,105.29168556206594,115.96,10.668314437934058,547.5499862929829,544.98,0.0
625,26.041666666666668,24.79428386202741,7.028343326421469,10.522612776421324,3.4942694499998552,362.66628554069666,391.12,28.45371445930334,52.95311138137974,7.017247278943095,7.2509989740584935,0.23375169511539884,51.81380378387609,49.19,0.0,69.12593986295174,7.01565400119252,7.323515749460115,0.3078617482675945,89.0832400690096,78.88,0.0,503.56332939358236,519.19,15.62667060641769
626,26.083333333333332,24.794366869207973,7.02485196306216,10.255008191228747,3.230156228166587,335.25539447735724,330.59,0.0,52.953397155672135,7.034529840917906,7.258068102762127,0.22353826184422143,49.55014396246293,42.2,0.0,69.12642162040382,7.032531300878312,7.384096898160123,0.3515655972818106,101.73014655684338,83.56,0.0,486.5356849966636,456.34999999999997,0.0
627,26.125,24.794425360268594,7.026493808144367,10.2807885005636,3.2542946924192337,337.761503640408,336.88,0.0,52.95352102229545,7.0398600903364095,7.251174786582122,0.21131469624571242,46.84074228092316,44.68,0.0,69.12661521355786,7.038704599650118,7.395950301918405,0.3572457022682869,103.37404942230434,104.35,0.9759505776956559,487.9762953436355,485.90999999999997,0.0
628,26.166666666666668,24.794392996912727,7.030467748033017,10.268150863972819,3.2376831159398023,336.0369583934726,335.54,0.0,52.95354495132615,7.044224766739609,7.340770698586121,0.296545931846512,65.7334207784518,36.71,0.0,69.12643455927466,7.044466962528661,7.343851023164481,0.2993840606358198,86.63074630019518,86.72,0.08925369980481435,488.40112547211965,458.97,0.0
629,26.208333333333332,24.794033797299903,7.03378371066827,10.261049371849293,3.227265661181023,334.9508852057217,333.42,0.0,52.952946907591105,7.02670110388724,7.4976847770417,0.47098367315445966,104.39872881519497,82.87,0.0,69.12570845257487,7.031062143188519,7.475275727922676,0.4442135847341566,128.5377386433411,70.71,0.0,567.8873526642577,487.0,0.0
630,26.25,24.794038823946632,7.031052473442897,10.23790923165419,3.206856758211292,332.832757023368,333.38,0.547242976631992,52.95300295534826,7.008878638042612,7.509484609601652,0.5006059715590405,110.96495561112958,114.3,3.335044388870415,69.12609883834341,7.009018003592607,7.645438773283997,0.6364207696913899,184.15589112914031,171.31,0.0,627.953603763638,618.99,0.0
631,26.291666666666668,24.79377522110443,7.025687300789597,10.259004081365216,3.2333167805756187,335.57541798744404,329.14,0.0,52.95277800950839,7.005907479745288,7.846101443670266,0.8401939639249782,186.23767025552968,95.87,0.0,69.1254828111207,7.009076965008844,7.696794306557842,0.6877173415489981,198.9973886372404,182.15,0.0,720.8104768802141,607.16,0.0
632,26.333333333333332,29.04372239135306,7.013543400799931,9.910725068626485,2.897181667826554,352.2307191651337,339.0,0.0,62.03263343763895,6.906416119042331,9.314014104512005,2.407597985469674,625.1776068447509,266.35,0.0,80.98184992065946,6.926791124079605,8.414255267410756,1.4874641433311506,504.2355053016967,201.14,0.0,1481.6438313115814,806.49,0.0
633,26.375,33.25057525058186,6.968690322116856,9.478987897970072,2.5102975758532153,349.4005577402327,354.54,5.139442259767293,71.02005969054038,6.885954089081594,10.007768128623646,3.121814039542052,928.0840017383481,997.56,69.47599826165185,92.7192148634165,6.873260979154344,9.286987736880727,2.4137267577263826,936.8219855608855,808.64,0.0,2214.3065450394665,2160.74,0.0
634,26.416666666666668,31.570006648360003,6.94841339297898,9.530539336358558,2.5821259433795776,341.2332311726721,332.8,0.0,67.42990246425275,7.010785942500291,9.684523341365772,2.6737373988654802,754.6933205579141,835.19,80.4966794420859,88.03234767691542,7.000768195974843,9.716033157710973,2.7152649617361293,1000.5843903272548,1034.91,34.32560967274526,2096.510942057841,2202.9,106.38905794215907
635,26.458333333333332,30.950522605889116,6.967768215768952,9.589807969471316,2.6220397537023645,339.70855380673373,339.74,0.03144619326627662,66.10669682576356,7.043961327549605,9.783316527816213,2.7393552002666084,758.0415835007252,656.28,0.0,86.30418549561105,7.041160049077045,9.693224457163685,2.6520644080866402,958.1095065909274,940.45,0.0,2055.8596438983864,1936.47,0.0
636,26.5,33.427627546753904,6.998203837619949,9.39566649478937,2.397462657169422,335.4722719540081,330.32,0.0,71.3983851561793,7.0684350328722685,9.956446605379751,2.888011572507483,863.1505317991962,844.33,0.0,93.21429785248476,7.065774634681061,9.697860546579877,2.632085911898816,1027.0268961309628,950.83,0.0,2225.6496998841667,2125.48,0.0
637,26.541666666666668,33.596176042585505,7.02878429179116,9.449922742008097,2.4211384502169366,340.4933991968781,328.8,0.0,71.75813543212159,7.07844868301592,9.71461852397615,2.636169840960229,791.8515235181583,858.22,66.36847648184175,93.68494206991795,7.0785720617425225,9.896270260436943,2.81769819869442,1105.0030860686227,1072.79,0.0,2237.3480087836588,2259.81,22.461991216341175
638,26.583333333333332,31.122522313571956,7.048576222309987,9.731100528513474,2.6825243062034874,349.4762579053009,340.48,0.0,66.47352987459612,7.060079804196622,9.305443271322142,2.24536346712552,624.7907878502808,701.66,76.86921214971915,86.78475143829925,7.063395174612379,10.071981965074604,3.0085867904622257,1092.9623261263505,1105.49,12.527673873649519,2067.229371881932,2147.63,80.4006281180682
639,26.625,28.349383041145032,7.052738922211956,10.134995144118612,3.082256221906656,365.7729406445731,349.43,0.0,60.54932492584486,7.0288258775951515,9.008680434000313,1.9798545564051615,501.8128947393167,529.88,28.06710526068332,79.04883800755833,7.0330866208033616,10.09357928098252,3.0604926601791593,1012.7122343356098,1056.36,43.647765664390135,1880.2980697194996,1935.6699999999998,55.37193028050024
640,26.666666666666668,27.06653165412202,7.044918601163975,10.379845638872025,3.3349270377080504,377.8489058520874,376.12,0.0,57.80883290090739,7.002064405350768,8.919250341959748,1.9171859366089796,463.9355581471806,459.55,0.0,75.47010848704431,7.005317471255494,10.02247781529677,3.017160344041277,953.1748817891066,953.41,0.23511821089334717,1794.9593457883745,1789.08,0.0
641,26.708333333333332,25.876621437637013,7.033742921136226,9.247173664754841,2.2134307436186154,239.75779407835978,374.96,135.2022059216402,55.26714257728352,7.06145815336516,8.529312866618316,1.467854713253156,339.58563212433774,456.0,116.41436787566226,72.15087840422537,7.040795691531023,9.710948415212407,2.670152723681384,806.4490767427775,939.97,133.52092325722253,1385.792502945475,1770.93,385.13749705452506
642,26.75,24.794273287946954,7.048453445840278,9.755633884115381,2.7071804382751035,280.97508482801385,101.22,0.0,52.954952115468394,7.148995962125844,8.335360379809766,1.1863644176839214,262.98072371276066,213.96,0.0,69.13144485820216,7.154985030826151,9.582220394271888,2.427235363445736,702.4036322532912,663.64,0.0,1246.359440794066,978.8199999999999,0.0
643,26.791666666666668,24.793787260045647,7.064143813375251,11.085515305161401,4.02137149178615,417.365252486371,460.33,42.96474751362899,52.95289302734202,7.016609536410575,7.981157193913656,0.9645476575030809,213.80241525065722,302.0,88.19758474934278,69.12879958408948,7.027873303787255,9.38495634535005,2.3570830415627944,682.0765564730865,731.19,49.11344352691356,1313.2442242101147,1493.52,180.2757757898853
644,26.833333333333332,24.79444238847758,7.058687793482394,10.734211711026218,3.6755239175438232,381.4809213639552,370.56,0.0,52.95378381880789,7.049605825525327,7.446593959998773,0.39698813447344605,87.99819184254099,113.98,25.981808157459014,69.12985648386268,7.043918118221492,8.993539168617426,1.9496210503959341,564.1766200017468,622.13,57.95337999825324,1033.655733208243,1106.67,73.01426679175711
645,26.875,24.794895197720447,7.057165113626425,10.601428702620069,3.544263588993644,367.8641907978238,389.49,21.625809202176185,52.95463980612051,7.076996642004227,7.376055048632408,0.2990584066281814,66.29171543389238,49.86,0.0,69.12984430810265,7.071195286899259,8.377288862336012,1.306093575436753,377.95413055407005,494.35,116.39586944592997,812.1100367857862,933.7,121.58996321421387
646,26.916666666666668,24.79463455532043,7.063850800495209,10.473493858556301,3.409643058061092,353.88801312233994,342.73,0.0,52.95416764265293,7.092889700924572,7.462540105865877,0.3696504049413045,81.93898053905869,70.77,0.0,69.12848839369934,7.095829800899733,8.060000521878436,0.9641707209787027,279.003867574902,247.57,0.0,714.8308612363007,661.0699999999999,0.0
647,26.958333333333332,24.794742422204898,7.069382930080748,10.469718305108575,3.4003353750278276,352.92350088947023,362.12,9.196499110529771,52.95439294722798,7.0679276125738255,7.4708035706196005,0.40287595804577503,89.30434079857814,81.18,0.0,69.12829342971624,7.06720973718242,7.812525725066172,0.7453159878837523,215.6728597824888,296.57,80.89714021751118,657.9007014705372,739.87,81.96929852946278
648,27.0,24.79495788718374,7.072606659665367,10.399076532008912,3.3264698723435453,345.25994214495506,340.42,0.0,52.95481811615095,7.094371799029005,7.441859896662386,0.34748809763338073,77.02729346624467,85.59,8.562706533755332,69.1281712703602,7.092103488467118,7.4450764752859815,0.35297298681886335,102.13997848461216,119.54,17.40002151538785,524.4272140958119,545.55,21.12278590418805
649,27.041666666666668,24.794607318862933,7.07790560667513,10.47969473876768,3.40178913209255,353.07246362963804,347.04,0.0,52.95394214433924,7.077894389358619,7.352583190199581,0.2746888008409618,60.88894847506288,56.35,0.0,69.12701961177201,7.0824448590283335,7.386408901651098,0.30396404262276455,87.95676921306166,68.94,0.0,501.91818131776256,472.33000000000004,0.0
650,27.083333333333332,24.79422901998198,7.076632081574392,10.494323121256672,3.41769103968228,354.71751410017174,356.07,1.3524858998282525,52.95307022290405,7.041937379936832,7.290305712650712,0.2483683327138797,55.0537100853566,53.25,0.0,69.12621856584636,7.047451205834596,7.522553617413599,0.47510241157900257,137.47675074066188,91.27,0.0,547.2479749261902,500.59,0.0
651,27.125,24.794407457962247,7.066787275232619,10.215685980569308,3.1488987053366895,326.8222745990487,350.19,23.367725400951315,52.95356397029319,7.032861433873188,7.311473284757912,0.2786118508847242,61.75811110200344,44.6,0.0,69.12690454881354,7.030758524823471,7.55483631526097,0.5240777904374987,151.64988640650935,168.62,16.97011359349065,540.2302721075615,563.4100000000001,23.179727892438564
652,27.166666666666668,24.79453676639559,7.058690953540099,10.179045558819668,3.1203546052795694,323.8613888783564,299.85,0.0,52.95399436098444,7.0577247614035175,7.432941791720682,0.3752170303171649,83.17264076464815,66.91,0.0,69.12709047128199,7.055642268973117,7.4378271195812,0.38218485060808227,110.5913017534745,119.33,8.738698246525502,517.625331396479,486.09,0.0
653,27.208333333333332,24.793821609397632,7.055180863346799,10.809810019897983,3.754629156551183,389.6814606940495,345.14,0.0,52.95229348098895,7.02313234813682,7.445460086054672,0.4223277379178514,93.61244864570321,87.6,0.0,69.12510294473627,7.0330606455499485,7.5712436262964875,0.538182980746539,155.72737922301908,86.19,0.0,639.0212885627718,518.9300000000001,0.0
654,27.25,24.793526004523518,7.04151367779466,11.01445666697673,3.972942989182071,412.33466861602045,431.94,19.605331383979546,52.95148915608725,6.961557517706818,7.358709760697895,0.3971522429910772,88.03075405220976,87.72,0.0,69.12463026117649,6.967158256870282,7.813102982491882,0.8459447256216004,244.7789301666194,210.51,0.0,745.1443528348497,730.17,0.0
655,27.291666666666668,24.79381003304502,7.019820154951374,10.44651042846715,3.426690273515776,355.64552236368866,389.3,33.654477636311356,52.95249758230078,6.973631378540621,7.59273106006137,0.6190996815207486,137.22911219206358,76.38,0.0,69.12582639854524,6.969554173736402,7.897513397742106,0.9279592240057042,268.514939263768,264.87,0.0,761.3895738195201,730.55,0.0
656,27.333333333333332,24.792293306163046,7.003979410419379,9.262399990106509,2.2584205796871304,234.38010680928417,318.26,83.87989319071582,52.95114048783447,6.943630896305265,8.918511372329565,1.9748804760242997,437.7391184076482,187.16,0.0,69.12403836255973,6.957481093720017,8.74956974355223,1.7920886498322135,518.5466295723396,258.03,0.0,1190.665854789272,763.4499999999999,0.0
657,27.375,24.798571819137905,6.980254009882115,8.166718290404768,1.186464280522653,123.16308594440838,145.12,21.956914055591625,52.96620395824873,6.912886139161099,9.704162741233915,2.7912766020728164,618.8721618376304,681.73,62.8578381623696,69.14506358395458,6.903195241052843,9.953179508135234,3.049984267082391,882.7912165403022,768.96,0.0,1624.826464322341,1595.81,0.0
658,27.416666666666668,24.800202994481644,6.968541338515634,8.15767877972495,1.1891374412093159,123.44869780835936,95.91,0.0,52.969694148517,7.058061115332959,9.514526356741078,2.456465241408119,544.6748376248404,548.4,3.7251623751595844,69.15006988609343,7.034418374239124,10.05415043846876,3.019732064229636,874.0982642048747,988.73,114.63173579512534,1542.2217996380746,1633.04,90.81820036192539
659,27.458333333333332,26.22094062268863,6.99434165494488,9.273805672888649,2.279464017943769,250.1959251281222,146.63,0.0,56.003937156080944,7.1130553064148465,9.475631935640784,2.362576629225938,553.8647005893245,533.25,0.0,73.1120099276712,7.117090264983413,9.82528216287855,2.7081918978951363,828.8336633438319,749.86,0.0,1632.8942890612784,1429.74,0.0
660,27.5,27.560633475747384,7.022177233025671,10.167328005087409,3.145150772061738,362.85230728281476,353.84,0.0,58.86475341668485,7.010579851858132,9.188284305043164,2.177704453185031,536.603489235728,563.84,27.236510764271998,76.8484075038937,7.023777072961239,9.91076344881197,2.8869863758507313,928.7072386956041,897.01,0.0,1828.163035214147,1814.69,0.0
661,27.541666666666668,27.911100282877648,7.020679225706926,10.250259399916743,3.2295801742098167,377.3307957730519,366.99,0.0,59.6130831773243,6.968023777995239,9.022087700922821,2.0540639229275817,512.5718634850501,496.49,0.0,77.82589406777846,6.97115742580575,9.92330586759407,2.952148441788321,961.7485357058538,946.14,0.0,1851.6511949639557,1809.62,0.0
662,27.583333333333332,26.585640054482116,7.007828978820426,9.358407005535126,2.3505780267146994,261.5899269217548,382.47,120.88007307824523,56.78213595699097,7.0157069014190085,9.016911044031913,2.001204142612904,475.66625491501617,515.23,39.56374508498385,74.12833989758452,6.999930797599369,9.57654829519171,2.5766174975923413,799.5275808328065,962.36,162.8324191671935,1536.7837626695775,1860.06,323.2762373304224
663,27.625,24.79399113336067,7.0156133401116,9.415424925162956,2.3998115850513555,249.070797378037,138.54,0.0,52.95544082119557,7.0966582767047885,9.290371797956226,2.1937135212514374,486.2837125920596,425.32,0.0,69.13030752573651,7.09698954823673,9.306094963587313,2.2091054153505834,639.2697483097346,627.8,0.0,1374.6242582798313,1191.6599999999999,0.0
664,27.666666666666668,24.79344098511427,7.029817972366182,10.45843098350459,3.428613011138408,355.8397806793768,357.87,2.030219320623189,52.95359911701611,7.011276973918466,9.147644926560035,2.136367952641569,473.55536573878413,539.44,65.88463426121592,69.12805745156737,7.021369353422728,9.295908744227608,2.27453939080488,658.1835738147659,640.02,0.0,1487.5787202329268,1537.33,49.75127976707313
665,27.708333333333332,24.79479174233051,7.029500287011328,9.322250514256224,2.2927502272448956,237.9668347855921,350.68,112.7131652144079,52.956202257673596,7.056820043997103,8.502091514640124,1.4452714706430214,320.3800656933596,398.6,78.21993430664043,69.13186492371439,7.039464888710864,9.078857120167774,2.03939223145691,590.1715329047148,665.79,75.61846709528515,1148.5184333836664,1415.07,266.5515666163335
666,27.75,24.79493291690656,7.045677830172491,9.555304712973129,2.509626882800638,260.4781624402529,119.36,0.0,52.9562255740053,7.156829703953074,8.196564488096154,1.0397347841430804,230.48295900139976,231.74,1.257040998600246,69.1315164854694,7.153063693089499,8.695332691538066,1.5422689984485674,446.30878617767934,502.85,56.541213822320685,937.269907619332,853.95,0.0
667,27.791666666666668,24.79451584900134,7.0703404813496915,10.710169933295486,3.6398294519457943,377.77732861603874,400.45,22.672671383961244,52.95440545283971,7.085681558630315,7.899655908697209,0.8139743500668946,180.43136721028372,218.55,38.11863278971629,69.12848957647454,7.094878651471411,8.18049317706477,1.0856145255933596,314.1462916556779,376.83,62.6837083443221,872.3549874820003,995.8299999999999,123.47501251799963
668,27.833333333333332,24.794466675121594,7.07866175160555,10.485271282739385,3.406609531133835,353.5707683474399,351.6,0.0,52.9538580167959,7.069578394270373,7.471255640757465,0.40167724648709235,89.0377264537243,130.83,41.79227354627571,69.1278681238616,7.072556280012672,7.955609229416332,0.8830529494036599,255.5283749479469,237.2,0.0,698.1368697491112,719.6300000000001,21.493130250888953
669,27.875,24.794596060699337,7.077353085060123,9.623884207011086,2.546531121950963,264.3049212567023,352.43,88.1250787432977,52.95427995392077,7.062257171144976,7.3278391766439945,0.26558200549901834,58.87066439947985,34.91,0.0,69.12857618775193,7.0593237373457125,7.943430331682729,0.8841065943370161,255.8358878509192,259.68,3.8441121490808143,579.0114735071013,647.02,68.00852649289868
670,27.916666666666668,24.79496556915216,7.077439385882723,8.984019479578986,1.9065800936962631,197.88723843883253,170.95,0.0,52.95563077417236,7.115156362624135,7.474342712043589,0.3591863494194536,79.62165357992795,70.87,0.0,69.12992003106353,7.107571651327756,7.818565116393311,0.7109934650655552,205.74575690752422,237.69,31.944243092475773,483.25464892628474,479.51,0.0
671,27.958333333333332,24.794781469956394,7.087402077156415,9.534008476138405,2.4466063989819906,253.9356152300921,221.14,0.0,52.95496568992642,7.118424004957676,7.438404501103934,0.31998049614625756,70.92991223172876,76.47,5.540087768271235,69.12870284302852,7.1212622916613055,7.618731012050541,0.49746872038923584,143.95389170821747,158.87,14.916108291782535,468.8194191700384,456.48,0.0
672,28.0,24.794310611895433,7.094263236578567,10.157448238080503,3.063185001501936,317.9248597880961,283.68,0.0,52.9535536820221,7.073455683568625,7.351665932530153,0.27821024896152835,61.66907858480088,53.22,0.0,69.12663324971118,7.082231845408737,7.4489893411368895,0.3667574957281525,106.1264478223036,113.61,7.483552177696396,485.7203861952006,450.51,0.0
673,28.041666666666668,24.79367821525535,7.086593403351837,10.409434781675172,3.322841378323335,344.8655351183114,349.58,4.714464881688571,52.952191335470076,7.008480546029335,7.492242741504929,0.4837621954755935,107.22969925320129,57.96,0.0,69.12462126959826,7.0189187438525344,7.4211850234375865,0.402266279585052,116.39802668939575,82.89,0.0,568.4932610609085,490.42999999999995,0.0
674,28.083333333333332,24.79372254737168,7.0633355306096925,10.582343429818417,3.5190078992087246,365.22559280202984,336.89,0.0,52.95216126575044,6.975558640178357,7.4215101963860635,0.44595155620770655,98.84861724620164,145.12,46.27138275379836,69.12477490340707,6.976899669354306,7.473904750026383,0.4970050806720776,143.81155507410725,134.53,0.0,607.8857651223387,616.54,8.654234877661224
675,28.125,24.793665019986125,7.0374436503241125,11.270910183208551,4.233466532884439,439.37575046131195,390.93,0.0,52.95156216240874,6.970720999478737,7.191305731554431,0.22058473207569396,48.89376155471824,40.31,0.0,69.12409538950808,6.973481511179279,7.37927488377285,0.4057933725935712,117.41771774433224,137.84,20.422282255667767,605.6872297603625,569.08,0.0
676,28.166666666666668,24.79316320904845,7.01296735536084,11.829944977414351,4.816977622053511,499.9260783301979,485.66,0.0,52.95026898954076,6.927238287986437,7.218118094713339,0.2908798067269016,64.47345854508588,45.23,0.0,69.1223756184224,6.9356689837850425,7.383561839756148,0.44789285597110595,129.59612469923815,81.28,0.0,693.995661574522,612.17,0.0
677,28.208333333333332,24.793597528551853,6.98440929321837,11.347821873238637,4.363412580020267,452.86113477713815,511.49,58.62886522286186,52.95130546144406,6.91537888218745,7.231364439922443,0.3159855577349928,70.03951484488114,71.68,1.640485155118867,69.12388489140461,6.9102475659873175,7.46917242756796,0.5589248615806426,161.72635192921948,162.77,1.0436480707805345,684.6270015512388,745.94,61.31299844876128
678,28.25,24.794363929059998,6.966827429322614,10.384725235049057,3.417897805726443,354.7409042546263,390.17,35.42909574537373,52.953287703391084,6.995848640351975,7.261345053228011,0.2654964128760362,58.85058861692741,56.32,0.0,69.12665551604529,6.983089309122153,7.5794058293544895,0.5963165202323362,172.55264089161892,145.55,0.0,586.1441337631726,592.04,5.8958662368273735
679,28.291666666666668,24.794232704354393,6.973179855599947,10.137372335827232,3.1641924802272845,328.4072914942533,315.6,0.0,52.95350442234415,7.036228238850973,7.619644328168979,0.583416089318006,129.32197618570385,49.26,0.0,69.12685313899867,7.034561118194122,7.766656865412627,0.732095747218505,211.84289119414493,184.77,0.0,669.5721588741021,549.63,0.0
680,28.333333333333332,24.792521507207024,6.985929121000839,10.001769641258457,3.015840520257618,312.98843796188123,338.37,25.381562038118773,52.951033159976845,6.962237953415767,8.677673063595561,1.7154351101797944,380.2313810326182,198.54,0.0,69.12380274175598,6.981759253431059,8.545765944985698,1.5640066915546393,452.54883688152563,224.43,0.0,1145.7686558760252,761.3399999999999,0.0
681,28.375,24.792897421648885,6.975885562600314,9.101233629460152,2.1253480668598383,220.57514423671668,283.98,63.40485576328334,52.95292242739203,6.909309275336543,9.158963271585366,2.2496539962488225,498.6604043679871,554.16,55.49959563201287,69.12759499370142,6.902057638246129,9.511906370967534,2.609848732721405,755.2070020729733,669.7,0.0,1474.442550677677,1507.8400000000001,33.397449322323155
682,28.416666666666668,27.21867432321329,6.967084444817827,9.201730429716829,2.234645984899002,254.609688002628,152.03,0.0,58.134405452300214,7.016150399418603,8.882115196445906,1.8659647970273028,454.08369253745656,434.53,0.0,75.8954153318524,7.005689101023125,10.094877178905957,3.089188077882832,981.4295183073946,831.62,0.0,1690.122898847479,1418.1799999999998,0.0
683,28.458333333333332,27.45123843009518,6.978717497701319,8.9394591638886,1.960741666187281,225.3105582912858,357.71,132.3994417087142,58.63137465025442,7.020648575604662,8.97315077088796,1.952502195283298,479.2044379837775,459.26,0.0,76.54480314617471,7.01918226300706,10.49544029582926,3.4762580328221997,1113.8505917769646,1121.98,8.129408223035398,1818.3655880520278,1938.95,120.58441194797228
684,28.5,28.335893774385717,6.996157315967959,8.887874874059515,1.891717558091556,224.3842835554541,90.94,0.0,60.52130633365107,7.076805685671845,8.976427714690871,1.8996220290190262,481.25440179862187,484.1,2.8455982013781522,79.01299644432835,7.068312819545586,10.60078164330457,3.5324688237589843,1168.3584225151922,1088.87,0.0,1873.9971078692681,1663.9099999999999,0.0
685,28.541666666666668,28.240004323612542,7.023424236561446,10.188850835796293,3.1654265992348467,374.19349231169633,360.64,0.0,60.315704305265406,7.059468736864018,8.953967695657605,1.8944989587935872,478.32601127588106,459.05,0.0,78.74390508012112,7.067291166320569,10.144592135844775,3.077300969524206,1014.3460591418904,1228.34,213.99394085810957,1866.865562729468,2048.0299999999997,181.16443727053183
686,28.583333333333332,24.92948092852522,7.033484663470871,10.446182831330363,3.4126981678594923,356.13145922549137,379.32,23.188540774508624,53.24403663581571,6.999745577504391,8.968194228796674,1.9684486512922836,438.72692471206733,479.06,40.33307528793267,69.50882080328553,7.007884209933197,9.92547312839898,2.9175889184657837,848.913119993059,791.56,0.0,1643.7715039306177,1649.94,6.1684960693824
687,28.625,24.793381336890615,7.025960126675531,10.2382507948574,3.2122906681818693,333.38788983989025,329.45,0.0,52.953216911015495,6.983836130057721,8.834131610933717,1.850295480875996,410.14050401157687,389.2,0.0,69.12924839482456,6.982897683349964,9.93464617946409,2.951748496114127,854.1623207752609,897.25,43.08767922473908,1597.690714626728,1615.9,18.209285373271996
688,28.666666666666668,24.793700115599542,7.016099190708307,10.25656590121044,3.240466710502133,336.31646715208063,334.26,0.0,52.95388630443964,7.0072055006875,8.857792544330065,1.850587043642565,410.2103179404961,422.27,12.05968205950387,69.12966517478404,7.00339159057996,9.718758947781904,2.715367357201944,785.7642580583973,801.89,16.125741941602655,1532.291043150974,1558.42,26.128956849026054
689,28.708333333333332,24.794607617184642,7.0141610149617835,10.251397387797786,3.2372363728360023,335.9934995610966,335.29,0.0,52.9554094828888,7.055155423137019,8.484332850566465,1.4291774274294466,316.80768128905214,389.05,72.24231871094787,69.13129932895785,7.043767388713862,9.30254965606478,2.2587822673509184,653.6545870387449,760.07,106.41541296125513,1306.4557678888937,1484.41,177.95423211110642
690,28.75,24.794705891872812,7.02824412176396,10.297702747248456,3.2694586254844964,339.33919947642283,333.6,0.0,52.955088077872674,7.105671811409071,8.03807066420298,0.9323988527939093,206.68485248108968,234.12,27.435147518910327,69.13076536519314,7.104010018552702,8.966776880456067,1.8627668619033644,539.05005222921,535.86,0.0,1085.0741041867225,1103.58,18.505895813277448
691,28.791666666666668,24.79501012859855,7.048544983239326,10.368603037715127,3.320058054475801,344.5951747474676,342.08,0.0,52.95545065765755,7.102115161669723,7.816822250149727,0.7147070884800035,158.43020412303832,168.13,9.699795876961673,69.13055342924847,7.098969499363782,8.478272394655406,1.379302895291624,399.14335687694074,530.56,131.4166431230592,902.1687357474466,1040.77,138.6012642525534
692,28.833333333333332,24.794968559623616,7.068166013229333,10.379264219819325,3.3110982065899917,343.6646388439218,344.04,0.3753611560782133,52.9551370682348,7.120541161811809,7.661723767008373,0.541182605196564,119.96405836941966,137.37,17.405941630580344,69.12940946758103,7.121857125355291,8.009087311224471,0.8872301858691802,256.7428632226307,253.81,0.0,720.3715604359722,735.22,14.848439564027785
693,28.875,24.79448635459348,7.082650680060257,10.446402179745318,3.363751499685061,349.1228258993467,340.15,0.0,52.9538708446847,7.08095744841187,7.460999804454467,0.38004235604259673,84.2420521233118,90.73,6.48794787668821,69.12796508996418,7.087750817422473,7.9908191377919735,0.9030683203695009,261.32057450775187,245.41,0.0,694.6854525304104,676.29,0.0
694,28.916666666666668,24.79440749515191,7.083341967799008,10.46816551423667,3.384823546437662,351.30877037982077,355.11,3.8012296201792424,52.95356143040116,7.052493034899079,7.338547777594156,0.286054742695077,63.40792639354105,65.68,2.27207360645896,69.1275927667803,7.054841525808576,7.928374728571126,0.87353320276255,252.77264607196602,263.07,10.29735392803397,667.4893428453279,683.86,16.37065715467213
695,28.958333333333332,24.795154712171232,7.077563867178457,9.199676412483704,2.1221125453052476,220.25940376114426,344.28,124.02059623885572,52.95562419162059,7.088768088620672,7.3175972053920875,0.22882911677141582,50.725063547793894,48.94,0.0,69.13005019953859,7.076715356351294,7.7895740852776685,0.7128587289263741,206.28591137058794,228.07,21.784088629412054,477.2703786795261,621.29,144.01962132047385
696,29.0,24.79519940189714,7.085981397416653,9.223215285662532,2.137233888245879,221.8292858297181,89.98,0.0,52.95594054862797,7.163379497280667,7.346850261894443,0.18347076461377565,40.67061885720719,40.33,0.0,69.13015140912628,7.160126395057256,7.648211164980087,0.488084769922831,141.2413917534327,169.67,28.42860824656728,403.741296440358,299.98,0.0
697,29.041666666666668,24.79424280148936,7.101007784872357,10.53304182185036,3.432034036978002,356.2063523133735,352.09,0.0,52.95314723070062,7.079570893842277,7.247892926938291,0.1683220330960138,37.31057734334728,28.63,0.0,69.12635717631403,7.095424616650971,7.516226601664995,0.4208019850140241,121.76449581320963,97.3,0.0,515.2814254699304,478.02,0.0
698,29.083333333333332,24.793893976210246,7.094034317351594,10.478063561190792,3.3840292438391986,351.21905592142684,357.25,6.030944078573157,52.95235191850676,7.012801044269146,7.231879135216942,0.21907809094779562,48.56053090953664,33.58,0.0,69.12538219926525,7.020104717137548,7.538262763445375,0.5181580463078266,149.93361633887383,130.81,0.0,549.7132031698372,521.64,0.0
699,29.125,24.79419347602977,7.072350555339739,10.360518608259058,3.2881680529193194,341.27400987188213,341.9,0.6259901281178486,52.95304231928817,7.008231873095178,7.259664853413721,0.2514329803185431,55.73299526108295,51.34,0.0,69.1259924452475,7.005452769446363,7.4021245817804795,0.39667181233411686,114.78151269329624,153.9,39.11848730670377,511.78851782626134,547.14,35.351482173738646
700,29.166666666666668,24.794643127375693,7.054879099939818,9.27029221908271,2.2154131191428927,229.93856092182398,337.46,107.521439078176,52.95466978096969,7.0510362184493145,7.51497955398802,0.4639433355387057,102.8415062224144,47.95,0.0,69.12755988135333,7.042290869761329,7.275764549049891,0.23347367928856144,67.55980361166728,59.82,0.0,400.3398707559057,445.22999999999996,44.89012924409428
701,29.208333333333332,24.794844118053756,7.054778173212902,8.127171715185417,1.0723935419725157,111.30503133705764,116.55,5.244968662942355,52.95592423700039,7.118005481100168,7.612181413792914,0.4941759326927464,109.54570805046957,146.48,36.93429194953042,69.12972688516687,7.10933457091787,7.611847840979937,0.5025132700620674,145.41580101374598,59.4,0.0,366.2665404012732,322.42999999999995,0.0
702,29.25,24.794932407464866,7.071222418805447,8.295494929347385,1.2242725105419376,127.06918686019871,101.0,0.0,52.95599476444878,7.141984695418498,7.427685625950465,0.2857009305319673,63.332409244345534,60.57,0.0,69.13032035716765,7.138971347894579,7.7508522466223875,0.6118808987278088,177.06580139214452,216.81,39.74419860785548,367.46739749668876,378.38,10.912602503311234
703,29.291666666666668,24.79413755881979,7.091227997885571,8.42627202572715,1.3350440278415787,138.56189643438935,148.81,10.248103565610649,52.95452649839688,7.116484414155691,7.7067657347830885,0.5902813206273976,130.84627195593797,53.97,0.0,69.12816366100864,7.126473944001587,7.811575039093099,0.685101095091512,198.24804169969207,122.05,0.0,467.6562100900194,324.83,0.0
704,29.333333333333332,24.792772351976122,7.095258706527971,8.401545242579381,1.3062865360514104,135.56974129604424,123.43,0.0,52.952275785319074,7.015519030090008,8.267236148816297,1.2517171187262885,277.4533965381335,196.8,0.0,69.12575737722078,7.032978071025889,8.447416940522837,1.4144388694969479,409.28262588092855,260.13,0.0,822.3057637151063,580.36,0.0
705,29.375,24.791704651749814,7.069954638517568,8.765966148420965,1.6960115099033972,176.00881081571885,143.18,0.0,52.95020792737862,6.909529594528707,8.53344471346584,1.6239151189371333,359.94008845250903,348.52,0.0,69.12476670187252,6.9249010563372755,9.476686481379346,2.5517854250420706,738.3751211424315,546.52,0.0,1274.3240204106594,1038.22,0.0
706,29.416666666666668,25.265363363685555,7.021294544633018,8.805464816996418,1.7841702723633999,188.69529503930266,205.03,16.334704960697337,53.962011350640935,6.8598487116947195,8.539421959637378,1.6795732479426588,379.3903687034254,361.91,0.0,70.44757472543677,6.861305275864403,10.368152286288511,3.5068470104241083,1034.1465564981675,921.62,0.0,1602.2322202408955,1488.56,0.0
707,29.458333333333332,27.444946743957157,6.973423711194719,8.495284307801244,1.5218605966065253,174.8382653451321,167.08,0.0,58.61802514396448,6.91818865195609,8.587222903824088,1.6690342518679984,409.5393684325825,387.01,0.0,76.5282400436259,6.906518193855347,10.760860562109748,3.854342368254401,1234.7278349344263,1139.43,0.0,1819.105468712141,1693.52,0.0
708,29.5,28.99403916555656,6.954494940006814,8.4058518522708,1.4513569122639858,176.14980667280625,175.76,0.0,61.92715832740063,6.99378999191918,8.652261067641895,1.6584710757227148,429.9206221158913,418.21,0.0,80.84970155769989,6.985554641597603,10.885210511182551,3.899655869584948,1319.7872513961663,1317.61,0.0,1925.857680184864,1911.58,0.0
709,29.541666666666668,26.956207649170352,6.96447289313965,8.511677520212896,1.5472046270732456,174.58453588435904,168.61,0.0,57.57444817543408,7.0288417622703285,8.937764987351075,1.9089232250807466,460.06317261372834,425.31,0.0,75.16488245689611,7.025807861621512,10.681848215904573,3.6560403542830606,1150.3372608380682,1305.1,154.76273916193168,1784.9849693361557,1899.02,114.03503066384428
710,29.583333333333332,24.85461656038987,6.982841934970263,8.659517196533658,1.6766752615633953,174.44368334417396,174.0,0.0,53.085246893279354,7.036753321729338,8.995800444419626,1.9590471226902872,435.329349768476,480.13,44.800650231524,69.30220296246976,7.035935149946111,10.485566518700523,3.449631368754412,1000.734684959423,986.09,0.0,1610.507718072073,1640.22,29.71228192792705
711,29.625,24.793184092364086,6.999615289379971,9.164872710987298,2.1652574216073273,224.7196578552681,170.49,0.0,52.9536608564784,7.027453399212568,8.8914553599986,1.864001960786032,413.1821760152102,381.34,0.0,69.13033878791745,7.031320538108775,10.353109430207716,3.321788892098941,961.2579347886129,1006.73,45.472065211387076,1599.1597686590912,1558.56,0.0
712,29.666666666666668,24.79301879766368,7.007519007412999,9.29776479725823,2.2902457898452306,237.6898995625276,276.02,38.330100437472396,52.953261814440054,6.993180557615005,9.024565577528758,2.0313850199137535,450.28158530350703,436.3,0.0,69.12942718754225,6.996972501035054,10.176446896948397,3.179474395913343,920.0628903247172,906.76,0.0,1608.0343751907517,1619.08,11.045624809248238
713,29.708333333333332,24.794469754528237,7.008225867135457,8.66910901490309,1.660883147767632,172.38248124952304,194.86,22.477518750476975,52.95639435054849,7.055142492023897,8.77225810213167,1.717115610107772,380.6424043367484,455.73,75.08759566325159,69.13293621314632,7.035895532453208,9.661832583932373,2.6259370514791653,759.921160113001,924.8,164.878839886999,1312.9460456992724,1575.3899999999999,262.44395430072746
714,29.75,24.794168021904714,7.028008515176622,9.451733509090712,2.4237249939140897,251.5545084732509,145.09,0.0,52.9549887696866,7.125460234009488,8.39607866469441,1.270618430684923,281.6574576692184,295.72,14.062542330781639,69.13072023255921,7.129685294211845,9.236214750063356,2.1065294558515104,609.5900110126495,584.21,0.0,1142.8019771551187,1025.02,0.0
715,29.791666666666668,24.793786144803445,7.047523677689827,10.543193873600424,3.4956701959105976,362.8043843449338,356.25,0.0,52.95323121672538,7.027720688982436,8.070142410604205,1.0424217216217695,231.06551911326764,257.22,26.154480886732387,69.12801580667767,7.037464017696164,8.825772496611494,1.7883084789153303,517.4825995150661,624.06,106.57740048493383,1111.3525029732675,1237.53,126.17749702673245
716,29.833333333333332,24.79326183376231,7.046192289599015,10.672082866165042,3.625890576566027,376.3115815083309,366.38,0.0,52.95158828031417,6.99410023204273,7.714801156491818,0.7207009244490878,159.74721460286824,194.0,34.25278539713176,69.12622360787434,7.004005735011623,8.783830551087181,1.7798248160755579,515.0143305642436,398.17,0.0,1051.0731266754428,958.55,0.0
717,29.875,24.794482102152447,7.030469058160903,9.880336756186278,2.849867698025375,295.786919344358,383.32,87.53308065564198,52.95412110003858,6.9948719469828795,7.422072751039532,0.4272008040566524,94.69587246704056,113.82,19.124127532959434,69.12935296862761,6.979504112014852,8.498726380116045,1.5192222681011929,439.62566018560767,620.71,181.08433981439237,830.1084519970062,1117.85,287.7415480029937
718,29.916666666666668,24.794657587240795,7.029420182696807,10.241813051555384,3.2123928688585774,333.4156585829121,203.23,0.0,52.954428678945895,7.10511668269335,7.447059907471506,0.34194322477815664,75.79761034328469,63.64,0.0,69.12855492259708,7.102102716994068,7.907334020319859,0.8052313033257912,233.01149811559287,244.69,11.678501884407126,642.2247670417896,511.56,0.0
719,29.958333333333332,24.794421824549207,7.041051960057136,10.051120567933298,3.0100686078761614,312.4133645439804,462.67,150.25663545601964,52.95374668306201,7.041667004343266,7.3471453380801774,0.3054783337369118,67.71366655562072,75.98,8.266333444379285,69.12755320669804,7.044595346644405,7.789976360988742,0.7453810143443373,215.6893669388762,206.77,0.0,595.8163980384772,745.42,149.6036019615227
720,30.0,24.79476707213631,7.048183300635418,9.593389716030437,2.545206415395019,264.16925172186814,155.98,0.0,52.95481258869385,7.097265009029466,7.368773243757404,0.2715082347279374,60.184916934872824,47.26,0.0,69.12863723761613,7.091866093944614,7.641409269043652,0.5495431750990374,159.0226689597127,210.0,50.97733104028731,483.37683761645366,413.24,0.0
721,30.041666666666668,24.794194965488806,7.059004307462214,10.696539222825303,3.637534915363089,377.53429301980407,370.68,0.0,52.95304754341099,7.051291727480576,7.339124287914302,0.28783256043372596,63.801384722592346,61.04,0.0,69.12588586542131,7.061073629527946,7.3969926036473765,0.33591897411943084,97.20183623972848,92.54,0.0,538.5375139821249,524.26,0.0
722,30.083333333333332,24.79404596924978,7.05641619960291,10.714800875466581,3.6583846758636716,379.69597666199195,381.42,1.7240233380080667,52.95262038314445,7.010935864311756,7.285523968087879,0.2745881037761224,60.86510817344105,54.37,0.0,69.12520468060907,7.014970032750033,7.298107952694122,0.2831379199440889,81.92825247633792,86.11,4.181747523662082,522.4893373117709,521.9,0.0
723,30.125,24.793890482427976,7.044323475861683,10.728282938795237,3.6839594629335544,382.3479317313312,374.83,0.0,52.952295994362245,6.996127653193627,7.316652216429377,0.3205245632357503,71.04693333123421,55.21,0.0,69.12475051992507,6.998893863101267,7.302769812627105,0.3038759495258381,87.92839175111169,61.82,0.0,541.3232568136771,491.85999999999996,0.0
724,30.166666666666668,24.79384209447529,7.028960557667201,10.779722390845002,3.750761833177801,389.28040467557815,386.9,0.0,52.95228709323728,6.981721065650127,7.436713086818319,0.4549920211681915,100.85274599230713,74.91,0.0,69.12464033770016,6.982754269027953,7.328460977124438,0.3457067080964853,100.03222188386633,98.39,0.0,590.1653725517516,560.1999999999999,0.0
725,30.208333333333332,24.794022094941717,7.014555387720866,10.768708726681284,3.7541533389604185,389.6352276510563,388.62,0.0,52.95271982093405,6.989885067451586,7.4890890592469805,0.49920399179539476,110.65359933878581,115.2,4.546400661214193,69.12512132421598,6.987708567459564,7.31776852798689,0.33005996052732556,95.5054101385927,85.97,0.0,595.7942371284348,589.79,0.0
726,30.25,24.79320116179091,7.005038411927287,11.259975924256356,4.254937512329069,441.59588172746777,387.6,0.0,52.950765614163814,6.96430890223977,7.417332943541199,0.45302404130142904,100.41364170224013,94.34,0.0,69.12349431511277,6.975010545685235,7.754472989069661,0.7794624433844257,225.53819630249671,89.37,0.0,767.5477197322045,571.3100000000001,0.0
727,30.291666666666668,24.791967305901803,6.985282069381566,12.0160147852523,5.030732715870735,522.0852916154785,493.57,0.0,52.948592224784356,6.85116464917058,8.111875212804215,1.2607105636336344,279.4274282050621,94.63,0.0,69.12063545651242,6.8690768969396325,8.192591909776732,1.3235150128370998,382.9444838567156,348.06,0.0,1184.457203677256,936.26,0.0
728,30.333333333333332,25.054768727559463,6.943082275173597,12.275648442698555,5.332566167524958,559.2756036486085,548.2,0.0,53.510579131965095,6.786212315358965,8.814429272573236,2.028216957214271,454.31103384459107,455.6,1.288966155408957,69.85445570143756,6.791123811826168,8.621570176901335,1.8304463650751668,535.2421973132807,404.84,0.0,1548.8288348064802,1408.64,0.0
729,30.375,26.505631989399117,6.896038444826795,11.970188460111483,5.074150015284689,562.9900127078895,567.45,4.459987292110554,56.60961584447513,6.817121832702134,8.66494238704924,1.8478205543471065,437.8740675064464,443.86,5.985932493553605,73.90281695553506,6.807586829625865,9.252165045818879,2.4445782161930145,756.247852037936,655.06,0.0,1757.1119322522718,1666.37,0.0
730,30.416666666666668,29.57752160570602,6.872297077805665,11.781030931453772,4.9087338536481075,607.7577282317563,553.14,0.0,63.17124920881478,6.912557693050007,8.556741289721518,1.6441835966715113,434.77944142337674,419.23,0.0,82.47231922367533,6.8998062093047965,9.564444522326378,2.664638313021581,919.9107619600964,846.4,0.0,1962.4479316152294,1818.77,0.0
731,30.458333333333332,31.356237655420035,6.886288928516112,11.544112535186054,4.657823606669941,611.3729351290784,656.86,45.487064870921586,66.97069343372554,6.979746699936643,8.519944462936374,1.540197762999731,431.77799772430814,431.77,0.0,87.43462852275613,6.972836793429524,9.821663414927363,2.848826621497839,1042.6744036176183,974.05,0.0,2085.825336471005,2062.6800000000003,0.0
732,30.5,29.503483029050415,6.921916367005186,11.483780658699631,4.561864291694445,563.3974475855686,557.19,0.0,63.01322903017283,7.029538704243455,8.531341142545921,1.501802438302466,396.13550031782665,410.02,13.884499682173328,82.26679971889261,7.024477892229508,9.921648470585836,2.897170578356328,997.6952239045594,1087.57,89.87477609544055,1957.2281718079546,2054.7799999999997,97.55182819204515
733,30.541666666666668,29.427768234252362,6.960116912859129,12.121764547958557,5.1616476350994285,635.8356945284715,562.26,0.0,62.8511604029857,7.032991213116747,8.44704978395473,1.414058570837983,372.03167952204075,364.39,0.0,82.05496211292149,7.034858985653472,9.78555645330025,2.750697467646779,944.8152639949491,890.2,0.0,1952.6826380454613,1816.85,0.0
734,30.583333333333332,30.78529177569354,6.9871252861209845,12.200631278908661,5.213505992787677,671.8500830373687,705.1,33.249916962631346,65.75059476869147,7.00650659037722,8.274756723458385,1.2682501330811649,349.06300756742877,360.7,11.636992432571219,85.8417471966563,7.0094370308621725,9.865568354981463,2.85613132411929,1026.3038187159,979.82,0.0,2047.2169093206974,2045.62,0.0
735,30.625,30.841039039885835,6.99800266422138,12.363668030964021,5.3656653667426415,692.7105614821178,630.88,0.0,65.86955624837044,7.008766623544028,8.215967682800937,1.2072010592569091,332.86150274536305,316.29,0.0,85.99716528382548,7.0075435721371075,9.855178694410805,2.8476351222736973,1025.1034630925358,1050.26,25.156536907464215,2050.675527320017,1997.43,0.0
736,30.666666666666668,30.90345054703843,7.003222383554716,12.722784370524561,5.719561986969845,739.893085448972,748.16,8.26691455102798,66.00267078219385,7.001323298924065,8.212820418524238,1.211497119600173,334.72112262435496,328.07,0.0,86.17069687556757,7.003221939847384,9.722245010704885,2.719023070857501,980.7802723337423,976.62,0.0,2055.3944804070693,2052.85,0.0
737,30.708333333333332,27.76641258364021,7.004292568573886,10.681763293539147,3.6774707249652607,427.4331691655134,724.0,296.5668308344866,59.30241725989578,7.036939593932965,8.087364682950762,1.0504250890177964,260.7574386456167,319.82,59.06256135438332,77.42177863922028,7.023962199440925,10.130563698774976,3.106601499334051,1006.8109165367609,961.73,0.0,1695.001524347891,2005.55,310.5484756521089
738,30.75,24.79536821080843,7.022129962810737,10.707252762248318,3.685122799437581,382.49146652522245,138.56,0.0,52.95646707408887,7.156917353522646,8.033168778255792,0.8762514247331463,194.2437103184031,188.64,0.0,69.1347515115225,7.144860041576368,10.121710203996809,2.9768501624204413,861.4946911693612,1028.61,167.1153088306387,1438.2298680129868,1355.81,0.0
739,30.791666666666668,24.79583446150666,7.0571934442793545,10.942726519123896,3.885533074844542,403.300316169068,627.55,224.24968383093193,52.957034981678866,7.157932572879406,7.936040614499272,0.7781080416198662,172.4895499473591,188.96,16.4704500526409,69.13416272781008,7.152708635036878,9.326622614601153,2.173913979564275,629.1211517222501,684.0,54.87884827774985,1204.9110178386773,1500.51,295.59898216132274
740,30.833333333333332,24.796635962672934,7.097611137135191,8.745539254017864,1.6479281168826727,171.05282611887174,171.78,0.727173881128266,52.95957871158185,7.275257501835345,7.781236805239878,0.5059793034045335,112.16994281892055,144.76,32.590057181079445,69.13729409667788,7.259005306170717,9.131426973626946,1.8724216674562282,541.8951451378929,562.98,21.084854862107136,825.1179140756851,879.52,54.40208592431486
741,30.875,24.795317101589358,7.149988096818199,10.494824099581232,3.3448360027630324,347.17122346277387,165.92,0.0,52.95595234525107,7.243900065912248,7.5602749396759386,0.31637487376369045,70.13196244237652,67.64,0.0,69.13252400512934,7.262173287986952,8.984594765294966,1.7224214773080142,498.4493905153986,509.07,10.620609484601403,915.752576420549,742.63,0.0
742,30.916666666666668,24.79391393835674,7.171133191669339,12.214467598999367,5.043334407330027,523.4341808927074,528.35,4.915819107292577,52.95205717553769,7.059168857154534,7.3919932166448055,0.3328243594902718,73.77295267200648,60.41,0.0,69.12703512331521,7.0850338402641135,8.68215164530639,1.5971178050422772,462.1512218814911,475.58,13.428778118508887,1059.358355446205,1064.34,4.981644553794922
743,30.958333333333332,24.793652395933773,7.1435910991271685,12.124127951684798,4.98053685255763,516.9111379707538,515.39,0.0,52.95139382230158,6.978674199288249,7.344361746942338,0.3656875476540895,81.05630316239775,75.06,0.0,69.12590230253564,6.9868790931440525,8.515656404966071,1.5287773118220187,442.3685730618453,436.07,0.0,1040.3360141949968,1026.52,0.0
