hour,day,user3_flow_kg_s,user3_T_sup_C,user3_T_ret_C,user3_delta_T_C,user3_Q_sup_kw,user3_demand_kw,user3_Q_unmet_kw,user4_flow_kg_s,user4_T_sup_C,user4_T_ret_C,user4_delta_T_C,user4_Q_sup_kw,user4_demand_kw,user4_Q_unmet_kw,user6_flow_kg_s,user6_T_sup_C,user6_T_ret_C,user6_delta_T_C,user6_Q_sup_kw,user6_demand_kw,user6_Q_unmet_kw,total_Q_sup_kw,total_demand_kw,total_Q_unmet_kw
0,0.0,24.641318513780558,6.988538492326966,8.248629008258378,1.2600905159314122,129.97652130426238,130.75,0.773478695737623,52.62887718954261,6.798470695389521,8.020517339905677,1.2220466445161557,269.2223504525224,280.61,11.387649547477622,68.70376210235561,6.834651106371613,8.439199769988694,1.6045486636170807,461.458485185227,541.96,80.50151481477303,860.6573569420118,953.32,92.66264305798825
1,0.041666666666666664,24.792186145425372,6.942036341695251,8.07512045692635,1.1330841152310986,117.59157282133756,127.88,10.288427178662431,52.95112170389934,6.850461833002965,8.010358446561295,1.1598966135583293,257.0950227690862,250.74,0.0,69.12388322441977,6.832779232651368,8.088649663725665,1.255870431074297,363.3893433205258,370.63,7.240656679474171,738.0759389109496,749.25,11.174061089050383
2,0.08333333333333333,24.79261369598087,6.915550534148953,7.855353212645059,0.9398026784961058,97.53448967867101,102.17,4.635510321328994,52.95240983472461,6.9254669071977375,8.313854659479729,1.3883877522819912,307.7483458453052,253.19,0.0,69.12504319605084,6.916367593998362,8.017858594099508,1.101491000101146,318.7246058591537,342.87,24.145394140846292,724.00744138313,698.23,0.0
3,0.125,24.79291014122975,6.914322477969243,8.018506952306693,1.1041844743374494,114.59571184635318,87.71,0.0,52.9530792780967,6.964418969590727,8.420869666313003,1.4564506967222757,322.8391769854157,352.9,30.060823014584287,69.12569252438999,6.959556803438775,7.972841157835189,1.013284354396414,293.20411167337755,280.73,0.0,730.6390005051464,721.3399999999999,0.0
4,0.16666666666666666,24.793000317188852,6.926498648618744,8.101201910120452,1.1747032615017075,121.91481515037117,137.04,15.125184849628823,52.95325600109774,6.977689816767366,8.496810057682687,1.5191202409153206,336.7317315750897,282.72,0.0,69.12570721329597,6.976279871316888,7.911558323363066,0.9352784520461785,270.6323696618583,291.84,21.207630338141655,729.2789163873192,711.5999999999999,0.0
5,0.20833333333333334,24.793050423467538,6.942026382622646,8.008310054725778,1.0662836721031317,110.66287441445246,101.66,0.0,52.953711168113834,6.988370000724574,8.794247991902248,1.805877991177674,400.2985633269444,381.56,0.0,69.12578806344071,6.9871066088296185,7.842703271156248,0.8555966623266293,247.57591979099797,235.12,0.0,758.5373575323948,718.34,0.0
6,0.25,24.792984259478565,6.956602970983808,8.079687806125998,1.1230848351421896,116.55759874194906,114.87,0.0,52.95355733817367,6.9870511441012075,8.81354129973592,1.8264901556347128,404.8663668562764,410.11,5.243633143723628,69.12583421142025,6.987664232924049,7.982959884836752,0.995295651912703,287.9994883557963,245.76,0.0,809.4234539540217,770.74,0.0
7,0.2916666666666667,24.79266946196205,6.966635661184782,8.064631699873331,1.0979960386885494,113.9523504625369,113.37,0.0,52.953248556862455,6.97265842597302,9.155211541325452,2.182553115352431,483.7897400579281,390.51,0.0,69.12529045141206,6.976287784731641,8.136146798169767,1.1598590134381261,335.6150247071022,316.54,0.0,933.3571152275672,820.4200000000001,0.0
8,0.3333333333333333,24.792712532048593,6.969172235844587,8.053848787549478,1.0846765517048915,112.57022149891367,109.61,0.0,52.95367626287801,6.961327700311926,9.446844923192945,2.485517222881019,550.9499104971187,569.55,18.600089502881247,69.12580319246615,6.960639215752547,8.303996196118666,1.343356980366119,388.7145981930704,341.24,0.0,1052.2347301891027,1020.4,0.0
9,0.375,24.792575322326794,6.968838416895913,7.932837481265171,0.9639990643692578,100.0454812671186,110.63,10.584518732881392,52.95350233563594,6.966846289931608,9.48710978144502,2.5202634915134112,558.6500755723685,524.46,0.0,69.12625438852108,6.967567937967576,8.67465255987611,1.7070846219085336,493.9662753927678,423.45,0.0,1152.6618322322547,1058.54,0.0
10,0.4166666666666667,24.7923345030149,6.967517100547474,7.991375912094564,1.0238588115470897,106.25679668492963,84.2,0.0,52.953176205561306,6.953889908364936,9.629748848137481,2.675858939772545,593.1362325246624,585.48,0.0,69.12653150392897,6.956181640869963,9.121489303643166,2.165307662773203,626.5613522217111,552.86,0.0,1325.9543814313033,1222.54,0.0
11,0.4583333333333333,24.792422411205585,6.963130032984215,8.037833229893655,1.0747031969094403,111.53385868395564,123.7,12.16614131604436,52.953631216223464,6.94808888549953,9.909234257855518,2.961145372355988,656.3790325061808,593.5,0.0,69.12714593671771,6.946861049292911,9.30443622307843,2.357575173785518,682.2026467958965,689.86,7.657353204103515,1450.115537986033,1407.06,0.0
12,0.5,24.7928188082067,6.960603795462682,7.843847578848504,0.8832437833858213,91.66545951364103,94.18,2.5145404863589818,52.954742997546454,6.9809571739038905,10.06287435924412,3.081917185340229,683.1641266006852,713.02,29.85587339931476,69.1285635364029,6.97476038669135,9.376995406153215,2.402235019461865,695.1399531370032,664.08,0.0,1469.9695392513295,1471.2800000000002,1.310460748670721
13,0.5416666666666666,24.79303966195725,6.96728115885102,8.002532120516074,1.0352509616650538,107.44213798695549,83.96,0.0,52.95483501453638,7.012352420473756,9.716924598317021,2.704572177843265,599.5196461144245,646.43,46.91035388557543,69.12945782440606,7.008796927119009,9.553181182728185,2.5443842556091756,736.2835105090916,716.16,0.0,1443.2452946104715,1446.55,3.304705389528408
14,0.5833333333333334,24.792812678149122,6.979637749858481,8.10409944830982,1.1244616984513378,116.69968670897278,126.36,9.660313291027222,52.95407801149754,7.008384864606872,9.527805809078389,2.519420944471517,558.4693850115284,544.91,0.0,69.12909976518108,7.011129501827498,9.744902803640253,2.7337733018127546,791.0840407064604,746.65,0.0,1466.2531124269617,1417.92,0.0
15,0.625,24.792782770581745,6.9880754005690795,7.917265625745428,0.9291902251763489,96.43376694277481,101.96,5.526233057225184,52.95439492845682,6.997261647948166,9.796312875384462,2.799051227436296,620.4575604173855,564.47,0.0,69.12925774122833,6.997170970486681,9.789622207574457,2.792451237087776,808.0657803153233,826.4,18.33421968467667,1524.9571076754837,1492.83,0.0
16,0.6666666666666666,24.79288924156669,6.9931848858026315,7.6468253459115,0.6536404601088686,67.83679033396264,85.71,17.873209666037354,52.95502003489356,7.01104415557748,10.05111371484644,3.040069559268961,673.8913493360832,669.86,0.0,69.12986121637975,7.00853678431744,9.83869292435548,2.8301561400380395,818.9837887458204,780.33,0.0,1560.7119284158662,1535.9,0.0
17,0.7083333333333334,24.793261751927698,7.0002399283889325,7.7697095572168875,0.769469628827955,79.85909278745092,44.28,0.0,52.95547760159129,7.0372863695339785,9.704438281072608,2.66715191153863,591.2319096620449,671.29,80.05809033795504,69.13113497067746,7.032097689630143,9.957023670687201,2.9249259810570587,846.4236533190665,848.76,2.3363466809335023,1517.5146557685623,1564.33,46.81534423143762
18,0.75,24.7935521650182,7.012604929742599,8.005402931101575,0.9927980013589757,103.03834410477792,110.84,7.801655895222083,52.95539340411193,7.06190395560412,9.181202811311818,2.119298855707698,469.7876832434903,503.11,33.322316756509736,69.13148228866991,7.058853367652047,9.848120243231449,2.7892668755794023,807.1702790009579,835.18,28.009720999042088,1379.996306349226,1449.13,69.13369365077415
19,0.7916666666666666,24.793562390585592,7.028212537801964,7.950263621889117,0.922051084087153,95.69585750348331,90.07,0.0,52.955223821093355,7.072285471973904,9.000461414421016,1.9281759424471119,427.4198542743023,427.71,0.29014572569769825,69.13111516255047,7.072155071610864,9.662054014276377,2.5898989426655126,749.4723322431577,769.7,20.22766775684238,1272.5880440209432,1287.48,14.891955979056775
20,0.8333333333333334,24.793490511778106,7.041672994034157,7.960622608474275,0.9189496144401179,95.37369233532756,96.33,0.9563076646724369,52.955052161764485,7.063362821907756,9.013443241696297,1.9500804197885415,432.2740309231652,418.27,0.0,69.13047005793054,7.0646851134396655,9.462202238749953,2.397517125310287,693.7938597456567,719.3,25.506140254343222,1221.4415830041494,1233.9,12.458416995850712
21,0.875,24.79369877404615,7.050045260550327,7.8270544411826934,0.7770091806323665,80.64300354895295,89.3,8.65699645104705,52.95540972788136,7.068660334128865,8.882804413606852,1.8141440794779866,402.1437583410229,437.59,35.4462416589771,69.13075609682213,7.066218734813236,9.288323415095805,2.222104680282569,643.0356411582899,657.79,14.754358841710086,1125.8224030482656,1184.6799999999998,58.857596951734195
22,0.9166666666666666,24.793740125363648,7.057865461015918,7.834521741844775,0.7766562808288562,80.60651177721843,66.59,0.0,52.95540890012242,7.08225630728192,8.802900951316134,1.7206446440342145,381.4176067561242,357.31,0.0,69.13042636249811,7.0817473802159405,9.072814230843518,1.9910668506275773,576.1748550563054,617.42,41.24514494369453,1038.1989735896482,1041.32,3.12102641035176
23,0.9583333333333334,24.793824186963636,7.065129785630816,7.927803299505424,0.8626735138746078,89.53425116570747,89.64,0.1057488342925268,52.955512417477294,7.079042214155124,8.802852211501088,1.7238099973459642,382.12002183919043,396.47,14.349978160809599,69.129945343089,7.0787057848973465,8.763557293476575,1.6848515085792286,487.55887763928285,523.26,35.701122360717136,959.2131506441808,1009.37,50.15684935581919
24,1.0,24.794392911004945,7.071406488357782,7.840112355655963,0.7687058672981806,79.78346595420585,84.27,4.486534045794144,52.956531161863545,7.105273207202024,8.609185455931565,1.5039122487295407,333.38131096902384,358.38,24.998689030976152,69.13054102662802,7.098629271299648,8.26322672762081,1.164597456321161,337.01172985033793,439.42,102.40827014966209,750.1765067735676,882.0699999999999,131.89349322643238
25,1.0416666666666667,24.793917820194892,7.083139075207159,7.91157939131502,0.8284403161078613,85.98161675373008,69.97,0.0,52.95539928012054,7.112759734308452,8.562413306294443,1.4496535719859915,321.3465938618456,298.49,0.0,69.1286369040454,7.118771295496763,8.02089561511561,0.9021243196188466,261.0499462961437,220.35,0.0,668.3781569117193,588.8100000000001,0.0
26,1.0833333333333333,24.79344111026441,7.0878303588171,7.9929283701303,0.9050980113131999,93.9359088991521,97.1,3.164091100847898,52.9545005805166,7.049037398505426,8.730997666240908,1.681960267735482,372.83599396801975,334.54,0.0,69.12719240715003,7.0562486247491645,7.993073683514352,0.9368250587651872,271.0857203689757,287.77,16.68427963102431,737.8576232361474,719.41,0.0
27,1.125,24.793437533782807,7.07867315062794,8.086331870444434,1.0076587198164946,104.58019227624362,85.59,0.0,52.95467201160692,7.034492635676314,8.950177329611986,1.9156846939356713,424.6464871440498,402.1,0.0,69.12677803296904,7.036047705682795,7.808452789707286,0.7724050840244914,223.50675989144224,240.09,16.58324010855776,752.7334393117357,727.7800000000001,0.0
28,1.1666666666666667,24.79325219059038,7.065340267369666,8.08862424142343,1.023283974053764,106.2010705246407,118.88,12.678929475359297,52.95442636253852,7.019166285458402,9.13060067533146,2.1114343898730574,468.0358098981798,438.51,0.0,69.12614192983187,7.021925921862167,7.766797629977196,0.7448717081150296,215.53758963783304,192.21,0.0,789.7744700606536,749.6,0.0
29,1.2083333333333333,24.792942542310428,7.0502002186127335,7.782044090411451,0.7318438717987172,75.95314098359164,88.27,12.316859016408358,52.95452788215048,7.001534082911428,9.722621137829508,2.7210870549180797,603.1769830170845,489.33,0.0,69.12557481099658,7.004558368466003,7.796559965476593,0.7920015970105903,229.17330978822997,224.36,0.0,908.3034337889061,801.96,0.0
30,1.25,24.79332239693643,7.034762214698401,7.7292829837224435,0.6945207690240425,72.08073213595254,58.11,0.0,52.955646797683166,7.009947018467661,9.94260197381139,2.9326549553437298,650.0884790176377,710.75,60.661520982362276,69.12676307575498,7.004779792775471,7.797333222217678,0.792553429442207,229.33693005211282,219.47,0.0,951.5061412057031,988.33,36.82385879429694
31,1.2916666666666667,24.793324944946864,7.027763155935638,7.843972453164806,0.8162092972291681,84.71016619040577,80.97,0.0,52.95518471260801,7.034865346638022,9.528872703553052,2.49400735691503,552.847616408522,582.02,29.172383591478024,69.12710980413364,7.034434635216156,8.018914360138506,0.98447972492235,284.87504045490726,224.77,0.0,922.4328230538349,887.76,0.0
32,1.3333333333333333,24.79201152121405,7.0249230974074495,8.00400406856843,0.9790809711609798,101.60839679830156,83.31,0.0,52.95256906900552,6.973105986940807,9.75883997379075,2.7857339868499427,617.4842748566487,515.69,0.0,69.12464980951079,6.98943185216651,8.660154750464294,1.6707228982977833,483.4333342551438,331.39,0.0,1202.526005910094,930.39,0.0
33,1.375,24.79194819286818,7.004632415864704,8.023725558701004,1.0190931428363,105.76056422218733,115.18,9.41943577781268,52.95270021973901,6.9002888124058535,9.969455248956026,3.069166436550172,680.311441900981,712.95,32.638558099019065,69.1257307598699,6.902245766189699,9.249251186169879,2.3470054199801798,679.130213458173,624.26,0.0,1465.2022195813413,1452.39,0.0
34,1.4166666666666667,24.79212742055185,6.9781313375258,7.988224668567167,1.0100933310413671,104.8273297172968,91.13,0.0,52.95311163696764,6.932712308970955,9.930612451859448,2.9979001428884926,664.5197179867935,640.8,0.0,69.12716958534882,6.929915910328751,9.674904219016053,2.7449883086873017,794.3071979500512,723.94,0.0,1563.6542456541415,1455.87,0.0
35,1.4583333333333333,24.792498878366747,6.961609914520842,7.892038270519706,0.9304283559988633,96.56115766889519,113.73,17.168842331104813,52.95392253074104,6.949602215154435,9.884826541257596,2.9352243261031603,650.6368516321685,681.76,31.123148367831504,69.12888357248106,6.943509337896068,9.96796926636759,3.0244599284715212,875.1985751770479,855.8,0.0,1622.3965844781114,1651.29,28.893415521888528
36,1.5,24.792602714412133,6.958296298274298,7.676293979472099,0.7179976811978008,74.51511685354882,73.97,0.0,52.95423629833592,6.990925072500431,9.841830362569777,2.8509052900693455,631.9500068834107,612.45,0.0,69.1297220501791,6.987745316191813,10.240835398126318,3.2530900819345057,941.3695023226156,886.1,0.0,1647.834626059575,1572.52,0.0
37,1.5416666666666667,24.79242417095069,6.964658295525585,7.684463856741032,0.7198055612154466,74.7022039887831,69.77,0.0,52.95388801049868,6.985233752261388,9.834806445932315,2.849572693670927,631.6504605072084,644.64,12.98953949279155,69.12977504466667,6.986477570687704,10.647022488297464,3.6605449176097604,1059.2783790663611,988.46,0.0,1765.6310435623527,1702.87,0.0
38,1.5833333333333333,24.79241805413028,6.970402731865436,7.966379209134591,0.9959764772691555,103.3634965127034,74.43,0.0,52.95390992378717,6.979774053104642,9.992250367567378,3.0124763144627353,667.7607639034782,611.54,0.0,69.12976811850123,6.980443047466807,10.761801904446582,3.781358856979775,1094.2390735611993,1122.13,27.89092643880076,1865.363333977381,1808.1000000000001,0.0
39,1.625,24.792526754043948,6.973839029475744,7.841820897682521,0.867981868206777,90.080475004421,127.79,37.709524995579,52.95429448310694,6.981563811924699,10.167833655802141,3.186269843877442,706.2898473817681,717.73,11.440152618231878,69.13015993170286,6.980034168668294,10.813839818436037,3.8338056497677426,1109.4222680371251,1057.72,0.0,1905.7925904233143,1903.24,0.0
40,1.6666666666666667,24.792563239564195,6.977983167828602,7.599357868616102,0.6213747007875003,64.48730396999906,46.53,0.0,52.954503839867634,6.999709777659959,10.10371781225256,3.104008034592601,688.057865749203,688.16,0.10213425079700755,69.13086369119117,6.997801419528568,11.118423872467377,4.120622452938808,1192.4331236436553,1153.1,0.0,1944.9782933628574,1887.79,0.0
41,1.7083333333333333,24.793404969497267,6.985261635088658,7.791888269957196,0.8066266348685387,83.71590114196493,77.38,0.0,52.955808970233285,7.033676073723059,9.672229414802258,2.6385533410791995,584.8960779158042,681.31,96.41392208419575,69.1329424841323,7.023206752898147,10.99781667106072,3.9746099181625727,1150.2143405464499,1223.7,73.48565945355017,1818.826319604219,1982.3899999999999,163.56368039578092
42,1.75,24.794104463872326,7.004441792227393,7.624953990133737,0.6205121979063444,64.40179525560312,84.96,20.558204744396875,52.956824973043446,7.1123874263089775,9.182496496035812,2.0701090697268345,458.89612580713293,480.25,21.353874192867067,69.13431684300141,7.1024260792504945,10.52266606029657,3.420239981046076,989.804625657308,1067.79,77.98537434269201,1513.1025467200438,1633.0,119.89745327995615
43,1.7916666666666667,24.79240728822778,7.034264551392886,10.070030587462654,3.0357660360697674,315.05488631967177,38.1,0.0,52.95227723657421,7.053544661903873,9.276546808690016,2.2230021467861434,492.7467267276642,428.83,0.0,69.12773293642677,7.080470474280357,10.120843365217238,3.0403728909368812,879.7887207804677,902.5,22.711279219532344,1687.5903338278035,1369.43,0.0
44,1.8333333333333333,24.792150004340478,7.028635546444293,10.213715154704563,3.1850796082602697,330.54737037983676,593.37,262.82262962016324,52.95107474458286,6.866021770187004,9.13373480801961,2.267713037832607,502.64584897934805,548.78,46.13415102065193,69.12605924135762,6.8763919784290835,9.933433956057797,3.057041977628714,884.5908146574097,847.87,0.0,1717.7840340165944,1990.02,272.23596598340555
45,1.875,24.79346523908444,6.998276493004287,7.578811930411638,0.5805354374073515,60.251128994522745,59.33,0.0,52.955448103131154,7.001876460034289,9.4218254031707,2.4199489431364114,536.4337260866599,447.93,0.0,69.13149060742182,6.979000088105654,9.970629477468197,2.9916293893625427,865.7309347462931,912.93,47.19906525370686,1462.4157898274757,1420.19,0.0
46,1.9166666666666667,24.7938182571198,6.998478675111673,7.682353520915625,0.6838748458039525,70.9772661164872,55.72,0.0,52.95654107194118,7.079476491355486,9.670543628610348,2.5910671372548624,574.3776084057769,617.99,43.61239159422314,69.13245688263638,7.070486664789162,9.901088798140155,2.8306021333509923,819.1436050112003,809.55,0.0,1464.4984795334644,1483.26,18.761520466535558
47,1.9583333333333333,24.79423620433997,7.020117692255281,7.714102988009409,0.6939852957541284,72.02781275528595,81.19,9.162187244714048,52.95695306468099,7.120279245219703,9.195697379569454,2.075418134349751,460.0741375772348,522.9,62.82586242276517,69.13352587174218,7.113859494960675,9.859080220040783,2.7452207250801077,794.4474946557739,819.69,25.242505344226174,1326.5494449882947,1423.78,97.23055501170529
48,2.0,24.79465245862053,7.051476958029729,7.720321914127686,0.6688449560979564,69.41969569233845,57.4,0.0,52.95764648471518,7.160115393362891,9.011685591952322,1.8515701985894308,410.4573928775789,388.16,0.0,69.13361075306896,7.154650962556617,9.332471052704582,2.177820090147965,630.2465309608774,759.67,129.42346903912255,1110.1236195307947,1205.23,95.1063804692053
49,2.0416666666666665,24.79413870675211,7.085106915913382,7.7844085342483975,0.6993016183350154,72.57930141746934,76.34,3.760698582530665,52.95661036532542,7.151303484780759,9.147086882382157,1.9957833976013974,442.4180208608776,423.98,0.0,69.13127524684892,7.158081987842472,8.934349385289352,1.7762673974468797,514.022508707489,489.04,0.0,1029.019830985836,989.3600000000001,0.0
50,2.0833333333333335,24.794092819628034,7.104903236144431,7.899890782845122,0.7949875467006908,82.51022516772345,63.46,0.0,52.95641365533871,7.1101429167258985,9.09772781314554,1.9875848964196408,440.59897023828995,452.26,11.66102976171004,69.13051372401478,7.112394094639048,8.646396905333196,1.5340028106941483,443.91024026794685,527.21,83.29975973205319,967.0194356739603,1042.93,75.91056432603978
51,2.125,24.79376463032309,7.111032246935529,7.8761375843878625,0.7651053374523338,79.40775716446899,96.69,17.282242835531008,52.95576562930662,7.097567775870059,9.198093423977484,2.1005256481074257,465.6294752471284,420.1,0.0,69.12897602300697,7.102863589248765,8.364443786122166,1.2615801968734015,365.06837369866884,347.42,0.0,910.1056061102663,864.21,0.0
52,2.1666666666666665,24.79390089602614,7.10719174520227,7.746594733362498,0.6394029881602279,66.36189002798925,56.56,0.0,52.956176579887604,7.077701251628475,9.236096161602209,2.158394909973734,478.4612315353948,503.03,24.56876846460517,69.12908189965079,7.076433629992424,8.168019125020372,1.0915854950279478,315.8768287190754,369.52,53.643171280924605,860.6999502824594,929.1099999999999,68.41004971754046
53,2.2083333333333335,24.793093876946976,7.099898266218453,7.746406377632747,0.6465081114142937,67.09712734553054,70.96,3.862872654469456,52.95507848633023,7.058355415487072,9.92899722974686,2.8706418142597885,636.335051961004,445.3,0.0,69.12644045896533,7.068676826455388,7.973770430283219,0.9050936038278312,261.90085369453163,248.11,0.0,965.3330330010662,764.37,0.0
54,2.25,24.7931191498682,7.0830928005809035,7.766690696620472,0.6835978960395686,70.94652182863508,57.79,0.0,52.9554844288141,7.006909216648096,10.267127387416249,3.2602181707681526,722.6979667658557,821.79,99.09203323414431,69.12672246676952,7.007497909114035,8.041349126997627,1.0338512178835924,299.15979963744917,261.5,0.0,1092.80428823194,1141.08,48.275711768059864
55,2.2916666666666665,24.79260303765925,7.062397621639799,7.839743620994323,0.777345999354524,80.67439526563007,78.99,0.0,52.95415126997038,7.003271923755211,9.977712293774397,2.9744403700191864,659.3325287353462,616.06,0.0,69.12617829402245,7.009893567233091,8.526726327851247,1.516832760618156,438.9140378554228,323.19,0.0,1178.9209618563991,1018.24,0.0
56,2.3333333333333335,24.792565488131505,7.039556266537828,7.905225129592115,0.865668863054287,89.84056818120463,77.13,0.0,52.95398448239362,6.963678098175781,9.867522906430947,2.903844808255166,643.6818601047994,696.16,52.47813989520057,69.12698213933685,6.964455779051524,8.970298834220351,2.0058430551688273,580.4218733269817,542.81,0.0,1313.9443016129858,1316.1,2.1556983870141266
57,2.375,24.79227872221053,7.01722304854786,7.818198866600118,0.8009758180522573,83.1256538495564,97.6,14.474346150443594,52.95337299677861,6.966360613222344,9.822445532602801,2.856084919380457,633.0878355743464,583.83,0.0,69.12712406210132,6.969510468416807,9.414196815640691,2.4446863472238842,707.4094550435326,606.96,0.0,1423.6229444674354,1288.39,0.0
58,2.4166666666666665,24.792247005089855,6.99791708116918,7.711228338917129,0.7133112577479492,74.0276891086032,63.15,0.0,52.9534865240417,6.949560532479801,9.87344743589728,2.923886903417479,648.1184040190147,675.78,27.661595980985226,69.12821433298367,6.948941454547962,9.917693343445173,2.96875188889721,859.0698276476933,798.38,0.0,1581.2159207753111,1537.31,0.0
59,2.4583333333333335,24.792301619507075,6.982988125556313,7.758247503832265,0.775259378275952,80.45686372543555,79.78,0.0,52.95361963453468,6.963201267276426,9.882057452786215,2.9188561855097896,647.0049049016401,613.37,0.0,69.12887005934437,6.962082547716193,10.247107575078305,3.2850250273621118,950.5990257288654,911.36,0.0,1678.0607943559412,1604.51,0.0
60,2.5,24.792598758288005,6.975225906875599,7.651780716541127,0.6765548096655287,70.21408839583856,75.89,5.675911604161442,52.95448955628378,6.97880373010887,10.066762040830733,3.087958310721863,684.4999780988994,674.09,0.0,69.12990862822937,6.974143518894791,10.337923671405637,3.363780152510846,973.4032918675708,981.6,8.196708132429194,1728.1173583623088,1731.58,3.4626416376911493
61,2.5416666666666665,24.792712490648523,6.97657157220195,7.6715437932619865,0.6949722210600369,72.12581170554127,59.09,0.0,52.954618757033764,7.007494403181853,9.928747821691621,2.9212534185097683,647.5485024384606,688.42,40.8714975615394,69.13046343507969,7.0052347608673315,10.522155534234354,3.5169207733670227,1017.7269552137662,956.64,0.0,1737.4012693577681,1704.15,0.0
62,2.5833333333333335,24.793002143110666,6.98429653554039,7.6000222063259155,0.6157256707855252,63.902169446230914,80.08,16.177830553769084,52.955222973527995,7.019169882413484,9.887326499287022,2.868156616873538,635.7858930876856,599.43,0.0,69.13126417660762,7.014871188572318,10.490069846379551,3.4751986578072334,1005.6650529413622,1070.71,65.04494705863783,1705.3531154752786,1750.22,44.8668845247214
63,2.625,24.792971165026238,6.996875735735115,7.228695077412296,0.23181934167718143,24.058994201978674,42.04,17.981005798021325,52.95535139916793,7.046890921639553,9.894440572078791,2.8475496504392375,631.2194660423497,665.54,34.32053395765024,69.13155101085744,7.04557325126098,10.596296189149681,3.5507229378887013,1027.524794630827,931.58,0.0,1682.8032548751553,1639.1599999999999,0.0
64,2.6666666666666665,24.792788451264375,7.010766109026084,7.457355889915608,0.44658978088952317,46.348254157310656,0.0,0.0,52.95484978815211,7.034309850289099,9.817566269055472,2.7832564187663733,616.961670468183,589.58,0.0,69.1312437686153,7.036482605543302,10.797814411572622,3.76133180602932,1088.466935460806,1115.53,27.063064539193874,1751.7768600862996,1705.1100000000001,0.0
65,2.7083333333333335,24.793259838613263,7.019159338991718,7.893435924653829,0.8742765856621109,90.73643321654473,87.99,0.0,52.955523067002474,7.038564546338603,9.743326068268495,2.7047615219298917,599.569408037942,637.45,37.88059196205802,69.13174932789128,7.03459973242454,10.413755088944217,3.3791553565196777,977.8785715024048,1052.64,74.76142849759526,1668.1844127568916,1778.0800000000002,109.8955872431086
66,2.75,24.79348215367606,7.028599847016868,7.891586624328995,0.8629867773121269,89.56552823934581,88.39,0.0,52.95565086402044,7.070015067292203,9.46480146582082,2.394786398528617,530.8579395266213,554.09,23.232060473378738,69.13186175327101,7.067460254759929,10.076709482387365,3.0092492276274356,870.8345166368086,893.93,23.095483363191306,1491.2579844027757,1536.4099999999999,45.152015597224135
67,2.7916666666666665,24.793416224158978,7.04056947183198,7.812641707752406,0.772072235920426,80.1297025450231,85.61,5.480297454976906,52.95516902789703,7.067348906172605,9.133694631651188,2.066345725478583,458.0475544634426,499.51,41.46244553655737,69.13155841499481,7.068093108328208,10.001247450051846,2.933154341723638,848.809999573255,838.73,0.0,1386.9872565817209,1423.85,36.862743418279024
68,2.8333333333333335,24.793428104685113,7.049533404571531,7.708667052643761,0.6591336480722294,68.40837684439408,69.31,0.9016231556059182,52.95498612066983,7.065551931255729,8.893112387423557,1.827560456167828,405.11454394214513,407.63,2.5154560578548626,69.13150973416236,7.0655387363206295,9.942045588930648,2.876506852610019,832.4164965619537,850.06,17.643503438046196,1305.939417348493,1327.0,21.060582651507048
69,2.875,24.79339118001874,7.055541913033466,7.614876367293096,0.5593344542596306,58.05060211372065,62.14,4.08939788627935,52.954951332159865,7.064843663784456,8.901379817682368,1.8365361538979128,407.1039155704555,393.52,0.0,69.13120300418933,7.065272148594829,9.818792057861954,2.7535199092671245,796.822446045684,805.6,8.777553954315977,1261.9769637298602,1261.26,0.0
70,2.9166666666666665,24.793441463723873,7.059086076017803,7.700368443196106,0.6412823671783023,66.55571234023182,48.44,0.0,52.95498863721184,7.06390541122717,8.862554579985652,1.798649168758482,398.7058101864158,411.77,13.064189813584164,69.13101722443534,7.063711843970648,9.67826697480111,2.614555130830462,756.6063383104697,778.61,22.003661689530304,1221.8678608371174,1238.82,16.95213916288253
71,2.9583333333333335,24.79350330438381,7.061136117941286,7.759433229880336,0.6982971119390493,72.47318811513823,79.63,7.156811884861767,52.955104421958225,7.063980464131222,8.91419049173679,1.8502100276055673,410.13618098750777,376.41,0.0,69.13054222587958,7.063878069624573,9.400158943450386,2.336280873825813,676.0740100276333,724.71,48.6359899723667,1158.6833791302793,1180.75,22.066620869720737
72,3.0,24.793988796074213,7.063253924167839,7.724897250739533,0.6616433265716939,68.67039746810235,59.87,0.0,52.95620058654342,7.085146382537578,8.980040576058226,1.8948941935206483,420.0500178518617,435.16,15.109982148138329,69.13086133979839,7.079510854531722,8.883769095430145,1.804258240898423,522.1194713776788,616.62,94.50052862232121,1010.8398866976429,1111.65,100.8101133023572
73,3.0416666666666665,24.793856194679215,7.071043810987555,7.853878005610757,0.7828341946232023,81.24807677397311,72.28,0.0,52.95570820834982,7.1002577540488465,8.88567231575432,1.7854145617054735,395.7774782587295,395.92,0.14252174127051376,69.12965346886938,7.10235915173029,8.541314191191448,1.4389550394611579,416.4001031026858,415.1,0.0,893.4256581353884,883.3000000000001,0.0
74,3.0833333333333335,24.79360995603232,7.077260937770031,7.813246377863843,0.7359854400938115,76.3850226239299,85.15,8.764977376070107,52.9551707486072,7.068524129319722,8.887635578930185,1.819111449610463,403.2430621804993,386.47,0.0,69.12868026935568,7.0722408096302445,8.405941864486099,1.3337010548558546,385.93661603019325,404.87,18.933383969806755,865.5647008346225,876.49,10.92529916537751
75,3.125,24.79409248543261,7.076811169237276,7.680260813174848,0.6034496439375721,62.63087457682681,62.18,0.0,52.95606455022414,7.081942916710438,8.698020250358514,1.616077333648076,358.24246617666734,411.08,52.83753382333265,69.12952328587164,7.076454545008013,8.114788565035768,1.0383340200277553,300.4691369258657,353.74,53.2708630741343,721.34247767936,827.0,105.65752232064006
76,3.1666666666666665,24.79379056078145,7.0801797616979485,7.710167180512932,0.6299874188149834,65.38438283005686,57.68,0.0,52.95518458295462,7.0940741072943885,8.50306495386674,1.408990846572352,312.331568309933,295.48,0.0,69.12843201021732,7.097713350636485,8.020798436790356,0.9230850861538711,267.1146234502509,232.96,0.0,644.8305745902408,586.12,0.0
77,3.2083333333333335,24.793406024529368,7.080725756731651,7.783358948418399,0.7026331916867479,72.92292465265294,67.85,0.0,52.954587645199936,7.048424664583193,8.76006202060696,1.7116373560237665,379.4150649172981,319.4,0.0,69.12716412492195,7.0540260220978395,7.938812685901379,0.8847866638035393,256.02745118107543,287.31,31.282548818924568,708.3654407510264,674.56,0.0
78,3.25,24.79343925650955,7.072151178146527,7.684838675716687,0.6126874975701604,63.58797824420098,72.77,9.182021755799013,52.95492443406704,7.037526912211136,8.984515287707607,1.9469883754964714,431.5875769411969,430.66,0.0,69.12706594478774,7.037783472983958,7.809769210037305,0.7719857370533472,223.38634608028153,210.2,0.0,718.5619012656795,713.63,0.0
79,3.2916666666666665,24.7927685474984,7.061446772587669,7.786114258201399,0.7246674856137307,75.20782444239312,48.83,0.0,52.95355621420117,7.013157281224148,9.059110705075616,2.0459534238514685,453.5133733595538,423.71,0.0,69.12582978596001,7.021559463693207,8.144290040397912,1.122730576704705,324.8741319529141,222.08,0.0,853.595329754861,694.62,0.0
80,3.3333333333333335,24.79232302012741,7.042545089461629,7.82934774763003,0.7868026581684013,81.65490242934307,96.76,15.105097570656937,52.95272602781825,6.952003552704985,9.176662937847864,2.2246593851428784,493.11824658710526,474.91,0.0,69.12559321651841,6.958250862896481,8.65175529060551,1.6935044277090299,490.03198938226365,414.7,0.0,1064.805138398712,986.3700000000001,0.0
81,3.375,24.792306013619147,7.016192317114748,7.776303080111626,0.7601107629968782,78.88474570898289,61.02,0.0,52.9529597970771,6.946692139323642,9.356420581902933,2.409728442579291,534.1430324886676,503.21,0.0,69.12641413912475,6.946811175571059,9.026107103053414,2.079295927482355,601.6716600843381,553.71,0.0,1214.6994382819885,1117.94,0.0
82,3.4166666666666665,24.792893358937274,6.994277108643033,7.860595721762565,0.8663186131195326,89.90918932786795,91.79,1.880810672132057,52.953722435221074,6.969847715996415,8.892370079026254,1.922522363029839,426.1545394488037,557.47,131.31546055119634,69.12864796074338,6.9622303722690955,9.34458075319359,2.3823503809244944,689.3867341174744,638.83,0.0,1205.4504628941459,1288.0900000000001,82.63953710585429
83,3.4583333333333335,24.79316527927117,6.987381873989533,7.7117378564582015,0.7243559824686683,75.17669881005185,82.82,7.643301189948147,52.95352965144699,7.019937616449713,8.061512216987754,1.0415746005380413,230.87904555298496,284.83,53.95095444701502,69.13024944192824,7.015016416905097,9.739535233241966,2.724518816336869,788.4191412915419,730.0,0.0,1094.4748856545787,1097.65,3.1751143454214343
84,3.5,24.792963607236455,6.993691303470165,7.636389067659725,0.6426977641895606,66.7013242157248,62.1,0.0,52.95296983677006,7.021996179811126,7.871711940729687,0.8497157609185617,188.34895721973612,165.81,0.0,69.13028768339238,7.023269902780349,10.007985482973229,2.98471558019288,863.7151567357504,837.84,0.0,1118.7654381712114,1065.75,0.0
85,3.5416666666666665,24.792822795074937,7.000621450404546,7.73430521041839,0.7336837600138439,76.14372280822451,66.02,0.0,52.95290347021435,7.00836133418368,8.131954064535336,1.123592730351656,249.05652407515043,200.05,0.0,69.12991820130162,7.0103053190388955,10.033131648061625,3.0228263290227293,874.7389465046758,880.97,6.231053495324204,1199.9391933880506,1147.04,0.0
86,3.5833333333333335,24.792755398943306,7.003393683258478,7.726712501455405,0.723318818196927,75.06781651554832,81.17,6.102183484451686,52.95298465465262,6.999956847483739,8.352099105561063,1.3521422580773237,299.7174670646784,288.02,0.0,69.12981464794214,7.000918699413095,10.088513060152845,3.0875943607397502,893.4800410749518,859.73,0.0,1268.2653246551786,1228.92,0.0
87,3.625,24.79267161401722,7.003104628374839,7.6468290374007,0.6437244090258609,66.8070860378423,63.56,0.0,52.9528163481426,6.996492221708256,8.29459634537539,1.2981041236671347,287.73839512785355,301.5,13.76160487214645,69.1300279350989,6.997181324559174,10.381307423312666,3.3841260987534927,979.2926470750518,918.79,0.0,1333.8381282407477,1283.85,0.0
88,3.6666666666666665,24.792676425166356,7.001212987484046,7.732587403511166,0.7313744160271201,75.90360460787177,64.74,0.0,52.95267098364592,6.993410982051163,8.14861431286528,1.1552033308141176,256.0622325358684,263.72,7.657767464131609,69.13036256391466,6.993411828269506,10.656062250690644,3.6626504224211374,1059.8966719937075,1031.65,0.0,1391.8625091374477,1360.1100000000001,0.0
89,3.7083333333333335,24.793199945643217,6.999792796012187,7.85786099842424,0.8580682024120527,89.05403774835123,81.98,0.0,52.95350978437066,7.014997778748652,7.935303642325577,0.9203058635769246,203.99811935872285,237.92,33.92188064127714,69.13161747323873,7.008784293873723,10.563722966550433,3.55493867267671,1028.7457526868548,1079.86,51.11424731314514,1321.7979097939287,1399.7599999999998,77.96209020607103
90,3.75,24.793659510343414,7.00655416641869,7.810978266765913,0.804424100347223,83.48816779143523,91.09,7.6018322085647725,52.95417909581922,7.061830812295062,7.651791574581584,0.5899607622865224,130.77435660551268,158.92,28.14564339448731,69.13249232203809,7.055532950230806,10.27541605587093,3.2198831056401245,931.7975055127101,968.74,36.94249448728988,1146.0600299096582,1218.75,72.68997009034183
91,3.7916666666666665,24.79354554212049,7.022721833958803,7.845790633791076,0.8230687998322725,85.42283873352643,70.54,0.0,52.95381094085222,7.074887920595041,7.566063770588116,0.4911758499930752,108.87632415344247,90.85,0.0,69.13184967382311,7.07584751800406,10.062620922594853,2.986773404590793,864.3301776867397,885.86,21.529822313260297,1058.6293405737085,1047.25,0.0
92,3.8333333333333335,24.793576813996555,7.037452903485409,7.931788494545894,0.8943355910604849,92.81943543824411,95.39,2.570564561755887,52.95378864220091,7.061598432703332,7.5527868652221954,0.49118843251886357,108.87906740606367,115.3,6.420932593936328,69.13137271860006,7.0620438723678385,9.811056243216544,2.749012370848706,795.5199930487336,833.75,38.23000695126643,997.2184958930413,1044.44,47.22150410695872
93,3.875,24.793681390431257,7.04734819520506,7.756308418877155,0.7089602236720953,73.58039412304319,85.08,11.499605876956807,52.95399438334576,7.070542812832303,7.482181780873098,0.41163896804079503,91.24612494029134,90.65,0.0,69.13131373447072,7.069306990883306,9.605821648169915,2.5365146572866086,734.0259441049394,747.63,13.604055895060583,898.852463168274,923.36,24.507536831726043
94,3.9166666666666665,24.79361909269292,7.055556483999796,7.722426012285923,0.666869528286127,69.21178056220627,56.57,0.0,52.953912816788346,7.071668067669113,7.510343138054327,0.438675070385214,97.23894415467481,79.94,0.0,69.13086285186917,7.072320963633651,9.452808542864963,2.3804875792313123,688.8697612687093,710.39,21.520238731290647,855.3204859855905,846.9,0.0
95,3.9583333333333335,24.793509619675532,7.060571210461954,7.954805465353624,0.8942342548916704,92.80866664536745,76.74,0.0,52.95352380918256,7.058666322203468,7.476078175050616,0.417411852847148,92.52495165066945,102.83,10.305048349330548,69.13012053414249,7.0611061993469715,9.316086240556514,2.254980041209542,652.5431580250727,656.84,4.296841974927361,837.8767763211096,836.4100000000001,0.0
96,4.0,24.79378509867609,7.060733090146128,7.9993458372529975,0.9386127471068697,97.41559884071505,104.04,6.624401159284957,52.95404086411159,7.057507166438099,7.473974026099769,0.41646685966166963,92.31638259783257,70.21,0.0,69.13010492852402,7.05514771810907,8.966884355908238,1.9117366377991685,553.2157085792583,637.52,84.30429142074172,742.9476900178058,811.77,68.82230998219416
97,4.041666666666667,24.793868002327297,7.061898726447275,7.969103942899134,0.9072052164518594,94.15622705903847,85.58,0.0,52.95426143630763,7.07629793677289,7.538805321881791,0.46250738510890166,102.52241102875321,102.74,0.21758897124678356,69.12958690794379,7.0754904240962615,8.602944219865165,1.5274537957689036,442.00915817548054,456.73,14.720841824519482,638.6877962632723,645.05,6.362203736727679
98,4.083333333333333,24.793841405263304,7.064900531219052,7.984803607645866,0.9199030764268148,95.47399910379711,97.77,2.2960008962028837,52.95410205240286,7.06813550284526,7.472566012973605,0.4044305101283445,89.64844136396498,90.49,0.8415586360350176,69.12907716992494,7.068822530119161,8.408966765934005,1.3401442358148445,387.8033229650421,414.59,26.786677034957847,572.9257634328042,602.8499999999999,29.92423656719575
99,4.125,24.793665219105822,7.066226178858839,7.93877643122957,0.8725502523707309,90.55874708151227,88.03,0.0,52.95370560392915,7.061404553547855,7.443873231711088,0.3824686781632325,84.77961802894839,76.87,0.0,69.1284413177489,7.063918774393875,8.332224411168829,1.2683056367749534,367.0117016110368,347.73,0.0,542.3500667214975,512.63,0.0
100,4.166666666666667,24.793910666841334,7.064437454154669,7.776064891942785,0.711627437788116,73.857897526797,87.98,14.122102473203,52.95429934670061,7.0586533736379415,7.4442255153447325,0.385572141706791,85.46850313253381,80.77,0.0,69.12888307488328,7.055605157291771,8.160180842272478,1.1045756849807074,319.6349370051983,373.14,53.505062994801676,478.96133766452914,541.89,62.92866233547085
101,4.208333333333333,24.7931036066111,7.063760367451201,7.8581315445308055,0.7943711770796043,82.44296398431285,54.17,0.0,52.95322169140644,7.046849273290831,8.118089281001831,1.0712400077110003,237.45340184012073,78.27,0.0,69.12638690792498,7.056800061255757,8.040011836975777,0.9832117757200205,284.5051637208785,252.05,0.0,604.4015295453121,384.49,0.0
102,4.25,24.79327931689284,7.053878242806525,7.826825484038375,0.7729472412318499,80.22007221026145,106.0,25.77992778973855,52.95389225814371,6.99558753280766,8.388934851308957,1.3933473185012968,308.8563235918334,387.42,78.5636764081666,69.12700389684771,6.994274770152227,8.080347406667702,1.0860726365154747,314.2721017187192,303.11,0.0,703.3484975208141,796.53,93.18150247918584
103,4.291666666666667,24.793148764776085,7.041464223777873,7.669857361291523,0.6283931375136502,65.2172292492134,48.71,0.0,52.953463607612,7.027840307023885,8.131223332963735,1.1033830259398503,244.57941087859214,219.68,0.0,69.12737339825634,7.028675214778062,8.388322519720504,1.3596473049424418,393.4373132853525,311.76,0.0,703.233953413158,580.15,0.0
104,4.333333333333333,24.79260479457332,7.032118120011474,7.431433195382284,0.3993150753708097,41.44165472724115,76.63,35.188345272758845,52.95248544407396,6.984934714661173,8.168134022804773,1.1831993081436005,262.26689857804524,259.16,0.0,69.12725592575062,6.990341329720359,8.999202331990922,2.008861002270563,581.2974655367867,462.66,0.0,885.0060188420731,798.45,0.0
105,4.375,24.79283793457014,7.018453613459169,7.046952394533552,0.028498781074382862,2.95768385489473,0.0,0.0,52.95334257844855,6.993027556577986,8.237229718307024,1.2442021617290377,275.7932006026163,255.02,0.0,69.12913606074636,6.988532755524926,9.418856483568108,2.4303237280431818,703.2738680883955,689.43,0.0,982.0247525459065,944.4499999999999,0.0
106,4.416666666666667,24.791961514848634,7.010205061295361,7.038667944247662,0.028462882952300816,2.953853824988778,0.0,0.0,52.95223647329759,6.9816610316811465,8.922192985207628,1.9405319535264818,430.1345518295027,286.55,0.0,69.12768668194879,6.990942120454125,9.866781839816246,2.875839719362121,832.1774156248406,707.02,0.0,1265.2658212793322,993.5699999999999,0.0
107,4.458333333333333,24.79194424273494,6.996200332140246,7.5429724053161475,0.5467720731759016,56.743501958455205,0.0,0.0,52.95246841833303,6.92942565083248,9.301174465894801,2.371748815062322,525.7195483892255,566.12,40.40045161077455,69.12812687356568,6.9309917890490995,10.253094811861354,3.3221030228122546,961.3180782122182,949.05,0.0,1543.781128559899,1515.17,0.0
108,4.5,24.792249434336853,6.978559009388328,8.16096117982921,1.1824021704408816,122.71011833976297,109.04,0.0,52.952611753964675,6.94588334957339,9.149405940077411,2.203522590504021,488.43200828224496,477.0,0.0,69.12851838252163,6.944440524249061,10.25766594090284,3.3132254166537782,958.7545922087838,965.22,6.465407791216194,1569.8967188307918,1551.26,0.0
109,4.541666666666667,24.79244254849798,6.967154466689226,8.07256007403602,1.1054056073467935,114.72028118413711,131.76,17.039718815862884,52.95301594965525,6.95547671632667,9.16850297402866,2.2130262577019906,490.54233202252203,491.67,1.1276679774779836,69.12900363257313,6.952916459557069,10.242524164897766,3.289607705340697,951.9269704092266,943.77,0.0,1557.1895836158856,1567.2,10.010416384114478
110,4.583333333333333,24.792383449574498,6.962974687753377,7.71614920472163,0.7531745169682527,78.16514212231714,92.43,14.264857877682871,52.953031668983265,6.970501373295169,9.138645885194467,2.168144511899299,480.59392745642896,481.14,0.5460725435710287,69.12942874737276,6.969706352571508,10.540815811000103,3.5711094584285945,1033.3926161971583,951.65,0.0,1592.1516857759043,1525.2199999999998,0.0
111,4.625,24.79288157406121,6.964168238878762,7.68090104910406,0.7167328102252979,74.38468286989333,58.37,0.0,52.953883191650725,6.991535253279623,8.85703795997592,1.8655027066962964,413.5165736072991,471.67,58.15342639270091,69.13116017178345,6.9844737553147835,10.745193019117789,3.760719263803005,1088.2883599047045,1107.27,18.98164009529546,1576.189616381897,1637.31,61.120383618103006
112,4.666666666666667,24.79281316760041,6.973967250111857,7.842128870937955,0.8681616208260987,90.10017086647306,85.39,0.0,52.953400583144266,7.0200739519230275,8.61862878830337,1.5985548363803428,354.3403565364083,345.9,0.0,69.13097484982833,7.0206085742202315,10.861107520463127,3.840498946242896,1111.3722673618522,1060.77,0.0,1555.8127947647336,1492.06,0.0
113,4.708333333333333,24.79359149674201,6.986506446982759,7.877315182359061,0.8908087353763019,92.45345225351431,89.75,0.0,52.954761408035004,7.036016480178064,8.34615071765363,1.310134237475567,290.4156631802571,353.32,62.904336819742866,69.13278687692967,7.026394308590722,10.603105525295561,3.5767112167048394,1035.063907712367,1153.84,118.77609228763299,1417.9330231461383,1596.9099999999999,178.97697685386152
114,4.75,24.794015422500642,7.007136206109471,7.802417417031894,0.7952812109224228,82.54044635258556,90.08,7.5395536474144365,52.955192883876606,7.105881971562892,7.911040152266975,0.8051581807040833,178.4797661024498,216.91,38.43023389755021,69.13338519819398,7.099860585879936,10.187703039549042,3.087842453669106,893.5979854546077,906.89,13.292014545392249,1154.6181979096432,1213.88,59.26180209035692
115,4.791666666666667,24.79372656744745,7.03522043871756,7.785742448404432,0.7505220096868719,77.8940821374409,69.66,0.0,52.95435682203147,7.098253599567098,7.70358044577252,0.605326846205422,134.18094827994008,128.6,0.0,69.13236544628535,7.10133130503478,10.044764299954657,2.9434329949198776,851.7944281835112,871.34,19.54557181648886,1063.8694586008921,1069.6,5.7305413991077785
116,4.833333333333333,24.793529014356093,7.0549486276670095,7.811016334758696,0.7560677070916864,78.4690256440444,81.03,2.560974355955608,52.95389139768504,7.074204186373294,7.692688789086973,0.6184846027136794,137.09638289884498,128.27,0.0,69.13149604507039,7.077608589003765,9.89254456323342,2.8149359742296545,814.5986774198775,823.12,8.5213225801225,1030.1640859627669,1032.42,2.2559140372331967
117,4.875,24.793493016488554,7.063362665892431,7.71681900581144,0.6534563399190096,67.81933332871591,70.61,2.790666671284086,52.95382523846382,7.062936605924383,7.663813730905282,0.6008771249808991,133.19325512559786,134.49,1.296744874402151,69.13126485093693,7.063840202480942,9.803320032709433,2.7394798302284906,792.7601920490047,796.79,4.029807950995291,993.7727805033185,1001.89,8.117219496681514
118,4.916666666666667,24.793517526515274,7.065451692913786,7.700910170663864,0.6354584777500776,65.95148029029434,59.62,0.0,52.95382971490138,7.062690465119919,7.6039701080206195,0.5412796429007001,119.98260654035016,120.35,0.3673934596498327,69.13116235005697,7.062611671608949,9.71273308230876,2.6501214106998114,766.9002050310265,779.29,12.389794968973433,952.8342918616711,959.26,6.4257081383289005
119,4.958333333333333,24.7934249731887,7.065241914874002,7.88636842993374,0.8211265150597384,85.2208427664192,67.02,0.0,52.9535236614186,7.056439930560504,7.590304345357922,0.5338644147974181,118.33822804115728,107.96,0.0,69.13051425425898,7.058385947233782,9.58198530723175,2.5235993599979683,730.2800223177919,744.78,14.499977682208055,933.8390931253684,919.76,0.0
120,5.0,24.79403787311275,7.062901597460963,8.12911240027382,1.0662108028128578,110.65971891342927,98.55,0.0,52.95460438660902,7.066935458666297,7.525448554952681,0.45851309628638415,101.63766908900455,117.13,15.492330910995449,69.13089934735036,7.060976184118659,9.025927335493229,1.9649511513745699,568.6213853624156,705.69,137.06861463758446,780.9187733648494,921.3700000000001,140.45122663515076
121,5.041666666666667,24.794052898693497,7.066546951562091,8.009126111371751,0.94257915980966,97.8283167023191,118.02,20.191683297680896,52.954624167533844,7.097089923095039,7.557739203683258,0.4606492805882185,102.11123087832229,74.23,0.0,69.12985772988473,7.097010891754759,8.511964163516067,1.4149532717613083,409.4557599022374,419.15,9.694240097762588,609.3953074828787,611.4,2.0046925171212706
122,5.083333333333333,24.794032279447222,7.0733435708135035,7.557355002099489,0.48401143128598534,50.23449088317696,72.19,21.955509116823038,52.954846874384046,7.087451134165731,7.615619731539412,0.5281685973736812,117.0785990099133,118.42,1.3414009900866972,69.12975420734541,7.086567476561215,8.348666180117688,1.2620987035564726,365.2225272572549,386.8,21.5774727427451,532.5356171503452,577.4100000000001,44.87438284965492
123,5.125,24.79404490099739,7.079472154412387,7.583547638580652,0.5040754841682649,52.31692180680038,22.36,0.0,52.95488139407538,7.099910184523308,7.594432781606464,0.49452259708315616,109.62039559930717,104.06,0.0,69.12945658733248,7.0997399082262405,8.160693339295669,1.0609534310694286,307.01435956988104,330.2,23.18564043011895,468.95167697598856,456.62,0.0
124,5.166666666666667,24.793664494608286,7.084202460493573,7.959421173552322,0.8752187130587483,90.83569404228832,77.32,0.0,52.953868945082064,7.071081513390572,7.5972591954290385,0.5261776820384663,116.63512085303552,103.48,0.0,69.12787964415344,7.077335144553585,8.034931446862604,0.9575963023090193,277.098975694486,269.84,0.0,484.5697905898098,450.64,0.0
125,5.208333333333333,24.79282061238128,7.078599927085656,7.938287929313854,0.8596880022281983,89.22078250590663,99.45,10.229217494093376,52.95287809997414,7.010535843221876,8.432293763186989,1.4217579199651125,315.14792362552845,118.19,0.0,69.12530294017148,7.022172306402508,7.919155181229971,0.8969828748274633,259.54963542793183,270.28,10.73036457206814,663.9183415593669,487.91999999999996,0.0
126,5.25,24.793173435432287,7.0578000530027145,7.713218401864237,0.6554183488615228,68.02208473242604,73.63,5.607915267573958,52.95416472184213,6.986290392833673,8.81185434898218,1.8255639561485077,404.66570366319456,503.95,99.28429633680543,69.12653936409009,6.982269994145673,7.936100539887517,0.9538305457418437,276.0039299542229,234.42,0.0,748.6917183498435,811.9999999999999,63.308281650156346
127,5.291666666666667,24.792464177179582,7.03851340205864,8.597048942849401,1.5585355407907615,161.74677445655306,56.93,0.0,52.951890800180635,6.985250482220311,8.424149787301863,1.4388993050815513,318.9415491313113,295.46,0.0,69.12495259495816,6.995859142173514,8.39336295185376,1.397503809680246,404.3775819164299,303.8,0.0,885.0659055042943,656.19,0.0
128,5.333333333333333,24.791869995285268,7.012709121055543,9.354247674161725,2.341538553106182,243.0019857981729,263.95,20.94801420182708,52.95018628977314,6.877431085831704,8.470360105000292,1.5929290191685883,353.07188847136285,332.7,0.0,69.12334826348219,6.888976789967627,8.738952048169526,1.8499752582018996,535.290962239643,492.68,0.0,1131.3648365091788,1089.33,0.0
129,5.375,24.79217037308075,6.97410495155537,8.990392015947988,2.0162870643926176,209.25032231623413,217.89,8.639677683765854,52.95110760675194,6.879807554908122,8.600130446162407,1.720322891254285,381.3153086038256,364.05,0.0,69.12489575146255,6.876502785615379,8.991472291902602,2.1149695062872222,611.9808372334763,566.39,0.0,1202.546468153536,1148.33,0.0
130,5.416666666666667,24.792019404302554,6.944236621863031,8.871924064818959,1.9276874429559276,200.05423316013696,196.35,0.0,52.95085158291991,6.893220165727224,8.575883112365226,1.6826629466380014,372.9660528930104,389.48,16.513947106989633,69.12582463946255,6.8933197907448855,9.60743298038149,2.7141131896366053,785.3576977000052,646.86,0.0,1358.3779837531526,1232.69,0.0
131,5.458333333333333,24.792274409293313,6.924583031228982,8.847317951370712,1.92273492014173,199.54231577264383,199.65,0.10768422735617378,52.951347958584826,6.899538426978225,8.468163683089571,1.5686252561113463,347.6925998579581,346.94,0.0,69.12760786354274,6.8952087629323655,10.152671518753847,3.2574627558214813,942.6060251487916,915.37,0.0,1489.8409407793933,1461.96,0.0
132,5.5,24.792610023564812,6.916855762751222,8.863554451152666,1.9466986884014439,202.03202156286397,195.26,0.0,52.952277083237405,6.940560958300106,8.667230798912534,1.726669840612428,382.730583894151,338.9,0.0,69.1287195103795,6.935280182301547,10.273484758377554,3.3382045760760075,965.9856714835496,961.68,0.0,1550.7482769405647,1495.84,0.0
133,5.541666666666667,24.792914018480854,6.922111275715416,8.923318619312612,2.001207343597196,207.69157806998112,204.79,0.0,52.952897192509944,6.967391297304167,8.659284536240683,1.6918932389365162,375.02645563446407,417.72,42.693544365535956,69.129686472895,6.962648217527573,10.392603001757845,3.4299547842302722,992.5495713862881,961.9,0.0,1575.2676050907332,1584.4099999999999,9.142394909266613
134,5.583333333333333,24.79292976372008,6.935570136762608,9.185762304275322,2.250192167512714,233.53215273977,206.57,0.0,52.95269146249518,6.984364261081592,8.547486319365833,1.5631220582842404,346.4815830153047,322.64,0.0,69.12968019191294,6.984196681083756,10.490497738935893,3.506301057852137,1014.6423247097115,1014.96,0.31767529028854824,1594.6560604647862,1544.17,0.0
135,5.625,24.792959666005704,6.949356834921297,9.131348719477762,2.1819918845564645,226.45438198351778,257.15,30.6956180164822,52.95290007163607,6.977467482136954,8.71559459219674,1.7381271100597866,385.27471472095823,360.94,0.0,69.1297278483249,6.977031966576616,10.481965735417342,3.5049337688407256,1014.2473621327957,1005.81,0.0,1625.9764588372718,1623.8999999999999,0.0
136,5.666666666666667,24.792634744269506,6.96007207342167,8.519605013219612,1.5595329397979425,161.85139927420943,191.3,29.448600725790584,52.952574155429936,6.981014158648157,8.743375896025391,1.7623617373772342,390.64417819785314,400.6,9.955821802146886,69.12996184458517,6.982837999321758,11.045391839953675,4.062553840631917,1175.6137876887985,1014.25,0.0,1728.1093651608612,1606.15,0.0
137,5.708333333333333,24.793663390585913,6.96793243594219,7.9910577398675295,1.0231253039253394,106.18636410455942,127.37,21.183635895440588,52.95475682963481,7.0177306390485095,8.368723228452032,1.3509925894035222,299.47265223540217,371.39,71.91734776459782,69.13368237046366,7.002367206087717,11.350834686716635,4.348467480628917,1258.4186343627202,1329.79,71.37136563727972,1664.0776507026817,1828.55,164.47234929731826
138,5.75,24.794512360715686,6.990981072886755,7.790260421969956,0.7992793490832009,82.95706675832737,79.61,0.0,52.95625222067476,7.135735205747645,7.9183472635552805,0.7826120578076354,173.4854275803114,216.99,43.5045724196886,69.13585953671952,7.1222622381606655,11.072753786548693,3.950491548388028,1143.2829521164147,1178.31,35.02704788358528,1399.7254464550533,1474.9099999999999,75.18455354494654
139,5.791666666666667,24.794118161761237,7.032486608534339,7.782447775078504,0.749961166544165,77.83710351519856,81.17,3.332896484801438,52.955207593792274,7.147155243344405,7.706053286483624,0.5588980431392194,123.89120810587204,118.48,0.0,69.13466745039246,7.150313089753845,11.00411386647723,3.853800776723385,1115.2811502074449,1099.38,0.0,1317.0094618285154,1299.0300000000002,0.0
140,5.833333333333333,24.79427750465329,7.0672612510900725,7.792761748382067,0.7255004972919945,75.29885912117633,69.21,0.0,52.95556901084126,7.132182280520619,7.717600910457105,0.5854186299364859,129.77092548969193,117.71,0.0,69.13464834291314,7.130750909349926,10.61613028314263,3.4853793737927035,1008.6605581820826,1122.49,113.82944181791743,1213.730342792951,1309.41,95.6796572070491
141,5.875,24.794145481543907,7.092397288992936,7.913294646855371,0.8208973578624343,85.19953548904849,76.23,0.0,52.95521565561883,7.1400994089486,7.739688829904555,0.5995894209559554,132.91130636522928,130.4,0.0,69.13358124148442,7.142547597100542,10.150331984715615,3.0077843876150734,870.4322618473788,885.16,14.727738152621214,1088.5431037016565,1091.79,3.246896298343472
142,5.916666666666667,24.794011080234633,7.107533025868019,7.925755466103721,0.8182224402357017,84.92145001957235,89.15,4.228549980427658,52.954858194776186,7.111811927025305,7.707596116703344,0.5957841896780396,132.06690723027168,123.89,0.0,69.13263527527663,7.11444354654255,9.840664256026567,2.726220709484017,788.9388608445494,846.56,57.62113915545058,1005.9272180943934,1059.6,53.672781905606485
143,5.958333333333333,24.79399028813314,7.112213569366287,7.864076854685033,0.7518632853187457,78.03411850170804,75.42,0.0,52.9548280172618,7.107796399097798,7.716825584629935,0.6090291855321368,135.00283576397595,128.77,0.0,69.13190267140631,7.108950797838404,9.502566655698027,2.393615857859623,692.679264717546,721.44,28.760735282454107,905.71621898323,925.6300000000001,19.913781016770145
144,6.0,24.79436115211879,7.112291871325881,7.738307258670201,0.6260153873443199,64.97363360010576,75.43,10.45636639989425,52.95558957681073,7.114890652044402,7.656045149548536,0.5411544975041336,119.95885278684678,129.77,9.811147213153234,69.13205739952882,7.110689394172025,9.043609743610125,1.9329203494381,559.3616196458576,653.39,94.02838035414243,744.2941060328101,858.59,114.29589396718995
145,6.041666666666667,24.794259251456463,7.115298062757148,7.636636565644083,0.5213385028869348,54.10908156507153,48.94,0.0,52.95542933213114,7.133663354222592,7.691014038375367,0.5573506841527749,123.54872159829215,98.44,0.0,69.13099452639504,7.1348106129407824,8.638653912228472,1.5038432992876896,435.18569758429254,453.15,17.964302415707436,612.8435007476562,600.53,0.0
146,6.083333333333333,24.794035332891184,7.11820863538744,7.606444312261373,0.4882356768739333,50.67292236067479,53.89,3.217077639325211,52.954981502285925,7.106326663614477,7.715178825181156,0.6088521615666789,134.96398623489173,137.25,2.2860137651082653,69.12999572934099,7.1095545045128885,8.44565108621203,1.3360965816991408,386.63717323094863,404.43,17.792826769051374,572.2740818265152,595.5699999999999,23.29591817348478
147,6.125,24.794053048624853,7.115529157158125,7.6191409060532935,0.5036117488951684,52.268808885821436,41.88,0.0,52.95498005134108,7.09959370041092,7.68348847322866,0.5838947728177404,129.43168949125922,121.13,0.0,69.1295402574442,7.100298032170439,8.194153882958215,1.0938558507877758,316.53591017705236,355.6,39.064089822947665,498.23640855413305,518.61,20.373591445866964
148,6.166666666666667,24.7939916060646,7.110774581710359,7.675940559727214,0.5651659780168545,58.6572480757196,57.34,0.0,52.95478689775519,7.09185045689287,7.674477743504769,0.5826272866118991,129.150255320825,126.24,0.0,69.1287908164556,7.093431145581846,7.935048612708939,0.8416174671270928,243.54147092686176,263.45,19.908529073138226,431.34897432340637,447.03,15.681025676593606
149,6.208333333333333,24.79296724647123,7.1031199802915665,7.697708846748834,0.5945888664572676,61.708430910927575,54.55,0.0,52.953450979844085,7.0425187257908055,8.54790957267786,1.505390846887054,333.68967078196033,120.51,0.0,69.12562757647855,7.055825449294886,7.777286301417102,0.7214608521222159,208.76182345575114,209.08,0.3181765442488711,604.1599251486391,384.14,0.0
150,6.25,24.793225736327983,7.081507574832848,7.760961254486121,0.6794536796532729,70.51672164109523,63.57,0.0,52.95439722664994,6.99450048718828,8.930114405170665,1.9356139179823844,429.0619370630761,539.01,109.94806293692392,69.12628139804796,6.992837621376438,7.725672167570215,0.7328345461937769,212.05491986646993,193.65,0.0,711.6335785706412,796.23,84.59642142935877
151,6.291666666666667,24.793277043534577,7.059200021800771,7.795488303682806,0.7362882818820351,76.41542730676684,72.23,0.0,52.95414347322685,7.02573900583041,8.607177923746303,1.581438917915893,350.5513096775953,309.31,0.0,69.12659353157439,7.025230614204459,7.843697975371479,0.8184673611670199,236.8349244475425,215.91,0.0,663.8016614319047,597.45,0.0
152,6.333333333333333,24.791575415479784,7.042232856521778,8.817901118159053,1.775668261637275,184.27447461857088,75.38,0.0,52.95021243126874,6.938160464422508,8.741777167823427,1.8036167034009187,399.7709014503304,382.6,0.0,69.1226485861921,6.961869256469664,8.545774196153559,1.5839049396838947,458.2987872031995,243.45,0.0,1042.3441632721008,701.4300000000001,0.0
153,6.375,24.790823312964886,7.0007306366607915,9.635676757134513,2.634946120473722,273.43991681778874,290.83,17.390083182211242,52.947969441901314,6.784197046404467,8.583326202186765,1.799129155782298,398.75934606418474,407.83,9.070653935815244,69.12176476394856,6.799141111424902,9.470323726130596,2.6711826147056943,772.8898806192981,662.11,0.0,1445.0891435012716,1360.77,0.0
154,6.416666666666667,24.791066740527587,6.9392745719313425,9.500378769646774,2.561104197715432,265.7796263277061,252.21,0.0,52.94876803885539,6.782019145209991,8.800669602250485,2.0186504570404944,447.4208393985204,380.43,0.0,69.1235956736985,6.780097418164043,10.011906041682579,3.2318086235185355,935.1282576086268,874.79,0.0,1648.3287233348533,1507.4299999999998,0.0
155,6.458333333333333,24.79119517453793,6.8886813841032,9.463966931651768,2.5752855475485683,267.2526861927098,275.99,8.737313807290207,52.94952209016282,6.796650488264861,9.251700408842495,2.4550499205776344,544.1537119286983,506.35,0.0,69.12468821001146,6.79376059598062,10.536352214373219,3.7425916183925985,1082.941133916857,987.67,0.0,1894.3475320382652,1770.01,0.0
156,6.5,24.79195503287618,6.857159109544212,9.543336061645213,2.6861769521010013,278.7690903738173,254.78,0.0,52.95117748812683,6.8438151771415345,9.279832921913826,2.4360177447722915,539.9521733526417,574.52,34.56782664735829,69.12728764887954,6.833098404739325,10.913398997037033,4.080300592297708,1180.703631919833,1170.91,0.0,1999.424895646292,2000.21,0.7851043537079931
157,6.541666666666667,24.792283837934836,6.850781680349783,9.81522208069419,2.9644404003444063,307.65110739955105,299.74,0.0,52.951458028407345,6.89882298649172,9.033258946983352,2.134435960491632,473.10798299397493,497.3,24.192017006025083,69.12835158669567,6.893883881975766,11.219686538709013,4.325802656733247,1251.7630506898456,1182.63,0.0,2032.5221410833715,1979.67,0.0
158,6.583333333333333,24.79225080907315,6.860672712600328,9.863648993383485,3.002976280783157,311.6499651570933,312.54,0.8900348429067435,52.951156041633084,6.904571404297134,8.847771583541826,1.943200179244692,430.71719708476485,440.27,9.552802915235134,69.12878401958437,6.904221311465864,11.691668378596953,4.7874470671310885,1385.3583505770455,1313.36,0.0,2127.7255128189036,2066.17,0.0
159,6.625,24.792527747639397,6.873643789792184,9.859095890601417,2.9854521008092325,309.8347603472773,307.62,0.0,52.95174949286087,6.918890718627995,8.847964357957276,1.9290736393292809,427.5907916953485,412.25,0.0,69.12988161661104,6.9149486439055785,11.945275748228168,5.0303271043225894,1455.6644094605267,1449.93,0.0,2193.0899615031526,2169.8,0.0
160,6.666666666666667,24.793183421591984,6.890105106667945,9.838255818029543,2.948150711361598,305.97165705461896,308.95,2.97834294538103,52.95309093761353,6.965101070124295,8.793153540317176,1.8280524701928815,405.20910610828145,434.24,29.030893891718563,69.1316368193922,6.95601661159961,11.888416250669865,4.932399639070255,1427.362626037537,1453.56,26.19737396246296,2138.5433892004376,2196.75,58.20661079956244
161,6.708333333333333,24.794279762977517,6.9168571634763305,9.42836473470061,2.5115075712242794,260.66649536176925,299.77,39.10350463823073,52.95527964484244,7.049065295725821,8.47517149734981,1.4261062016239894,316.1261034450747,366.91,50.78389655492532,69.13446321648014,7.032907738522167,11.534554169987164,4.501646431464997,1302.7623557099907,1393.0,90.23764429000926,1879.5549545168346,2059.6800000000003,180.12504548316565
162,6.75,24.79534006956072,6.962548660792715,8.447272042178637,1.4847233813859226,154.1043297367969,217.28,63.1756702632031,52.957625994284115,7.166679018642861,8.079856177100446,0.913177158457585,202.43368085936592,255.11,52.67631914063409,69.1374132219805,7.148356359227279,11.039052264115535,3.890695904888256,1126.0032349818093,1203.63,77.62676501819078,1482.5412455779722,1676.02,193.4787544220278
163,6.791666666666667,24.795418582476966,7.027931397914262,7.90115321055788,0.8732218126436182,90.63485490632286,85.25,0.0,52.9579504065529,7.240412267156288,7.891789963625825,0.6513776964695364,144.3986977429492,138.48,0.0,69.13760948465263,7.234955430613269,10.668554397128602,3.4335989665153335,993.7179912475109,1039.14,45.422008752489205,1228.751543896783,1262.8700000000001,34.11845610321711
164,6.833333333333333,24.79497439524046,7.09252874079772,7.984016693613442,0.891487952815722,92.52910615417863,91.02,0.0,52.95696425956852,7.220446509045438,7.852652110885678,0.6322056018402407,140.1459800852221,138.96,0.0,69.13599138414425,7.225512937093205,10.366369155125334,3.1408562180321287,908.9740284825597,938.89,29.915971517440312,1141.6491147219604,1168.87,27.220885278039532
165,6.875,24.794514263857216,7.135550527430151,8.047320921321791,0.9117703938916399,94.63250029766378,88.98,0.0,52.955914408537176,7.179851661218713,7.79780677518747,0.6179551139687574,136.9842468255878,129.85,0.0,69.13441415439078,7.186909469916019,10.145402685300914,2.9584932153848946,856.1780482134178,869.64,13.461951786582176,1087.7947953366693,1088.47,0.67520466333076
166,6.916666666666667,24.794260111385377,7.153727699829997,8.08230448837485,0.9285767885448539,96.37584535801916,95.3,0.0,52.95532160557241,7.141267451694055,7.7633169958273145,0.6220495441332599,137.89032971824275,132.65,0.0,69.13332040336132,7.146005446672096,9.91488292391777,2.768877477245673,801.2912102136297,833.44,32.148789786370344,1035.5573852898915,1061.39,25.8326147101086
167,6.958333333333333,24.7938098201469,7.15377277683518,8.107268993359911,0.9534962165247309,98.9604049443295,92.38,0.0,52.954722007984515,7.108415629313099,8.147762673035015,1.0393470437219152,230.3904651616995,131.67,0.0,69.13142007659661,7.115310450322722,9.601293578280703,2.485983127957981,719.4040508583075,759.55,40.14594914169243,1048.7549209643366,983.5999999999999,0.0
168,7.0,24.793891305124724,7.14069304091233,8.088998411606354,0.9483053706940243,98.42198667323457,100.58,2.1580133267654276,52.95547588480171,7.08171599143097,8.727030207457599,1.6453142160266285,364.719471054766,319.32,0.0,69.13064540540678,7.081966473383434,9.089200171260634,2.0072336978772,580.8550572034826,668.86,88.00494279651741,1043.9965149314833,1088.76,44.76348506851673
169,7.041666666666667,24.794258455563607,7.125531547676377,8.073177546145958,0.9476459984695813,98.35500868648272,91.13,0.0,52.956352157185954,7.10586157039315,8.835378018042215,1.7295164476490656,383.39106031717967,401.12,17.72893968282034,69.13061332110969,7.101921824275568,8.566344926454404,1.464423102178836,423.77585176293195,480.88,57.104148237068046,905.5219207665943,973.13,67.60807923340565
170,7.083333333333333,24.79425386158701,7.118371815523699,8.060436279703243,0.9420644641795439,97.77569001445586,100.62,2.844309985544143,52.9561539462042,7.114933213858383,8.684924644642132,1.569991430783749,348.0270032811443,356.27,8.242996718855693,69.12991467545521,7.115143195625448,8.247215347365891,1.1320721517404433,327.5965745587706,353.52,25.92342544122937,773.3992678543707,810.41,37.01073214562928
171,7.125,24.794542201627902,7.115690290123439,7.927390406786237,0.8117001166627977,84.24631749101324,89.79,5.5436825089867625,52.95632429596308,7.121960233064974,8.198775372588624,1.0768151395236503,238.7031828844562,330.13,91.4268171155438,69.13034790144938,7.118630162543519,8.039902256466076,0.9212720939225578,266.59738348689865,287.85,21.252616513101373,589.5468838623681,707.77,118.2231161376319
172,7.166666666666667,24.794354358820488,7.117878034518369,7.8911713577320555,0.7732933232136867,80.25947013058725,73.39,0.0,52.95548668383773,7.130159749169604,7.762855833229187,0.6326960840595834,140.25079582144022,135.9,0.0,69.12956783033505,7.132627448660252,7.921359327008039,0.7887318783477868,228.2403685992231,231.02,2.779631400776907,448.7506345512505,440.31000000000006,0.0
173,7.208333333333333,24.79358323681402,7.118066613381311,7.817498173414995,0.699431560033684,72.59116152459917,82.01,9.418838475400833,52.954285749498176,7.078118663727344,8.184825208051215,1.1067065443238713,245.31992130941146,133.15,0.0,69.12730431788344,7.088150784942757,7.839885498721917,0.7517347137791601,217.52714064750162,210.89,0.0,535.4382234815123,426.05,0.0
174,7.25,24.793271765911946,7.104742922895715,7.709799870929682,0.6050569480339671,62.79561487627909,57.68,0.0,52.954233743866,7.0310431095793025,8.696649458389064,1.6656063488097619,369.2090005537032,347.94,0.0,69.126644998576,7.035648623944132,7.86918478245329,0.8335361585091583,241.19547030178694,209.52,0.0,673.2000857317693,615.14,0.0
175,7.291666666666667,24.793109210756015,7.083287767994063,7.812066936419158,0.7287791684250946,75.63558453462073,62.58,0.0,52.95390530733855,7.0152929217302455,8.725933337662086,1.7106404159318407,379.1891892522736,381.27,2.080810747726389,69.12661165735518,7.017903811958836,8.09100548311975,1.0731016711609138,310.51698810816055,258.65,0.0,765.3417618950548,702.5,0.0
176,7.333333333333333,24.79241586637228,7.060259859787946,7.893216612648609,0.832956752860663,86.44512876260472,83.62,0.0,52.95238538225721,6.976853704553202,8.699053290397051,1.7221995858438497,381.7404958675759,367.78,0.0,69.12580951761596,6.985655691998343,8.677096511829113,1.6914408198307704,489.4363958492493,348.95,0.0,957.6220204794299,800.3499999999999,0.0
177,7.375,24.791732593848067,7.030606462932762,7.8636258523397515,0.8330193894069895,86.44924666494109,84.11,0.0,52.95088938336009,6.915846335560316,8.573647057022503,1.6578007214621877,367.45554669485,386.5,19.04445330515,69.12599311037854,6.924346777612367,9.675978270070695,2.751631492458328,796.2159606436354,618.72,0.0,1250.1207540034266,1089.33,0.0
178,7.416666666666667,24.791912012965316,6.994414754404972,7.714226668858893,0.7198119144539206,74.70132013482164,83.61,8.908679865178357,52.951306055684626,6.902060115440397,8.458442398133194,1.5563822826927964,344.9786186358804,338.79,0.0,69.1279136855775,6.89944348411939,10.436504187736123,3.537060703616733,1023.5172987068315,965.51,0.0,1443.1972374775337,1387.91,0.0
179,7.458333333333333,24.792390464630483,6.967165249439463,7.60698298195879,0.6398177325193268,66.40088985870597,60.3,0.0,52.95247954788665,6.948130548735203,8.499315735595154,1.5511851868599509,343.8342804788317,341.64,0.0,69.12978681303088,6.940677170373303,10.749899744941077,3.809222574567774,1102.3024964906247,1073.65,0.0,1512.5376668281624,1475.5900000000001,0.0
180,7.5,24.791827827921868,6.957332871870396,8.907094746934069,1.9497618750636727,202.3435407405353,67.22,0.0,52.95079280387261,6.940596583254201,8.572999214939422,1.6324026316852214,361.8253386066942,336.47,0.0,69.12774695640809,6.949946005683088,10.962989904687289,4.0130438990042006,1161.249491771888,1122.88,0.0,1725.4183711191174,1526.5700000000002,0.0
181,7.541666666666667,24.791730800858772,6.943795584013314,9.638724404396173,2.6949288203828594,279.67482204031876,335.78,56.105177959681214,52.950123234141046,6.861456579597151,8.671663812936023,1.810207233338872,401.2310138102477,377.88,0.0,69.12672214041756,6.867248030248001,10.943195248660762,4.075947218412762,1179.4342612785854,1191.56,12.125738721414564,1860.340097129152,1905.2199999999998,44.8799028708479
182,7.583333333333333,24.791874870272636,6.92298570419936,9.236352705633788,2.313367001434428,240.07842408683655,219.1,0.0,52.950666317631125,6.884407858178557,8.728142523509,1.8437346653304427,408.66653427048834,415.69,7.023465729511656,69.12768407807654,6.882359396759969,11.20195763097741,4.31959823421744,1249.9555992235332,1159.11,0.0,1898.700557580858,1793.8999999999999,0.0
183,7.625,24.792131936680583,6.9086380507154095,9.249071998673559,2.3404339479581493,242.88991749165544,257.63,14.740082508344557,52.95113632547027,6.889362086137568,8.677704523362248,1.7883424372246797,396.39228289979116,392.55,0.0,69.1287867064175,6.885411756576762,11.539607172400348,4.654195415823587,1346.798960849244,1333.43,0.0,1986.0811612406906,1983.6100000000001,0.0
184,7.666666666666667,24.79283815677881,6.904379939579024,8.944036922101049,2.0396569825220245,211.68135454816985,224.11,12.428645451830164,52.952810923298884,6.949060818871593,8.699070394622753,1.75000957575116,387.90793898409544,391.16,3.2520610159045873,69.1309892733592,6.938379907126101,11.56890708335291,4.630527176226809,1339.9927021651858,1352.34,12.347297834814071,1939.581995697451,1967.61,28.02800430254888
185,7.708333333333333,24.794028334913083,6.919354761428361,8.327638634518689,1.408283873090328,146.16268863906944,194.98,48.817311360930546,52.95548288437761,7.042875448853097,8.537736502259186,1.4948610534060887,331.3683182533146,375.47,44.101681746685415,69.13434564191674,7.0242921154510265,11.29150338670518,4.267211271254154,1234.9154555813084,1319.54,84.62454441869158,1712.4464624736925,1889.99,177.54353752630755
186,7.75,24.79485978589609,6.960758358432838,7.8031274782412545,0.8423691198084162,87.43057175820655,91.83,4.399428241793444,52.95710604303844,7.160218098152076,8.085322104387426,0.9251040062353502,205.07561839456295,277.25,72.17438160543705,69.13660350712618,7.145490010771504,10.94199877720259,3.796508766431086,1098.7317413453686,1141.4,42.66825865463147,1391.237931498138,1510.48,119.24206850186192
187,7.791666666666667,24.794706564630015,7.020550966210414,7.774931762771455,0.7543807965610414,78.29766694579395,77.81,0.0,52.95650565873754,7.190544459470345,7.785455677824088,0.5949112183537428,131.87749919480825,121.44,0.0,69.13583701555696,7.190462276654464,10.656901373461858,3.4664390968073944,1003.1965350112708,1047.04,43.843464988729124,1213.371701151873,1246.29,32.91829884812705
188,7.833333333333333,24.794335956252773,7.073049771211724,7.773388809084597,0.7003390378728733,72.68755165141901,73.58,0.8924483485809844,52.95567454267296,7.1642186631715274,7.739075375114044,0.574856711942517,127.42989782520773,130.86,3.4301021747922817,69.13449426275432,7.169182943367708,10.404933617003504,3.2357506736357964,936.4165149957945,950.04,13.623485004205463,1136.5339644724213,1154.48,17.946035527578715
189,7.875,24.794286345443865,7.105384434867173,7.637620675604144,0.532236240736971,55.24020472768365,66.5,11.259795272316353,52.95557939704382,7.143816102505455,7.686320672099672,0.5425045695942172,120.25810298198607,112.36,0.0,69.13407322537871,7.145082301014591,10.11635361261475,2.971271311600159,859.8717461622554,913.65,53.778253837744614,1035.3700538719252,1092.51,57.139946128074826
190,7.916666666666667,24.793985463580952,7.122380204427052,7.707224648205942,0.5848444437788904,60.699614732616425,38.32,0.0,52.95493190023326,7.132087221351999,7.70090909122383,0.5688218698718304,126.09037127883575,116.58,0.0,69.13281596397799,7.13660271335959,9.877623803856242,2.741021090496652,793.224004638849,796.63,3.4059953611509854,980.0139906503011,951.53,0.0
191,7.958333333333333,24.793960587105715,7.126359797291449,7.76991038274696,0.643550585455511,66.79251862676725,78.07,11.277481373232746,52.95476897978646,7.10238629476694,7.649114431168931,0.5467281364019909,121.19249499303892,124.06,2.867505006961082,69.13214783273894,7.1040739699911715,9.620182022787924,2.5161080527967528,728.1293908960108,780.37,52.240609103989186,916.114404515817,982.5,66.385595484183
192,8.0,24.794207752481835,7.122869874676089,7.776117465700511,0.6532475910244226,67.79962264900551,49.94,0.0,52.95524652325871,7.116077743389748,7.619577099869972,0.5034993564802246,111.61103564053815,106.66,0.0,69.13186418847636,7.11398496262211,9.149085092580894,2.035100129958783,588.9294526147772,665.51,76.58054738522276,768.3401109043209,822.11,53.769889095679105
193,8.041666666666666,24.794003782808275,7.120537810657491,7.893249234533565,0.7727114238760739,80.19794132019825,80.62,0.4220586798017507,52.954706290668916,7.107552703307062,7.625535489802824,0.5179827864957627,114.82041578600752,104.89,0.0,69.13041814658769,7.111025052684505,8.783997567188514,1.6729725145040089,484.1246697440678,500.55,16.425330255932238,679.1430268502736,686.06,6.916973149726346
194,8.083333333333334,24.793800781316897,7.114966552218836,7.865088148111486,0.7501215958926499,77.85275760762404,74.52,0.0,52.95428461853514,7.081398732607595,7.646258276094542,0.5648595434869472,125.21051448578099,113.12,0.0,69.12945946844405,7.084862633174711,8.59182580897927,1.5069631758045583,436.07885138836855,455.35,19.271148611631475,639.1421234817735,642.99,3.847876518226485
195,8.125,24.79404703990005,7.1050960853947815,7.8995407767535255,0.794444691358744,82.45373101554574,75.97,0.0,52.95479246706364,7.079657032492914,7.666756109960642,0.5870990774677276,130.14152524334503,125.79,0.0,69.12936108094873,7.077686958674425,8.216031529399679,1.1383445707252537,329.40903556955647,404.0,74.59096443044353,542.0042918284472,605.76,63.75570817155278
196,8.166666666666666,24.793890569757874,7.097760699070541,7.973807258159572,0.8760465590890307,90.92244214899775,83.82,0.0,52.95432456199541,7.082990554050119,7.606151347683651,0.5231607936335321,115.96738037906233,122.99,7.022619620937661,69.1283703082046,7.0855729657346425,7.986276689834425,0.9007037240997828,260.637859897619,240.67,0.0,467.52768242567913,447.48,0.0
197,8.208333333333334,24.793071943392004,7.089396871610724,7.94871116191264,0.8593142903019162,89.18290171574888,93.0,3.8170982842511165,52.95324065142504,7.029958875055854,8.27923479339202,1.2492759183361652,276.9173301266653,97.17,0.0,69.12591526762048,7.040638634099494,7.8900102426832515,0.8493716085837573,245.77508709403037,266.49,20.71491290596964,611.8753189364445,456.66,0.0
198,8.25,24.79295121997334,7.069387066159721,7.828456065629102,0.7590689994693811,78.77868099157087,80.12,1.3413190084291386,52.953509246449315,6.988177840551773,8.70417348502744,1.715995644475666,380.373411274585,448.01,67.63658872541498,69.12602171929734,6.990311063985838,8.040645043901039,1.0503339799152007,303.9262442010497,210.47,0.0,763.0783364672056,738.6,0.0
199,8.291666666666666,24.792343198102994,7.045160856406254,7.826180828395075,0.7810199719888216,81.05483738584086,72.13,0.0,52.95266039240289,6.9680505055257385,9.10476503239544,2.136714526869701,473.62379246499364,302.84,0.0,69.12512437369378,6.975285832189806,8.41148913246532,1.4362033002755137,415.5765851367039,384.19,0.0,970.2552149875384,759.16,0.0
200,8.333333333333334,24.78980203527426,7.014061890795862,8.59107043608595,1.577008545290088,163.64635229680445,84.88,0.0,52.948330035719934,6.826401416191503,10.671823552100042,3.8454221359085388,852.3059360654407,637.47,0.0,69.11970991393743,6.8600381678177795,9.403774616745334,2.5437364489275547,735.9922543227407,434.31,0.0,1751.944542684986,1156.66,0.0
201,8.375,24.789032540918605,6.946348450411868,9.222173747503831,2.275825297091963,236.15531375478653,239.32,3.16468624521346,52.94691090368325,6.642753130391603,11.396648958693993,4.753895828302389,1053.6333578552446,1062.68,9.046642144755424,69.11965609731418,6.6572936561825315,10.931089282046472,4.27379562586394,1236.55814636321,1029.67,0.0,2526.346817973241,2331.67,0.0
202,8.416666666666666,26.23041225983788,6.860255933421118,9.089386965137484,2.229131031716366,244.7597145978921,229.04,0.0,56.02599526616314,6.708627793101734,11.480047196454029,4.7714194033522945,1119.016258508726,1038.82,0.0,73.14130345976989,6.690398528418407,11.6082619411897,4.917863412771292,1505.6997638747987,1437.33,0.0,2869.475736981417,2705.1899999999996,0.0
203,8.458333333333334,26.859753351836176,6.812578257378083,9.01851153321088,2.2059332758327974,248.02394800601044,255.63,7.606051993989553,57.37080307196047,6.847449571368901,12.173414812092883,5.325965240723982,1279.0528239315533,1192.46,0.0,74.8965086641934,6.829504562492689,11.340106600700857,4.510602038208168,1414.1494506437277,1563.56,149.4105493562722,2941.2262225812915,3011.65,70.4237774187086
204,8.5,27.69549730133743,6.8184903033715,9.054388246354696,2.235897942983196,259.21514259677605,235.1,0.0,59.15604106313072,6.932695033442772,12.196849957586783,5.2641549241440115,1303.5478804844738,1355.71,52.16211951552623,77.22793411735748,6.92414371072884,11.46620017152915,4.5420564608003104,1468.3384449508496,1254.6,0.0,3031.1014680320995,2845.41,0.0
205,8.541666666666666,29.528286269567673,6.853740437215652,8.906006698077366,2.052266260861714,253.67120505969035,277.81,24.13879494030965,63.07094637783383,6.963521052460118,11.845443076752062,4.881922024291944,1288.900553111501,1235.01,0.0,82.3411621810424,6.959127921332633,11.873318039418821,4.914190118086188,1693.8235653505799,1674.29,0.0,3236.3953235217714,3187.1099999999997,0.0
206,8.583333333333334,29.89471887826212,6.89666394045029,8.744492478339358,1.8478285378890682,231.23595723132408,221.19,0.0,63.85386123871016,7.007550008838615,11.898028594875319,4.8904785860367035,1307.1870891250874,1329.68,22.492910874912695,83.36367023804364,7.002315121664008,11.984466664600761,4.982151542936753,1738.5732147294086,1695.55,0.0,3276.99626108582,3246.42,0.0
207,8.625,28.982466527387903,6.939392094320768,8.889363445778962,1.9499713514581938,236.57170386468826,233.11,0.0,61.904950680025706,7.0250271923292384,11.688876085408095,4.663848893078857,1208.5623952617123,1269.95,61.38760473828779,80.81901232582314,7.0242708627947765,12.13767594788996,5.1134050850951835,1729.9078192363947,1763.06,33.1521807636052,3175.0419183627955,3266.12,91.07808163720438
208,8.666666666666666,26.909863214272967,6.971240134527791,8.331671310321418,1.3604311757936278,153.24534454682154,232.66,79.41465545317845,57.47802174183229,7.029167371513287,11.944108355806595,4.914940984293308,1182.5495407845697,1134.7,0.0,75.03778982488552,7.027176030621732,12.157185057969198,5.130009027347466,1611.377841065517,1679.8,68.42215893448292,2947.1727263969083,3047.16,99.98727360309158
209,8.708333333333334,25.320380454993025,6.9969258987358645,7.696927087035993,0.7000011883001287,74.19390475847328,68.37,0.0,54.082971838749955,7.118317296688406,11.773014000707759,4.654696704019353,1053.7829315672243,1219.53,165.74706843277568,70.60392387411272,7.096742267139299,11.732675463835152,4.635933196695853,1370.1409018778718,1531.11,160.96909812212812,2498.1177382035694,2819.01,320.89226179643083
210,8.75,24.79566171726002,7.042357312685352,7.800029149030294,0.757671836344942,78.64227545250452,74.41,0.0,52.9612821892063,7.253698926911335,10.606499580487338,3.3528006535760024,743.3022497588801,881.69,138.38775024112,69.13916494797091,7.237345034466175,10.981446447068281,3.744101412602106,1083.6048929888075,1200.86,117.25510701119242,1905.5494182001921,2156.96,251.41058179980791
211,8.791666666666666,24.794829846436194,7.105467836058144,7.945844668440127,0.8403768323819838,87.22368436843176,77.74,0.0,52.95891552597253,7.25658409046525,9.90972659128847,2.65314250082322,588.164602539638,596.69,8.525397460362,69.13619742079116,7.266230407985638,10.603853915913303,3.337623507927665,965.9220022248694,956.57,0.0,1641.3102891329393,1631.0,0.0
212,8.833333333333334,24.794300671736913,7.149213563458246,7.868147736045019,0.7189341725867733,74.61741758033575,91.75,17.132582419664246,52.95749124476152,7.173875784234628,9.599667252258111,2.4257914680234833,537.7495941777648,572.1,34.35040582223519,69.13448815679848,7.182424107240877,10.400067463658903,3.2176433564180265,931.1762296005109,966.08,34.90377039948919,1543.5432413586113,1629.93,86.38675864138872
213,8.875,24.794269243297187,7.164624989643656,7.6868728572478515,0.5222478676041957,54.20348525331263,51.9,0.0,52.95739719749328,7.159384445357048,9.485089772712977,2.3257053273559283,515.5615770864873,495.21,0.0,69.13398262144142,7.16109285083211,10.005821620405772,2.8447287695736625,823.2498591269061,886.92,63.67014087309383,1393.014921466706,1434.03,41.015078533293945
214,8.916666666666666,24.793692750218145,7.166025623765674,7.79129295076185,0.6252673269961759,64.89424356374003,51.07,0.0,52.95615307887826,7.126107596904052,9.52485124497948,2.3987436480754285,531.7401951612284,528.04,0.0,69.13201714167204,7.134351810600058,9.843893601199094,2.7095417905990358,784.1051507046382,749.85,0.0,1380.7395894296064,1328.96,0.0
215,8.958333333333334,24.79380655621571,7.1536150309192506,7.965610300439462,0.8119952695202111,84.27445092467603,73.58,0.0,52.95616258071651,7.090042110079856,9.388074370397737,2.298032260317881,509.41514439122193,527.52,18.104855608778053,69.13171276713726,7.090752251913974,9.596991088384424,2.50623883647045,725.2688019814595,809.08,83.8111980185405,1318.9583972973574,1410.18,91.22160270264271
216,9.0,24.79418815387974,7.137643355255022,8.000971954035897,0.8633285987808756,89.60355576651803,89.94,0.33644423348196995,52.95666312720059,7.114004315176772,9.161467418488199,2.0474631033114266,453.8746426816468,483.05,29.175357318353235,69.13164193903387,7.110598364869551,9.089925531351478,1.9793271664819265,572.7876972870623,630.83,58.042302712937726,1116.265895735227,1203.8200000000002,87.55410426477306
217,9.041666666666666,24.79420269234288,7.129143511373481,7.961241144545511,0.8320976331720296,86.36219221880789,84.09,0.0,52.956635909711835,7.120964910748965,9.140957734104983,2.0199928233560183,447.7848945013074,415.84,0.0,69.13064035246319,7.121144562034591,8.591120151744516,1.4699755897099251,425.38280108690674,502.94,77.55719891309326,959.5298878070221,1002.8699999999999,43.34011219297781
218,9.083333333333334,24.79378853189157,7.1240602699752325,7.9134414540369225,0.78938118406169,81.9273461223733,83.48,1.5526538776267103,52.95600181667316,7.0987610691117276,9.398915276899013,2.300154207787285,509.88397812040296,471.35,0.0,69.12884248211661,7.104508740470755,8.27146607408224,1.1669573336114842,337.68633499825205,334.52,0.0,929.4976592410283,889.35,0.0
219,9.125,24.793855384917535,7.114372603937332,7.727115195762061,0.6127425918247296,63.594763564565625,75.11,11.515236435434375,52.95616406553153,7.076883699063618,9.330047079111267,2.253163380047649,499.4688719503702,540.63,41.16112804962978,69.12896268472359,7.076504333489383,8.178563487753449,1.102059154264066,318.9070869500897,327.3,8.392913049910305,881.9707224650256,943.04,61.06927753497439
220,9.166666666666666,24.794001203259135,7.104793078354909,7.661617449122623,0.5568243707677141,57.79151464137513,46.46,0.0,52.95632047952876,7.095502354375005,9.139335687497852,2.043833333122847,453.0670760795688,449.75,0.0,69.12909940275908,7.093722956627082,8.017296430659563,0.923573474032481,267.2585292321102,296.74,29.48147076788979,778.117119953054,792.95,14.832880046946002
221,9.208333333333334,24.79301067797826,7.09883184256312,7.764548319075835,0.6657164765127144,69.09041436493071,63.87,0.0,52.954933631246874,7.053298641218767,9.98209734788869,2.928798706669923,649.2249119743135,447.8,0.0,69.12593001999825,7.06595252052955,7.835656875329116,0.7697043547995657,222.72253192591978,223.39,0.6674680740802046,941.037858265164,735.06,0.0
222,9.25,24.792679796969946,7.080448813115725,7.919320275853129,0.8388714627374041,87.0598903772194,69.05,0.0,52.95453793123662,6.982969858438739,10.363112494301655,3.3801426358629154,749.2684294999971,845.21,95.94157050000297,69.12546336675794,6.988774280301101,8.074780738767998,1.0860064584668976,314.24594878017604,207.39,0.0,1150.5742686573926,1121.65,0.0
223,9.291666666666666,24.791995630545628,7.0516297776846635,7.9789299174779185,0.927300139793255,96.23455356443124,100.19,3.95544643556876,52.953193946926994,6.947604678973348,10.575399657229378,3.6277949782560297,804.1445439146073,645.87,0.0,69.12451386314773,6.956832938368977,8.572066465060804,1.615233526691827,467.3762444414143,408.08,0.0,1367.7553419204528,1154.1399999999999,0.0
224,9.333333333333334,24.790748085060688,7.014772714771728,7.789563300806165,0.7747905860344373,80.40317366031756,87.08,6.676826339682435,52.95151932045499,6.861454926237087,11.832519495738605,4.971064569501518,1101.8616147974608,957.35,0.0,69.12281893975033,6.8766068755714045,9.331893091329642,2.455286215758237,710.4324507923901,514.68,0.0,1892.6972392501684,1559.1100000000001,0.0
225,9.375,24.790178607108242,6.963870423879439,7.66020558044802,0.6963351565685807,72.25987436669953,68.32,0.0,52.95092575773699,6.790128617530717,12.498046994743438,5.707918377212721,1265.174807465534,1241.62,0.0,69.12366037699003,6.796924978898761,10.649896790572162,3.8529718116734015,1114.8637215900271,897.35,0.0,2452.298403422261,2207.29,0.0
226,9.416666666666666,25.24420138663183,6.911093532764281,7.453961163884337,0.542867631120056,57.36603154908161,70.9,13.533968450918394,53.9210875465872,6.8229729638245,12.68053282350795,5.857559859683449,1322.1313476420912,1283.23,0.0,70.39142091905131,6.810236269008094,11.4681467836985,4.657910514690407,1372.4928693449592,1325.93,0.0,2751.9902485361317,2680.0600000000004,0.0
227,9.458333333333334,25.80232868993453,6.885708059096877,7.293348290613383,0.4076402315165062,44.02862947011397,37.53,0.0,55.11347527305623,6.935513634849229,12.69589932068178,5.760385685832552,1328.9498228126458,1355.14,26.190177187354266,71.9488455812102,6.920371137640243,11.747873723617971,4.8275025859777285,1453.936934692479,1410.99,0.0,2826.915386975239,2803.66,0.0
228,9.5,25.933279640985063,6.896835755335558,7.454983185450644,0.5581474301150857,60.59064791409608,44.3,0.0,55.393001598710704,6.993768152553075,12.471138554969132,5.4773704024160565,1270.0658354981972,1295.19,25.124164501802852,72.31435098017852,6.98796578603843,11.978471695761954,4.990505909723524,1510.6654301395465,1487.59,0.0,2841.3219135518398,2827.08,0.0
229,9.541666666666666,26.401700136999946,6.924554904485043,7.704668591415486,0.7801136869304433,86.21622748055798,70.9,0.0,56.3933496171635,7.008010531331237,12.263144761777198,5.255134230445961,1240.5404474519853,1237.09,0.0,73.62098286045014,7.007249243197878,12.087823593304325,5.080574350106447,1565.7183677516973,1523.85,0.0,2892.4750426842406,2831.84,0.0
230,9.583333333333334,27.585298417438874,6.952227948459209,7.8645356097596375,0.9123076613004288,105.3460442518531,95.49,0.0,58.92159663634669,7.007659889345378,12.2698351719493,5.262175282603922,1297.8934508395973,1235.23,0.0,76.92246231163442,7.00764655462654,12.035382020198199,5.027735465571659,1618.917884739789,1596.85,0.0,3022.1573798312393,2927.5699999999997,0.0
231,9.625,27.6228233506217,6.973339058081105,7.742241476522136,0.7689024184410309,88.90752427004362,108.14,19.232475729956377,59.00173506752716,7.007411514250544,12.188208976036435,5.180797461785891,1279.5599004210917,1351.01,71.4500995789083,77.02733487005672,7.007614212161631,12.150108151615324,5.1424939394536935,1658.1273550760732,1626.97,0.0,3026.594779767209,3086.12,59.52522023279107
232,9.666666666666666,27.105203559213972,6.987245563980549,7.6099778065329335,0.6227322425523845,70.65668364976464,62.3,0.0,57.896016186946184,7.015817211945792,12.048651949238186,5.0328347372923945,1219.721206809492,1198.17,0.0,75.58376119318503,7.01357866846792,12.3225481567889,5.3089694883209795,1679.724097998246,1675.13,0.0,2970.1019884575026,2935.6000000000004,0.0
233,9.708333333333334,26.063766487703592,7.000729016890088,7.6733702727671655,0.6726412558770773,73.38712951261401,72.01,0.0,55.67094830506989,7.076237636230367,11.510929334127761,4.434691697897394,1033.4542986111114,1231.91,198.45570138888866,72.67803384123694,7.061203007519877,11.904021283922791,4.842818276402914,1473.33181328525,1671.9,198.56818671475003,2580.1732414089756,2975.82,395.64675859102454
234,9.75,24.794478370916167,7.029792459173484,7.789688094148658,0.759895634975174,78.8693296968937,68.52,0.0,52.95861044728719,7.170217066518938,10.246678904330418,3.07646183781148,682.0046528869898,830.37,148.36534711301022,69.13657975876092,7.161106514915367,11.453914140071289,4.2928076251559215,1242.3630939008408,1267.54,25.17690609915917,2003.2370764847242,2166.43,163.19292351527565
235,9.791666666666666,24.79417114853309,7.070186836012854,7.821081336278573,0.7508945002657192,77.93413907258083,84.18,6.245860927419173,52.95725285782746,7.166618416005306,9.520403210724105,2.3537847947187984,521.7848018250426,525.24,3.455198174957445,69.1351906021682,7.170313549079567,11.132270925103965,3.9619573760243982,1146.590099569387,1208.37,61.779900430613,1746.3090404670102,1817.79,71.4809595329898
236,9.833333333333334,24.793964168977762,7.100410290876001,7.707924316234245,0.6075140253582445,63.05238256923543,66.34,3.287617430764577,52.95660335901103,7.139843660987186,9.286129066667206,2.14628540568002,475.78069689115614,510.28,34.49930310884383,69.13421066082869,7.1434206074561635,10.783982856960423,3.640562249504259,1053.5634458558336,1075.54,21.976554144166357,1592.396525316225,1652.1599999999999,59.7634746837748
237,9.875,24.79369112715485,7.115637220454333,7.600981952754725,0.4853447323003923,50.37217818459999,54.32,3.9478218154000118,52.956024363689444,7.116918387774589,9.249237014052891,2.132318626278302,472.6794242824979,432.54,0.0,69.1331808812522,7.1210101133807235,10.525067093207456,3.4040569798267324,985.1051390322621,1022.57,37.46486096773799,1508.15674149936,1509.43,1.2732585006401678
238,9.916666666666666,24.793727556921983,7.11842272534923,7.790941258504189,0.6725185331549586,69.79837403167201,40.84,0.0,52.95605891073087,7.101421036206199,9.290855534802725,2.189434498596526,485.3408401011853,504.72,19.37915989881475,69.13268432322597,7.102329367919051,10.135225331350945,3.032895963431894,877.6879933963667,938.49,60.802006603633345,1432.8272075292239,1484.0500000000002,51.22279247077631
239,9.958333333333334,24.79377395178104,7.1150975186052445,8.056595623248644,0.941498104643399,97.71501689019084,93.94,0.0,52.95583035785589,7.096024616252586,9.166928657731964,2.070904041479378,459.0637308500046,457.46,0.0,69.13174325333482,7.09736292526441,9.685729951438946,2.5883670261745353,749.0358271895776,807.49,58.45417281042239,1305.8145749297732,1358.8899999999999,53.07542507022663
240,10.0,24.794274121735494,7.110085524512856,8.003458532847178,0.8933730083343221,92.7221406050604,96.47,3.7478593949395957,52.956756088707934,7.108397014559127,9.074649990647254,1.9662529760881267,435.87302359657144,452.11,16.23697640342857,69.13175703104523,7.1033299409874235,9.0290099014118,1.925679960424377,557.2639254551549,680.35,123.08607454484513,1085.8590896567866,1228.93,143.07091034321343
241,10.041666666666666,24.793975794263183,7.110662802066591,8.00491857606126,0.8942557739946677,92.81264507587603,83.77,0.0,52.955995953033835,7.11937175035525,9.014056677206824,1.894684926851574,420.0020057557691,410.75,0.0,69.13005625337071,7.123486414945335,8.638423216922396,1.5149368019770613,438.39001130332457,421.77,0.0,951.2046621349698,916.29,0.0
242,10.083333333333334,24.793844559447756,7.109255589382522,8.017800074726063,0.9085444853435414,94.29513677836582,96.89,2.594863221634185,52.95564814422299,7.079958188640875,8.979155654997044,1.8991974663561688,420.99955243699304,420.38,0.0,69.12922975424287,7.0826715402392555,8.426809198726367,1.3441376584871119,388.95977544831106,442.48,53.520224551688955,904.25446466367,959.75,55.49553533633002
243,10.125,24.7938670571811,7.102432934221477,7.865847436939708,0.7634145027182306,79.23259833000441,86.53,7.297401669995594,52.955725227404656,7.083506984462758,8.963280787324223,1.8797738028614646,416.69446998490594,412.71,0.0,69.12889032177145,7.083769770510847,8.192985157110018,1.1092153865991703,320.97757737118036,321.96,0.9824226288196201,816.9046456860907,821.2,4.295354313909343
244,10.166666666666666,24.793778900889805,7.095829034465493,7.834138227439489,0.738309192973996,76.62671789410962,66.54,0.0,52.95552430059248,7.075327213748554,8.926861076240929,1.8515338624923752,410.4328898337761,411.76,1.3271101662239175,69.12848467806288,7.0764993204552535,8.09643003170953,1.0199307112542773,295.13922338799495,306.29,11.150776612005075,782.1988311158807,784.59,2.391168884119338
245,10.208333333333334,24.79340844597641,7.088425998367855,7.897202686772528,0.8087766884046728,83.93905663336442,81.61,0.0,52.95495273170774,7.054416611340936,9.18232280900642,2.1279061976654843,471.691758472903,400.08,0.0,69.12719930518796,7.0596212598904176,7.99034507166166,0.9307238117712426,269.32025119837715,269.97,0.6497488016228772,824.9510663046445,751.6600000000001,0.0
246,10.25,24.793200930813995,7.076172862996134,7.78869893189313,0.7125260688969961,73.94904714942173,81.09,7.140952850578273,52.95487056544618,7.024905627608813,9.473549748984192,2.448644121375379,542.7887096796344,535.47,0.0,69.12678481208071,7.02777102598962,8.026229962254675,0.9984589362650551,288.9187917453201,254.47,0.0,905.6565485743763,871.0300000000001,0.0
247,10.291666666666666,24.791205540560608,7.058025484316067,7.814437538853897,0.7564120545378303,78.49740707905772,61.36,0.0,52.951681140290674,6.940154959678439,10.772078231906052,3.8319232722276135,849.3677780035238,542.36,0.0,69.12246742153569,6.964949916925535,8.608752082814691,1.6438021658891557,475.6286477050888,309.61,0.0,1403.4938327876703,913.33,0.0
248,10.333333333333334,27.26681679487167,7.008803206833416,9.123553441335872,2.1147502345024565,241.37525518562433,90.66,0.0,58.24056792390982,6.733457829223739,12.425765833000005,5.692308003776266,1387.7563284254095,1152.52,0.0,76.02954997142136,6.76250383842845,9.651009099988066,2.888505261559616,919.2948069593631,630.41,0.0,2548.426390570397,1873.5900000000001,0.0
249,10.375,29.212051791016023,6.909612710502629,9.845763011341935,2.936150300839306,359.0372999030048,396.31,37.27270009699521,62.39552023509456,6.657101863361507,12.675646867146757,6.01854500378525,1571.9696121399681,1621.45,49.4803878600319,81.45632821960068,6.652366106190366,10.375964170241078,3.7235980640507123,1269.6582807004902,1207.98,0.0,3200.665192743463,3225.74,25.074807256536587
250,10.416666666666666,30.929223533493996,6.828681535906846,9.472641596567058,2.6439600606602127,342.31279442090124,314.97,0.0,66.0637543559723,6.791995729360978,12.636362881551499,5.844367152190521,1616.2180991126793,1510.44,0.0,86.24709762442681,6.773791304878591,10.727009846779959,3.953218541901368,1427.2318764018614,1314.53,0.0,3385.762769935442,3139.94,0.0
251,10.458333333333334,33.8679402737955,6.813559862611767,9.579015709371664,2.765455846759897,392.06198837283716,361.24,0.0,72.34106971050224,6.89848169528289,12.506485777221284,5.608004081938394,1698.214213559607,1705.84,7.625786440392858,94.44505959453393,6.888838076340334,11.001087595817033,4.112249519476699,1625.7655908121114,1519.18,0.0,3716.0417927445556,3586.26,0.0
252,10.5,36.095153930456696,6.847010239443122,10.33272325792028,3.485713018477158,526.6714185577548,411.81,0.0,77.09815167151854,6.9487166891122,12.369206656895862,5.420489967783662,1749.3702456071617,1666.06,0.0,100.6573939385705,6.945705356000493,10.950081939325125,4.004376583324632,1687.2514855924312,1702.97,15.718514407568819,3963.2931497573472,3780.84,0.0
253,10.541666666666666,36.68157575569448,6.889090395952989,10.70425517920684,3.8151647832538504,585.8150276887687,630.99,45.17497231123127,78.35055066362617,6.941155485391418,12.415768860229107,5.4746133748376895,1795.5385392574944,1803.51,7.971460742505542,102.2926189258738,6.942152687687968,10.793720112890153,3.8515674252021848,1649.229242488258,1629.73,0.0,4030.582809434521,4064.23,33.64719056547892
254,10.583333333333334,36.300030048026805,6.917142592238858,10.252857665638528,3.33571507339967,506.86832925992377,525.92,19.05167074007619,77.5357033557293,6.9765446374912425,12.44912296327443,5.4725783257831875,1776.2043976322345,1756.28,0.0,101.22878339399696,6.970183809918063,10.994215768389601,4.0240319584715385,1705.1581398445494,1627.05,0.0,3988.230866736708,3909.25,0.0
255,10.625,36.02877858852053,6.950606555978076,10.125478406961422,3.1748718509833465,478.82295628769833,472.94,0.0,76.95632101684883,7.0355558282353785,12.417189505923856,5.381633677688478,1733.6349511556389,1765.97,32.335048844361154,100.47248185200995,7.030311759845002,11.17976638186663,4.1494546220216275,1745.1685336096932,1743.96,0.0,3957.6264410530302,3982.87,25.243558946969642
256,10.666666666666666,34.05740189353022,6.989008314838139,9.954997508720124,2.9659891938819856,422.8441267453766,470.74,47.89587325462338,72.74518700726716,7.058910740822964,12.289916859053793,5.231006118230829,1592.9007496325175,1671.94,79.03925036748251,94.97357722382125,7.057399942620377,11.385511790904184,4.3281118482838075,1720.6815246885467,1707.37,0.0,3736.426401066441,3850.05,113.62359893355915
257,10.708333333333334,28.911445859101057,7.019795567730377,8.506349511227217,1.4865539434968404,179.9076822530201,363.86,183.9523177469799,61.75328590353569,7.10075013982315,11.90826173021019,4.8075115903870405,1242.7381635199163,1490.3,247.56183648008368,80.62039459998931,7.090975025121799,11.855363251792115,4.764388226670316,1607.8713111950935,1700.8,92.92868880490641,3030.5171569680297,3554.96,524.4428430319704
258,10.75,24.795947875521115,7.054143742320598,7.082454642020699,0.028310899700101366,2.938553553440024,0.0,0.0,52.96242182287941,7.2417752057667935,11.053663051665046,3.8118878458982524,845.0981951825721,988.99,143.8918048174279,69.14134798226274,7.213313478344816,11.818726153251195,4.605412674906379,1332.92470733702,1488.44,155.51529266298007,2180.961456073032,2477.4300000000003,296.4685439269683
259,10.791666666666666,24.795736160674565,7.116826261658164,7.55592218644608,0.4390959247879156,45.57594024732418,0.0,0.0,52.96145109326267,7.34093555887849,10.452529744089494,3.111594185211004,689.8299580952892,693.15,3.32004190471082,69.13988626027103,7.340909215576028,11.28911649975572,3.9482072841796914,1142.688430316819,1167.73,25.041569683181024,1878.0943286594324,1860.88,0.0
260,10.833333333333334,24.794950215300233,7.178190067416438,7.931579343375866,0.7533892759594281,78.19552478438928,86.48,8.284475215610726,52.95932919204151,7.256534837963916,10.084385864520458,2.8278510265565417,626.8999370622332,679.19,52.290062937766834,69.13700564426256,7.2682220917370355,10.957735605404133,3.689513513667098,1067.7729029670718,1108.27,40.497097032928195,1772.8683648136944,1873.94,101.07163518630568
261,10.875,24.79492924481059,7.20870111069753,7.78306119238504,0.5743600816875105,59.613736817028105,64.54,4.926263182971901,52.95862926849102,7.226010616883302,9.337242546037563,2.111231929154261,468.02807466420046,566.85,98.82192533579956,69.13664302118433,7.22864405130818,10.662939277877113,3.434295226568933,993.9056020528242,1017.81,23.904397947175767,1521.5474135340528,1649.1999999999998,127.65258646594702
262,10.916666666666666,24.79457265296403,7.219522478701706,7.825842574887402,0.606320096185696,62.93001197101759,49.18,0.0,52.95732597032936,7.202593504549208,8.829914210115478,1.6273207055662695,360.7434231214639,359.82,0.0,69.13522251333002,7.208453298653235,10.363354734268666,3.1549014356154315,913.0286062087436,960.72,47.69139379125647,1336.702041301225,1369.72,33.01795869877492
263,10.958333333333334,24.794247171876016,7.215314398250339,7.7948775803515185,0.5795631821011797,60.15212005364739,71.53,11.377879946352614,52.956453023740224,7.159381321867232,8.681670671583335,1.522289349716103,337.45457601236467,352.18,14.725423987635338,69.1338562782736,7.165024073057498,10.038218071763048,2.87319399870555,831.4860303241269,855.83,24.343969675873154,1229.092726390139,1279.54,50.447273609860986
264,11.0,24.79438525735579,7.2002051833951874,7.740179725115023,0.5399745417198352,56.04357791414414,43.13,0.0,52.95665870426868,7.148795870337924,8.579953188640602,1.4311573183026773,317.2540502261749,312.9,0.0,69.13335078821424,7.148498882137173,9.57203934369696,2.4235404615597878,701.3537214691644,797.78,96.42627853083559,1074.6513496094835,1153.81,79.15865039051641
265,11.041666666666666,24.794159390798725,7.1846989751533386,7.775678083201029,0.5909791080476907,61.336747223757385,63.71,2.373252776242616,52.95608511355219,7.140321963126553,8.555833771900627,1.415511808774074,313.7824085701024,311.8,0.0,69.13181899436151,7.144228258158399,9.170376831847829,2.0261485736894302,586.3386143879943,594.0,7.661385612005688,961.4577701818541,969.51,8.052229818145861
266,11.083333333333334,24.79412765719817,7.168430490622579,7.700944292213205,0.5325138015906266,55.26865872614114,53.49,0.0,52.95596030429204,7.117420246465477,8.479825753539908,1.3624055070744303,302.0094013068123,305.87,3.860598693187683,69.13117947914142,7.11873737260713,8.882437694574957,1.7637003219678267,510.3850971535095,567.32,56.93490284649056,867.663157186463,926.6800000000001,59.016842813537096
267,11.125,24.7938243830476,7.1522554083896575,7.88578200847019,0.7335266000805323,76.13048773546329,51.59,0.0,52.95525727259126,7.10394083809073,8.529480883275824,1.4255400451850937,316.0004695918314,288.12,0.0,69.12962607809976,7.109129665055041,8.596011294989404,1.4868816299343637,430.26877262358727,441.06,10.791227376412735,822.3997299508819,780.77,0.0
268,11.166666666666666,24.7938753080564,7.134071919372481,7.964916089501022,0.8308441701285414,86.23095851472485,95.82,9.589041485275146,52.95504199461189,7.074422363396528,8.285863761535664,1.2114413981391357,268.53997945079635,334.23,65.69002054920367,69.12936157937311,7.07536212255412,8.448157329787513,1.372795207233393,397.25330988455045,406.67,9.416690115449569,752.0242478500716,836.72,84.69575214992847
269,11.208333333333334,24.792971101080504,7.115348058411129,7.864453402424016,0.7491053440128868,77.74468235222031,71.26,0.0,52.95381835104457,7.046077941861913,8.957498584031738,1.9114206421698245,423.69445190648037,191.96,0.0,69.1266341487662,7.057607637443849,8.31359565095346,1.2559880135096106,363.4378292668092,374.76,11.322170733190774,864.8769635255098,637.98,0.0
270,11.25,24.79295144368989,7.088606265489818,7.801602075734534,0.712995810244716,73.9970543253553,79.06,5.062945674644709,52.95448969012836,6.988325603061807,9.587287070319826,2.598961467258019,576.1052750412923,648.56,72.45472495870763,69.1267019904017,6.989369273363568,8.313529932529269,1.3241606591657007,383.16492091912744,338.66,0.0,1033.267250285775,1066.28,33.01274971422504
271,11.291666666666666,24.79250488666748,7.06005687074801,7.976358987649441,0.9163021169014307,95.0951398400052,63.51,0.0,52.95373786290627,6.98886853338732,9.866286578025528,2.8774180446382083,637.8209910306169,495.51,0.0,69.12577945349187,6.994832266984987,8.50724828710611,1.5124160201211234,437.63347513756344,414.85,0.0,1170.5496060081855,973.87,0.0
272,11.333333333333334,24.791933332475406,7.031548061988571,7.96564522561619,0.9340971636276194,96.93970030368936,122.12,25.18029969631064,52.953170065866686,6.925810096876675,10.724598837103512,3.798788740226837,842.0469953763535,774.28,0.0,69.12475944054428,6.93324855080465,8.772614483136445,1.8393659323317957,532.2320157150468,447.91,0.0,1471.2187113950897,1344.31,0.0
273,11.375,24.791253379919347,6.997434571357491,9.497472751700336,2.5000381803428446,259.44442883124134,66.18,0.0,52.951485374334105,6.876903697086041,11.258615568525393,4.381711871439352,971.2279845862303,904.04,0.0,69.12260358333633,6.889900754356108,9.011521092371607,2.121620338015499,613.8849437296495,605.34,0.0,1844.557357147121,1575.56,0.0
274,11.416666666666666,24.79081220841673,6.952166017121463,10.846166633879625,3.894000616758161,404.09734359153094,452.38,48.28265640846905,52.94988128626827,6.766751219736147,11.465733305296729,4.698982085560582,1041.5209354959288,1032.79,0.0,69.1205421580529,6.778843134987548,9.11430202730121,2.335458892313662,675.7383816756333,611.38,0.0,2121.356660763093,2096.55,0.0
275,11.458333333333334,24.791466169800906,6.898019443067315,9.852132702703134,2.954113259635819,306.56924035455876,351.91,45.34075964544127,52.95161516168206,6.788858948735894,11.601780373286473,4.81292142455058,1066.8103174370438,1044.41,0.0,69.12350417738121,6.780193729572311,9.511766917112602,2.7315731875402918,790.3834019380515,730.01,0.0,2163.762959729654,2126.33,0.0
276,11.5,24.791803231516887,6.864094155685119,10.007903215231009,3.14380905954589,326.2597517888077,257.13,0.0,52.952425913419475,6.8479643387797875,11.735398541295302,4.887434202515514,1083.343068599528,1083.58,0.23693140047203087,69.12525230139849,6.841503094696706,9.906713479462411,3.065210384765705,886.9440848790905,841.8,0.0,2296.546905267426,2182.51,0.0
277,11.541666666666666,24.792124252564417,6.852714802381547,10.023226400595293,3.1705115982137464,329.03516140104995,393.49,64.45483859895006,52.95303645856638,6.866750329460333,11.755157744816286,4.888407415355952,1083.5712833513587,1077.15,0.0,69.12653241943431,6.861589893959746,10.241368783188042,3.3797788892282963,977.9852052889953,923.88,0.0,2390.591650041404,2394.52,3.9283499585958452
278,11.583333333333334,24.79219622922168,6.856653121274263,9.560187655286086,2.7035345340118226,280.57317463321795,260.29,0.0,52.95353546937509,6.911174353612764,11.874839207874665,4.963664854261901,1100.2633218157866,1084.08,0.0,69.12780225632213,6.907469723744739,10.820388276722994,3.9129185529782555,1132.2772514569194,1024.24,0.0,2513.1137479059244,2368.6099999999997,0.0
279,11.625,24.792859875715497,6.870685289258266,9.688549443490734,2.817864154232468,292.4461459679403,297.81,5.363854032059692,52.95494595827892,6.936939088233115,11.919154514167666,4.982215425934551,1104.4047229771843,1110.53,6.1252770228156805,69.12982050378187,6.9275263766306185,10.985880000319218,4.0583536236886,1174.395936089505,1232.9,58.504063910495006,2571.2468050346297,2641.24,69.9931949653701
280,11.666666666666666,24.79388488805752,6.896117701311784,9.606452383543616,2.7103346822318315,281.298053535666,283.69,2.391946464334012,52.956883773974965,7.031663401982214,11.487512236217206,4.455848834234993,987.7614989181285,1092.18,104.41850108187157,69.13245456116071,7.017165857083325,10.783036262878984,3.765870405795659,1089.7994176839643,1107.3,17.50058231603566,2358.8589701377587,2483.17,124.31102986224141
281,11.708333333333334,24.79482586244211,6.939812950236636,9.43583232780137,2.4960193775647337,259.0646993057706,275.48,16.415300694229416,52.95832788732431,7.117184644487238,10.51861371408953,3.401429069602293,754.040907061245,876.07,122.02909293875507,69.13477622100558,7.103004484811423,10.502744642465482,3.3997401576540582,983.8785911875883,1063.74,79.8614088124117,1996.9841975546037,2215.29,218.30580244539624
282,11.75,24.795265240260026,6.997686012934094,9.15036539692197,2.152679383987876,223.43300888527452,238.78,15.346991114725483,52.95853727452697,7.188729518804839,9.496143028129014,2.307413509324175,511.5176648126459,624.19,112.67233518735418,69.13574676745655,7.1810918731950135,10.19831524914728,3.017223375952266,873.1911914172325,894.7,21.50880858276753,1608.141865115153,1757.67,149.52813488484708
283,11.791666666666666,24.793944475219284,7.055833148346385,10.259599409452102,3.2037662611057174,332.51073567657926,203.92,0.0,52.954772734450415,7.1417223637779905,8.998382342905478,1.8566599791274871,411.56336430599345,389.77,0.0,69.13139526884912,7.16073187349791,10.146281996063268,2.985550122565358,863.9704981570598,842.46,0.0,1608.0445981396324,1436.15,0.0
284,11.833333333333334,24.793726711511795,7.078840432924422,10.67865717311919,3.5998167401947674,373.6125241506893,460.16,86.54747584931073,52.95361964292153,7.017372948631102,8.653702065790851,1.6363291171597494,362.71501496347275,424.42,61.70498503652726,69.12999704890652,7.0253714911439,9.933168269765934,2.9077967786220347,841.4529036866873,876.46,35.007096313312786,1577.7804428008494,1761.04,183.25955719915055
285,11.875,24.793946093723648,7.073268286655461,9.787753376682268,2.714485090026807,281.72950821831245,282.36,0.6304917816875673,52.95419379340098,7.0513422158760655,8.472327160833258,1.4209849449571923,314.9844114714885,291.0,0.0,69.13093579531167,7.0484240155846996,9.905112916485336,2.856688900900637,826.6746253024991,797.15,0.0,1423.3885449923,1370.51,0.0
286,11.916666666666666,24.79385621575317,7.066411096594715,9.870441856500268,2.8040307599055527,291.0221707429199,277.67,0.0,52.95405946955426,7.041323137991134,8.53441580995579,1.4930926719646562,330.9674217540159,329.31,0.0,69.1306969551807,7.041824185253671,9.912989526579848,2.8711653413261766,830.8609774459669,847.33,16.46902255403313,1452.8505699429027,1454.31,1.4594300570972791
287,11.958333333333334,24.794089658400754,7.059539789926925,9.952826944740352,2.893287154813427,300.28865882482677,301.29,1.001341175173252,52.95450384437836,7.051724581941,8.540041734495633,1.4883171525546324,329.9116214324833,322.91,0.0,69.13084141436381,7.049436067876809,9.700402065091726,2.650965997214917,767.1410526437313,805.21,38.06894735626872,1397.3413329010414,1429.41,32.06866709895871
288,12.0,24.794448332377645,7.05753976268002,9.791338081808943,2.7337983191289235,283.73972663764135,296.03,12.290273362358619,52.9553187195784,7.076234211191792,8.53769027769253,1.4614560665007374,323.96237533892634,327.25,3.2876246610736644,69.1312435353247,7.07138016646432,9.369425513948894,2.2980453474845737,665.0161425471285,719.17,54.15385745287142,1272.7182445236963,1342.4499999999998,69.73175547630353
289,12.041666666666666,24.794493804587546,7.0634837522431795,9.483095805701291,2.4196120534581116,251.13093270471887,267.84,16.709067295281102,52.955545828894834,7.099884743533694,8.525424576109673,1.4255398325759794,316.0021443674594,310.88,0.0,69.13114948977194,7.0980254909666884,9.168192724448943,2.0701672334822545,599.0711874772817,599.93,0.8588125227182672,1166.2042645494598,1178.65,12.445735450540269
290,12.083333333333334,24.794185490426912,7.073087827442107,9.419307635250172,2.3462198078080654,243.5105417600237,230.44,0.0,52.95498166167299,7.090179827191021,8.545513464137864,1.4553336369468433,322.603157110985,311.31,0.0,69.13041012321854,7.093425518785454,9.181395873854312,2.087970355068858,604.2166458207416,587.05,0.0,1170.3303446917503,1128.8,0.0
291,12.125,24.794442852415738,7.0779519071341666,9.55666697787139,2.4787150707372243,257.2646914806627,253.07,0.0,52.95548630864296,7.081769108994926,8.565773240194202,1.484004131199276,328.9616676507863,324.17,0.0,69.13047071147935,7.079625483084059,8.891509459873339,1.8118839767892796,524.3232577074657,610.37,86.0467422925343,1110.5496168389147,1187.6100000000001,77.06038316108538
292,12.166666666666666,24.79440889192179,7.081883290001711,9.396193532810374,2.314310242808663,240.20086138195387,257.91,17.709138618046154,52.95521489743504,7.097970240370452,8.32445593166061,1.2264856912901587,271.87573268686543,324.07,52.19426731313456,69.13021543963285,7.0982621467161495,8.790372566841453,1.6921104201253039,489.6613597313489,425.82,0.0,1001.7379538001683,1007.8,6.062046199831684
293,12.208333333333334,24.793290762023982,7.084125946020558,9.167275769176497,2.0831498231559387,216.19911096899983,218.39,2.190889031000154,52.95395656534512,7.044949051632261,9.320312389868183,2.2753633382359224,504.3690109305931,208.93,0.0,69.12725530184814,7.0579704205647635,8.756951089873164,1.6989806693084004,491.6284138300612,541.8,50.171586169938735,1212.1965357296542,969.1199999999999,0.0
294,12.25,24.793562305329626,7.070562952384536,9.222175579771053,2.151612627386516,223.306949298698,209.96,0.0,52.95513649932012,7.0045672472336395,9.868778477488586,2.8642112302549467,634.910280223098,794.14,159.22971977690202,69.12807415930095,7.00231662965194,8.736250767554386,1.7339341379024464,501.7487268360966,428.88,0.0,1359.9659563578925,1432.98,73.01404364210748
295,12.291666666666666,24.792415671353996,7.053129490152171,9.422406828597635,2.369277338445465,245.88609466431234,232.94,0.0,52.95317598822229,6.982742537920082,10.691922210727624,3.709179672807542,822.1841649258755,467.1,0.0,69.12511592955059,6.997361398788711,8.906058464068646,1.9086970652799353,552.2962601470816,563.1,10.803739852918397,1620.3665197372693,1263.1399999999999,0.0
296,12.333333333333334,26.419096468389828,7.020657893525618,9.734490823587482,2.713832930061864,300.1237005135716,255.32,0.0,56.42900697170515,6.82440978251206,12.32061136084624,5.49620157833418,1298.2677954026644,1173.69,0.0,73.66424964241186,6.849215913102605,9.798189777448606,2.9489738643460006,909.3413018579037,529.74,0.0,2507.7327977741397,1958.75,0.0
297,12.375,29.233911137736726,6.951236220814549,10.529621360676494,3.578385139861945,437.89826871561667,341.9,0.0,62.44136923644883,6.765220405228476,12.091334019697012,5.326113614468536,1392.1372949693407,1416.92,24.782705030659372,81.51728481370883,6.760664545099709,10.778481903709759,4.01781735861005,1371.0052583280528,1292.09,0.0,3201.0408220130103,3050.91,0.0
298,12.416666666666666,30.862895646115035,6.890123745475721,10.652529551881567,3.7624058064058463,486.0730363531117,530.91,44.83696364688825,65.9207893269834,6.844525402714161,11.936113804690372,5.091588401976211,1404.9954294534111,1351.62,0.0,86.06139059911068,6.835353433409321,10.977125149367792,4.141771715958471,1492.0856074938213,1433.61,0.0,3383.154073300344,3316.1399999999994,0.0
299,12.458333333333334,32.36875793053691,6.872729267015497,10.035529997036397,3.1628007300208996,428.54564805582606,432.19,3.644351944173934,69.13787471332455,6.934044758819642,12.150246046247577,5.2162012874279355,1509.6267795813787,1442.87,0.0,90.26264420987162,6.922138479484731,11.185160904712536,4.263022425227804,1610.737957523595,1529.83,0.0,3548.9103851607997,3404.89,0.0
300,12.5,33.41741989491547,6.898658301284409,9.979060804476989,3.0804025031925795,430.90308890252396,414.71,0.0,71.37799559743195,7.012017039443862,12.141859694070819,5.129842654626957,1532.7369125435778,1557.19,24.45308745642228,93.18828498976032,7.005216141311876,11.371169338774598,4.365953197462722,1703.0979217604283,1666.37,0.0,3666.73792320653,3638.27,0.0
301,12.541666666666666,32.31970922396056,6.9437711305524825,9.836229174538667,2.892458043986185,391.32152464044674,436.65,45.32847535955324,69.0331752458454,7.040434606036174,12.07934849334238,5.038913887306205,1456.109415654724,1485.81,29.700584345275956,90.12648898839909,7.038146775555876,11.534778234942381,4.4966314593865055,1696.4418254990744,1710.62,14.17817450092548,3543.8727657942454,3633.08,89.2072342057545
302,12.583333333333334,31.68068315879089,6.984346412971667,9.667465173133593,2.6831187601619257,355.8227058415574,336.72,0.0,67.66835784379998,7.065525497984796,12.169778331604826,5.104252833620031,1445.8293608348583,1406.51,0.0,88.34416915963786,7.062245632244214,11.584443679873605,4.522198047629391,1672.3481454211467,1655.79,0.0,3474.0002120975623,3399.02,0.0
303,12.625,31.088344092837357,7.0184972219192545,9.633990337489841,2.6154931155705867,340.3693108877933,366.05,25.68068911220672,66.40294988929222,7.071891286057317,11.996665163924298,4.924773877866981,1368.9036815356117,1467.08,98.17631846438826,86.69208050223494,7.072730341086357,11.752717583692526,4.679987242606169,1698.3348396678791,1664.59,0.0,3407.607832091284,3497.72,90.11216790871595
304,12.666666666666666,28.207407120717107,7.039525827573839,9.625083595496985,2.585557767923146,305.29285216623606,306.24,0.9471478337639496,60.248629982024916,7.060690244413189,11.51859363157339,4.457903387160201,1124.2866450048873,1254.53,130.24335499511267,78.65614083106253,7.062496497450347,12.094356935631875,5.031860438181528,1656.7632235992548,1708.33,51.566776400745084,3086.342720770378,3269.1,182.75727922962187
305,12.708333333333334,25.565261887716108,7.050298499624433,8.820901224682546,1.7706027250581124,189.48315102078766,297.92,108.43684897921236,54.60447163772415,7.114407518791232,10.608146762654716,3.493739243863484,798.5790658985031,984.56,185.9809341014968,71.28616716870992,7.094937248202778,11.956819858331633,4.861882610128855,1450.804711630211,1588.35,137.54528836978898,2438.8669285495016,2870.83,431.9630714504983
306,12.75,24.795798558601266,7.080434608791836,7.928570430390575,0.8481358215987393,88.03243805756597,76.51,0.0,52.96047660643186,7.267067044600854,9.525108791431384,2.2580417468305303,500.5910443198012,606.76,106.16895568019879,69.14008559451045,7.250787298666373,11.67577586347562,4.424988564809246,1280.6819528939343,1304.91,24.228047106065787,1869.3054352713016,1988.18,118.87456472869849
307,12.791666666666666,24.795731768963265,7.13339446293182,8.050595284036575,0.9172008211047551,95.20079794368533,94.62,0.0,52.95974722931912,7.2867518822314885,8.968347678752755,1.6815957965212665,372.79213453117853,385.34,12.547865468821442,69.13919164790958,7.285899728520273,11.15047431035751,3.8645745818372363,1118.472253258278,1247.52,129.047746741722,1586.4651857331419,1727.48,141.01481426685814
308,12.833333333333334,24.795265456368295,7.1813396681302075,8.48692329792439,1.3055836297941825,135.51041714272233,90.73,0.0,52.95822942333663,7.2640318683246345,8.653911933940012,1.3898800656153778,308.11298879688076,350.79,42.677011203119264,69.1367899644234,7.272058426221066,10.49425370187374,3.222195275652674,932.5245882560962,979.4,46.87541174390378,1376.1479941956993,1420.92,44.77200580430076
309,12.875,24.794494867756747,7.20664050035617,9.016645627281335,1.810005126925165,187.85998960704723,176.4,0.0,52.95590039408754,7.179027070089801,8.319542150205038,1.1405150801152368,252.82185447652893,255.06,2.2381455234710756,69.13363501562576,7.192816079918851,10.077061693284996,2.8842456133661454,834.6816334560556,876.01,41.32836654394441,1275.3634775396317,1307.47,32.106522460368296
310,12.916666666666666,24.794429172990164,7.202065492130456,8.545658189410002,1.3435926972795462,139.45078807860637,195.28,55.829211921393636,52.95578723276166,7.13007772046774,8.214181420665494,1.0841037001977538,240.316438612469,240.05,0.0,69.13293266241902,7.132834520291241,9.701098067517572,2.568263547226331,743.2309593807457,783.75,40.51904061925427,1122.9981860718212,1219.08,96.08181392817869
311,12.958333333333334,24.794861433576365,7.186204799040095,7.772189926896569,0.5859851278564747,60.82015231815612,77.89,17.069847681843882,52.95708833304905,7.161483873680568,8.190477129593306,1.028993255912738,228.10554952496219,230.03,1.9244504750378155,69.13387754847848,7.1545356369491735,9.309020564096699,2.154484927147525,623.4958974006619,692.55,69.05410259933808,912.4215992437802,1000.47,88.04840075621985
312,13.0,24.795240671197693,7.179884952454566,7.732401433292782,0.5525164808382161,57.347275384543764,38.0,0.0,52.95782282541361,7.202222101984369,8.063789464168654,0.8615673621842843,190.99349897453797,215.54,24.54650102546202,69.13384509883417,7.19678398618754,8.731120391389641,1.5343364052021018,444.0281724851911,543.04,99.01182751480889,692.3689468442728,796.5799999999999,104.21105315572709
313,13.041666666666666,24.794653385096876,7.183886474614237,7.821362493389929,0.6374760187756916,66.16390313581411,71.59,5.426096864185894,52.95645096625444,7.187890816931936,8.028058046266798,0.8401672293348623,186.24466182607486,155.25,0.0,69.13139549589398,7.195712020683075,8.380925056665063,1.1852130359819881,342.98171474098916,331.76,0.0,595.3902797028782,558.6,0.0
314,13.083333333333334,24.794299588366332,7.181098228956033,7.747282679951108,0.5661844509950749,58.763682924432274,55.27,0.0,52.955753720245525,7.132962413213777,8.03577807588244,0.9028156626686634,200.12966235124154,206.42,6.290337648758452,69.13018829348522,7.1386315689170345,8.235267762626016,1.0966361937089815,317.3434502224741,340.75,23.406549777525925,576.2367954981479,602.44,26.203204501852156
315,13.125,24.794413964520643,7.168268214175851,7.749385815349821,0.58111760117397,60.31385695030373,56.87,0.0,52.95596494564412,7.1250288306453005,8.012756468705982,0.8877276380606816,196.7858428346139,182.84,0.0,69.12978277757225,7.125019216536339,7.870217995965286,0.7451987794289465,215.6435889252747,280.01,64.36641107472528,472.74328871019236,519.72,46.97671128980767
316,13.166666666666666,24.794334957770513,7.155194116053384,7.998918372764557,0.8437242567111731,87.56936955248919,58.38,0.0,52.95571480677681,7.1199963784642595,8.072363115230427,0.9523667367661677,211.1136318170783,199.91,0.0,69.12848755375103,7.122452113471593,7.41054245716699,0.288090343695397,83.36523540537401,136.16,52.79476459462599,382.0482367749415,394.45000000000005,12.401763225058573
317,13.208333333333334,24.793248852310377,7.140580022985643,7.970373987810548,0.8297939648249057,86.11978468168184,112.1,25.98021531831816,52.954184903092695,7.057154610832975,8.911074367048553,1.8539197562155776,410.9513808438462,211.58,0.0,69.12494276901914,7.071705180031418,7.167174900356844,0.09546972032542644,27.624832860059968,14.32,0.0,524.695998385588,338.0,0.0
318,13.25,24.793472652546946,7.112163379093046,8.059569819071097,0.9474064399780513,98.32702883461303,54.46,0.0,52.95497939890364,7.010911219061794,9.189767732944363,2.178856513882569,482.986129359156,603.04,120.05387064084397,69.12554683939194,7.009859112480029,7.12459454273481,0.11473543025478072,33.19979121348645,24.58,0.0,614.5129494072555,682.08,67.56705059274452
319,13.291666666666666,24.79301956844719,7.082938681199216,8.643883469959947,1.5609447887607315,162.00043822494186,137.88,0.0,52.95360217509735,7.005534549132194,9.121604817346249,2.116070268214055,469.0561316575404,353.52,0.0,69.12384281879967,7.013397295620677,7.12997836650481,0.11658107088413328,33.73301335898493,25.57,0.0,664.7895832414672,516.97,0.0
320,13.333333333333334,24.790131063956707,7.0489175486769415,9.393231623754478,2.344314075077536,243.27296139578482,182.04,0.0,52.94800713977369,6.8366159418972545,10.074327048593203,3.237711106695948,717.6074484231049,577.1,0.0,69.11754723508452,6.875568832167805,8.259173092339744,1.3836042601719383,400.3127591305127,25.6,0.0,1361.1931689494024,784.74,0.0
321,13.375,24.790332813896914,6.974283921980435,9.513292408571868,2.539008486591433,263.4788345640247,301.82,38.34116543597531,52.94881370561089,6.67859303105595,10.63326190360968,3.9546688725537305,876.5275763253449,852.65,0.0,69.12015528112939,6.680009402199419,9.28221336979485,2.6022039675954307,752.9138113237548,764.52,11.60618867624521,1892.9202222131244,1918.99,26.069777786875648
322,13.416666666666666,24.79177152090043,6.896805253096343,9.171081542008,2.2742762889116577,236.02065341259504,220.79,0.0,52.95230099302434,6.81355468540357,10.96408820637109,4.150533520967519,920.0003369884438,894.79,0.0,69.12470945484836,6.793859962753326,9.406622147019105,2.6127621842657787,756.0185028442772,731.43,0.0,1912.0394932453162,1847.0099999999998,0.0
323,13.458333333333334,24.791989516680115,6.863933716765861,9.315567819329749,2.4516341025638875,254.4287928543243,247.65,0.0,52.95285457204702,6.875438604058325,11.215514613043666,4.340076008985341,962.0240658965142,939.45,0.0,69.12584182471309,6.869346747093298,9.71190511352379,2.8425583664304916,822.5248887044183,771.14,0.0,2038.9777474552568,1958.2400000000002,0.0
324,13.5,24.79273577398398,6.860503894345471,9.224582247713196,2.3640783533677245,245.34970626947617,257.66,12.310293730523853,52.954480575910175,6.922981896901721,11.217739751751102,4.294757854849381,952.0080464923686,978.68,26.671953507631315,69.12816614071913,6.911918031233039,9.80874594137602,2.8968279101429815,838.256550809684,865.17,26.913449190315987,2035.6143035715286,2101.5099999999998,65.89569642847118
325,13.541666666666666,24.793176445400974,6.879467347291011,9.025505384326303,2.146038037035292,222.72491938923278,229.08,6.3550806107672315,52.95539721156492,6.994001457387567,11.031447981812347,4.03744652442478,894.9859903878402,918.92,23.934009612159798,69.12964164793279,6.986067531580267,9.872205771502527,2.8861382399222597,835.1811017115182,802.21,0.0,1952.892011488591,1950.21,0.0
326,13.583333333333334,24.792924271094,6.911860366039163,8.993333345597605,2.081472979558442,216.02188698162428,212.33,0.0,52.95480647463235,7.002495493568697,10.884365233972435,3.8818697404037383,860.489484371728,864.44,3.950515628272001,69.12950883954016,7.003981483738906,10.20947020973495,3.2054887259960445,927.5919030618545,859.41,0.0,2004.103274415207,1936.1799999999998,0.0
327,13.625,24.793104204477096,6.9398348636674525,8.946766881477352,2.0069320178098993,208.28730048013767,215.8,7.512699519862338,52.95515496143989,6.999536597416986,10.762449778200871,3.762913180783885,834.1260133900643,850.01,15.883986609935732,69.13031031028339,6.996988783308511,10.408597447535719,3.4116086642272077,987.2495376655548,987.61,0.36046233444517384,2029.6628515357565,2053.42,23.757148464243528
328,13.666666666666666,24.79396450586633,6.963898199277641,8.549773203491783,1.5858750042141425,164.59405817403632,196.58,31.985941825963693,52.95697851744187,7.057361830167479,10.439668156524636,3.382306326357157,749.7826044215752,811.62,61.837395578424776,69.13278772862446,7.044895633185578,10.271064448931611,3.226168815746033,933.6205078310292,978.33,44.70949216897088,1847.9971704266409,1986.5300000000002,138.53282957335932
329,13.708333333333334,24.79480157144092,6.998366777268715,8.115848491719266,1.117481714450551,115.98458862878985,127.57,11.585411371210142,52.95840157907851,7.148837942565502,9.69322134114706,2.544383398581558,564.0487560424303,680.77,116.72124395756964,69.13515459109244,7.135290638234097,10.06302264747796,2.9277320092438623,847.2849323826841,879.92,32.635067617315826,1527.3182770539042,1688.2599999999998,160.94172294609552
330,13.75,24.794844862228747,7.046156215372666,8.102121350776585,1.0559651354039188,109.59991030753099,99.3,0.0,52.95762291604776,7.191900933876461,8.81317567622062,1.6212747423441591,359.40517309289555,438.7,79.29482690710444,69.13510021851803,7.189903177561814,9.961688830941311,2.7717856533794967,802.1534640036674,805.45,3.2965359963326364,1271.158547404094,1343.45,72.2914525959061
331,13.791666666666666,24.794202492656186,7.0900714149912565,8.159932850180226,1.0698614351889697,111.0393474103839,115.15,4.110652589616109,52.95587093478189,7.156198270855105,8.481468888286766,1.325270617431661,293.77707899876776,269.92,0.0,69.1331270909007,7.164782766192214,9.911548633112734,2.7467658669205193,794.8900626276753,789.53,0.0,1199.706489036827,1174.6,0.0
332,13.833333333333334,24.794085954893017,7.1126731526136,7.994530455182484,0.8818573025688838,91.52624435070281,101.92,10.39375564929719,52.9557187603133,7.116832593701414,8.491202544497373,1.374369950795959,304.66021358508334,307.73,3.0697864149166776,69.13255196286322,7.119378292295441,9.7308950562965,2.611516764001059,755.743865777156,790.86,35.11613422284404,1151.930323712942,1200.51,48.579676287057964
333,13.875,24.794143712222706,7.119777149711873,8.053067146088695,0.9332899963768222,96.86456867232144,75.81,0.0,52.95573806572953,7.119696637929519,8.402744016166162,1.2830473782366427,284.4166016364172,291.59,7.1733983635827485,69.13211710336282,7.11992920008484,9.446948838339674,2.327019638254834,673.409330243493,710.62,37.21066975650706,1054.6905005522317,1078.02,23.329499447768285
334,13.916666666666666,24.79398095784268,7.12080223564574,8.382468202844262,1.261665967198522,130.94528814916666,113.21,0.0,52.955031357526316,7.101842933836574,8.23640654485537,1.1345636110187964,251.49844479177582,267.02,15.521555208224157,69.13086629487701,7.105600935202884,9.180274753321791,2.0746738181189075,600.3728569920507,625.44,25.067143007949312,982.8165899329932,1005.6700000000001,22.85341006700685
335,13.958333333333334,24.793672046875663,7.114706374629326,8.475962029372383,1.361255654743057,141.27970298988916,144.22,2.9402970101108394,52.954201105630716,7.070414091329174,8.167311169281094,1.0968970779519198,243.1451012053749,225.36,0.0,69.12954447575073,7.075901480375935,9.019258897795488,1.9433574174195538,562.3615269008205,563.95,1.5884730991795095,946.7863310960846,933.5300000000001,0.0
336,14.0,24.793904075925678,7.101459070692315,8.031799200045462,0.930340129353147,96.55747379074577,133.59,37.03252620925423,52.95485909287456,7.063186419112966,8.145382278456644,1.0821958593436785,239.88931740884038,250.53,10.640682591159617,69.13014597426513,7.060125331303989,8.873962871515703,1.813837540211714,524.8861145444406,549.23,24.343885455559416,861.3329057440268,933.35,72.01709425597323
337,14.041666666666666,24.794124774987303,7.0922334983621065,7.906416695878534,0.8141831975164271,84.50261367642089,53.74,0.0,52.95539597438144,7.098364450760783,8.105883190698444,1.0075187399376615,223.33797631148641,218.62,0.0,69.13045254079032,7.0947983708213505,8.649076085836798,1.5542777150154476,449.7770007095672,488.54,38.762999290432845,757.6175906974745,760.9000000000001,3.2824093025255934
338,14.083333333333334,24.79412903670294,7.091363701555257,8.061218469418145,0.9698547678628886,100.65950403760941,110.61,9.95049596239059,52.955341471844605,7.096449342465684,8.155022353744368,1.0585730112786838,234.65500086360237,217.4,0.0,69.12964401103999,7.096867817425458,8.307533902514844,1.210666085089387,350.3385441928702,398.23,47.89145580712983,685.653049094082,726.24,40.586950905918
339,14.125,24.793819995230848,7.092026830103795,7.944961595851671,0.8529347657478761,88.52348125373959,85.47,0.0,52.954710468306274,7.0860289516989665,8.134058955589397,1.0480300038904309,232.31515300023216,241.46,9.14484699976785,69.12873736892108,7.089996185034759,8.254778220054698,1.1647820350199387,337.05634908243627,288.67,0.0,657.894983336408,615.6,0.0
340,14.166666666666666,24.793799297322412,7.088471665557061,8.075918496946713,0.9874468313896516,102.48399010809881,86.46,0.0,52.95470337826735,7.062081722648023,8.222207770987096,1.1601260483390723,257.16327140823074,212.43,0.0,69.12827477045485,7.063347629528651,8.078065922415568,1.0147182928869176,293.6300047047195,372.22,78.58999529528052,653.2772662210491,671.11,17.83273377895091
341,14.208333333333334,24.793585586962656,7.081421507837643,8.296560039451863,1.2151385316142207,126.1143059945216,113.75,0.0,52.95431198898949,7.052964650698438,8.426732494188043,1.3737678434896052,304.51865310149304,291.9,0.0,69.1270239562995,7.0570286739636865,7.834226225488451,0.7771975515247647,224.8943308520424,200.52,0.0,655.527289948057,606.17,0.0
342,14.25,24.793340816512746,7.070474993472566,7.99391575676002,0.923440763287454,95.83923004384272,133.87,38.030769956157286,52.95414086496737,7.021594340144386,8.664026357986826,1.6424320178424399,364.07139095256144,307.25,0.0,69.1265651258924,7.024466790726962,7.868688265554321,0.8442214748273598,244.28713536274313,234.85,0.0,704.1977563591473,675.97,0.0
343,14.291666666666666,24.79297025527062,7.056123363629017,7.8873516394808165,0.8312282758517995,86.26767460698143,52.0,0.0,52.954065096175626,7.010750414148078,9.242584156766707,2.2318337426186288,494.7210256498997,411.97,0.0,69.1258721884414,7.014807004106042,7.945368409343385,0.9305614052373432,269.2680866374516,239.38,0.0,850.2567868943327,703.35,0.0
344,14.333333333333334,24.791055753701126,7.036540916418221,8.874037178932959,1.8374962625147377,190.68683501104817,115.95,0.0,52.95059282566359,6.900125704694616,10.427524189261844,3.527398484567228,781.8520419663022,569.95,0.0,69.12095616789973,6.926839420002644,8.42351563649229,1.4966762164896457,433.0487791853737,285.18,0.0,1405.587656162724,971.0800000000002,0.0
345,14.375,24.790320780274133,6.986833747622139,9.472082284670423,2.4852485370482835,257.89991398063273,262.52,4.62008601936725,52.94942062762479,6.7476212472745445,11.465179453336516,4.717558206061971,1045.629202276896,989.03,0.0,69.1199337893238,6.761548236266693,9.112392579743178,2.350844343476485,680.1839996792428,569.15,0.0,1983.7131159367714,1820.6999999999998,0.0
346,14.416666666666666,24.790198275876154,6.917814761570222,9.407409981242026,2.489595219671804,258.3497024861046,249.52,0.0,52.9494662279029,6.73290744777148,11.858975938188419,5.126068490416938,1136.1749634782318,1096.86,0.0,69.12150505471439,6.735073683191137,10.100744873795975,3.3656711906048375,973.8321208833806,781.5,0.0,2368.356786847717,2127.88,0.0
347,14.458333333333334,24.790899729704652,6.85792678896369,9.211718818729619,2.3537920297659287,244.26407650619845,263.66,19.395923493801575,52.951135898362814,6.7552454423715105,11.94671807714937,5.19147263477786,1150.7078453644126,1170.11,19.402154635587294,69.12481528680682,6.744705826105603,10.987640805997213,4.24293497989161,1227.7207170329184,1159.28,0.0,2622.6926389035298,2593.05,0.0
348,14.5,25.230155457882187,6.826497079077772,8.918774469277551,2.0922773901997793,220.97259325273978,220.72,0.0,53.88943283512111,6.856021247605137,11.65780628778743,4.801785040182293,1083.1922675149283,1125.46,42.26773248507175,70.35119317369892,6.84181142347934,11.673834172738914,4.832022749259574,1422.9828366601055,1288.97,0.0,2727.1476974277734,2635.15,0.0
349,14.541666666666666,28.203798917111026,6.831948668000155,9.132306062101424,2.300357394101269,271.58272955570106,216.8,0.0,60.24113747022151,6.928702667737838,11.224326085361932,4.295623417624094,1083.224786078363,1033.14,0.0,78.64672737699917,6.919034684154932,12.166798924595918,5.247764240440986,1727.6437581684606,1550.58,0.0,3082.4512738025246,2800.52,0.0
350,14.583333333333334,29.499268482790228,6.864455618957543,9.481250762135666,2.6167951431781225,323.1321688760033,322.31,0.0,63.00826124255339,6.967498405388381,11.338365829469367,4.370867424080987,1152.8275667636742,1118.66,0.0,82.26002674498895,6.964395004839313,12.062108768708478,5.097713763869166,1755.34916333978,1891.74,136.39083666021997,3231.308898979458,3332.71,101.40110102054223
351,14.625,28.198186609114096,6.901188458092609,9.28279472235653,2.3816062642639206,281.1191093602583,316.81,35.690890639741724,60.2292640971981,6.985902406358501,11.652476320886048,4.6665739145275476,1176.5352130759554,1171.98,0.0,78.63052438028733,6.983448639652626,11.94183906241384,4.958390422761213,1632.041192154082,1602.71,0.0,3089.6955145902957,3091.5,1.8044854097042844
352,14.666666666666666,26.445866799319727,6.934132718676554,8.576112121165835,1.641979402489281,181.7710580150077,238.83,57.058941984992316,56.4862255974127,7.0363056246553635,11.263127593412268,4.226821968756904,999.4377199366486,1169.79,170.35228006335137,73.74316212382523,7.02476594891665,12.12308362438001,5.098317675463361,1573.7939560453187,1646.77,72.97604395468124,2755.0027339969747,3055.39,300.38726600302516
353,14.708333333333334,24.794807619403194,6.973246298891499,8.325330480101876,1.352084181210377,140.33425672485137,120.31,0.0,52.959025718146634,7.144949639203881,10.439117934850943,3.2941682956470615,730.2725794452722,823.96,93.68742055472785,69.13736882988033,7.126618645444264,11.796475932145723,4.669857286701459,1351.4988485384583,1489.09,137.59115146154159,2222.105684708582,2433.3599999999997,211.2543152914177
354,14.75,24.79524593105483,7.029570309005534,8.250042660853953,1.2204723518484197,126.67636411813879,156.06,29.38363588186121,52.95938145543746,7.223624454512036,9.723167096756198,2.499542642244162,554.1185362183442,628.97,74.85146378165587,69.13778321160937,7.216125844646071,11.187563159994092,3.9714373153480205,1149.3766938074566,1204.52,55.14330619254338,1830.1715941439395,1989.55,159.37840585606045
355,14.791666666666666,24.794965863690372,7.089637973890872,8.429093734372605,1.3394557604817336,139.0244267616867,91.99,0.0,52.958154379983824,7.225238566438543,9.16190030728594,1.9366617408473967,429.32466366478906,470.92,41.59533633521096,69.13634921054282,7.228882924772867,10.742495520952733,3.5136125961798665,1016.8562023840627,1084.97,68.1137976159373,1585.2052928105386,1647.88,62.674707189461515
356,14.833333333333334,24.794364161784948,7.132231990055352,8.522412670661257,1.390180680605905,144.2857523469689,182.25,37.964247653031094,52.95647194758945,7.168273165873777,8.896275830765385,1.7280026648916076,383.05635857942565,378.49,0.0,69.13406579151166,7.17785087708369,10.401692495301933,3.223841618218243,932.964287948822,939.16,6.19571205117802,1460.3063988752165,1499.9,39.59360112478362
357,14.875,24.794254142600007,7.148510326550796,8.097610216833184,0.9490998902823877,98.50588918836702,101.0,2.4941108116329787,52.95633739710625,7.13857096864433,8.777825492793067,1.639254524148737,363.38212095507646,378.36,14.977879044923554,69.13380840112308,7.140431593696454,10.210280185142633,3.0698485914461786,888.3961376935091,917.63,29.23386230649089,1350.2841478369526,1396.99,46.70585216304744
358,14.916666666666666,24.794148967325874,7.150299009399063,8.036576582276487,0.8862775728774235,91.98524933259945,90.89,0.0,52.956062329696536,7.13244355628899,8.690451138234682,1.5580075819456916,345.36989254987924,338.83,0.0,69.13326248500054,7.134109785438334,9.990996095425189,2.8568863099868542,826.7595766679148,849.94,23.180423332085297,1264.1147185503935,1279.66,15.545281449606591
359,14.958333333333334,24.794043378758747,7.145848200297972,8.000386752744367,0.8545385524463951,88.69073241721155,87.96,0.0,52.95586276572054,7.118844142430735,8.699209387030926,1.5803652446001912,350.32468658342214,342.36,0.0,69.13253308802571,7.120678340737006,9.759206118603625,2.63852777786662,763.5603438848653,794.27,30.709656115134635,1202.575762885499,1224.59,22.01423711450093
360,15.0,24.794569360758395,7.138773261746841,7.918405342634143,0.7796320808873025,80.91806617894095,84.26,3.341933821059058,52.95689138547844,7.133854121991563,8.583960717045763,1.4501065950541996,321.45607337261197,348.8,27.343926627388043,69.13300077497222,7.12795173407451,9.248491603819769,2.120539869745259,613.6646047431071,722.95,109.28539525689291,1016.0387442946601,1156.01,139.9712557053399
361,15.041666666666666,24.79435983558792,7.138602405288786,7.9721077309868775,0.8335053256980913,86.50884284141368,72.27,0.0,52.95631265883316,7.152098320419518,8.515462550185363,1.3633642297658453,302.22393576739637,284.09,0.0,69.13146416306638,7.155014355148119,8.817330790495037,1.6623164353469173,481.048292959929,492.59,11.541707040071003,869.781071568739,848.9499999999999,0.0
362,15.083333333333334,24.794227811256988,7.138557089367753,7.707843793670455,0.5692867043027023,59.08549145357415,95.82,36.73450854642584,52.956141350389615,7.118329544244521,8.53824071890674,1.4199111746622197,314.7579686195374,310.5,0.0,69.13072097615105,7.120202810200549,8.570055655963165,1.4498528457626154,419.560153439438,457.17,37.609846560562005,793.4036135125496,863.49,70.08638648745045
363,15.125,24.79415972413062,7.134625716723765,7.70683971180184,0.5722139950780747,59.389147886799556,16.24,0.0,52.956039580734924,7.124285191891913,8.535945152233293,1.41165996034138,312.9282841941013,309.18,0.0,69.13008866174533,7.125636437148737,8.315387262761611,1.1897508256128742,344.2883701311713,368.87,24.581629868828713,716.6058022120721,694.29,0.0
364,15.166666666666666,24.793905163722926,7.1289455758924225,7.999787691370903,0.8708421154784807,90.38234058421456,97.88,7.497659415785435,52.95523075571987,7.090899263254335,8.4583565729818,1.3674573097274658,303.12507677450515,306.8,3.674923225494865,69.12873057565157,7.0957784424006265,8.113148713931833,1.017370271531207,294.3993514491558,306.04,11.640648550844219,687.9067688078756,710.72,22.813231192124476
365,15.208333333333334,24.793170703648002,7.1165338771678135,7.739791606074207,0.6232577289063936,64.68431261989357,77.59,12.905687380106428,52.95447486320916,7.050057231739694,9.15686341589702,2.1068061841573256,467.01031609488473,289.41,0.0,69.12656725269169,7.059497969811462,7.971486749199161,0.9119887793876993,263.8965483548962,268.71,4.8134516451037825,795.5911770696746,635.71,0.0
366,15.25,24.793217471213318,7.09419719343243,7.7808877365060845,0.6866905430736541,71.26777172179496,46.14,0.0,52.955030914784295,7.014504444741813,9.5549768172659,2.5404723725240865,563.1458996033549,637.67,74.52410039664505,69.12678179279182,7.014724246604434,7.971476562269969,0.9567523156655353,276.85035501022423,244.78,0.0,911.2640263353741,928.5899999999999,17.32597366462585
367,15.291666666666666,24.79320904970626,7.071265155056293,7.87162912174891,0.8003639666926174,83.06527252067238,91.5,8.43472747932762,52.95473237493985,7.0231616343011645,9.344308736077725,2.3211471017765604,514.5252188951849,480.34,0.0,69.12691580466473,7.023717443417847,8.099250004982766,1.075532561564919,311.2217695959903,295.05,0.0,908.8122610118476,866.8899999999999,0.0
368,15.333333333333334,24.791152653994658,7.050907886612034,8.458057551144625,1.4071496645325912,146.0280329199021,69.24,0.0,52.9510320844025,6.930379592440008,10.408459479246348,3.4780798868063405,770.9269117737722,540.95,0.0,69.12195145793497,6.957369581746457,8.623917991835619,1.6665484100891614,482.2065977825605,313.72,0.0,1399.161542476235,923.9100000000001,0.0
369,15.375,24.79088491646855,7.003954849780902,9.152122665145752,2.1481678153648502,222.92535085099337,219.54,0.0,52.95067018752635,6.784300062039531,11.184466769126516,4.400166707086985,975.3035746587273,996.23,20.92642534127276,69.12186466768713,6.792515881040696,9.145875652703696,2.3533597716629995,680.9308251162118,639.52,0.0,1879.1597506259327,1855.29,0.0
370,15.416666666666666,24.7915065488838,6.944418769284985,9.149229238946692,2.204810469661707,228.80915940542891,222.38,0.0,52.951885852484494,6.8302223088404705,11.05415571140698,4.223933402566509,936.2626920496957,948.21,11.947307950304321,69.12441820411823,6.823250569894952,9.5703140886582,2.747063518763248,794.8760551728632,712.16,0.0,1959.9479066279878,1882.75,0.0
371,15.458333333333334,24.79134575979089,6.904791255583565,9.905436666420295,3.0006454108367295,311.39669857649307,231.42,0.0,52.95119624766872,6.837520685690949,11.060084119939365,4.222563434248416,935.9468403244434,918.14,0.0,69.12435656068182,6.8399478049984666,9.999003951736265,3.1590561467377984,914.0872904969797,868.83,0.0,2161.430829397916,2018.3899999999999,0.0
372,15.5,24.791183498746896,6.876479418453038,10.33471498717896,3.4582355687259225,358.88148824201977,389.55,30.66851175798024,52.95048788945625,6.80377104386456,10.957104034815119,4.153332990950559,920.5893404851331,947.78,27.190659514866866,69.12419884965823,6.807557921235156,10.5315304596411,3.7239725384059446,1077.5459640172678,951.28,0.0,2357.016792744421,2288.6099999999997,0.0
373,15.541666666666666,24.79158473066237,6.852860942319432,10.247469506049539,3.394608563730107,352.28424034592547,324.66,0.0,52.951361961100766,6.821128048445243,10.959565212177699,4.138437163732456,917.3028113033467,887.07,0.0,69.12590973658625,6.8159975132124275,10.987252733735238,4.17125522052281,1206.9988244548508,1196.66,0.0,2476.585876104123,2408.3900000000003,0.0
374,15.583333333333334,24.79183841116408,6.841854553174843,10.411543016083318,3.5696884629084744,370.4573981589103,377.43,6.972601841089727,52.95198457757614,6.851176127764658,11.224842605473526,4.373666477708868,969.4538229971758,941.74,0.0,69.12676601836773,6.847266618096249,11.192998934125317,4.345732316029068,1257.5012782582824,1209.51,0.0,2597.4124994143685,2528.6800000000003,0.0
375,15.625,24.79231234436662,6.8431748816427715,10.533731663026645,3.690556781383873,383.00826897421354,360.42,0.0,52.95295700275309,6.885032285960139,11.220041350325033,4.335009064364894,960.9027824055223,991.34,30.437217594477715,69.12830604315647,6.878238120404575,11.403581388667789,4.525343268263214,1309.5035100735333,1297.91,0.0,2653.414561453269,2649.67,0.0
376,15.666666666666666,24.79380576225586,6.8578208906846925,9.944555802902808,3.086734912218116,320.3625579011179,403.09,82.72744209888208,52.955823525022986,6.975581515610218,10.467006572794952,3.4914250571847347,773.9549365037883,924.06,150.10506349621164,69.13268481024404,6.954359492004372,11.41729450491149,4.462935012907119,1291.5261687047605,1313.25,21.723831295239506,2385.8436631096665,2640.3999999999996,254.5563368903331
377,15.708333333333334,24.795306254525272,6.901086860444616,8.888155515869459,1.9870686554248422,206.24411895007182,232.95,26.705881049928166,52.95871396438408,7.14574689049575,9.47542277865341,2.3296758881576602,516.4546108149194,616.08,99.62538918508062,69.13726049020124,7.120809118651832,11.205916418490347,4.085107299838515,1182.2650717960325,1261.6,79.33492820396737,1904.9638015610237,2110.63,205.66619843897638
378,15.75,24.79539581922573,6.976190837965525,9.13662775787395,2.160436919908424,224.2393675607103,175.0,0.0,52.95829796626824,7.2246132307763276,8.927470712596458,1.7028574818201303,377.4952963737141,408.01,30.514703626285893,69.13684552811638,7.220680424324368,10.74568059186877,3.525000167544401,1020.1591432054453,1093.84,73.68085679455464,1621.8938071398698,1676.85,54.95619286013016
379,15.791666666666666,24.794657803589597,7.049639706820141,9.28972609998301,2.240086393162869,232.49954693162724,270.51,38.010453068372755,52.95642082512859,7.1765236643680765,8.773773672212528,1.5972500078444511,354.071318018976,337.4,0.0,69.13421385545631,7.186647026637877,10.449001230709028,3.2623542040711513,944.111667404277,936.92,0.0,1530.68253235488,1544.83,14.147467645119832
380,15.833333333333334,24.79449833785279,7.093781285368482,9.042218722549887,1.948437437181405,202.22787354677243,190.0,0.0,52.956151316405766,7.138565360857043,8.68678483389654,1.5482194730394978,343.20069925260566,361.32,18.119300747394334,69.13375230222242,7.1414694619195025,10.268026155020763,3.1265566931012607,904.8063947711004,942.25,37.44360522889963,1450.2349675704786,1493.57,43.335032429521334
381,15.875,24.794391948629563,7.114758597654658,9.187075926749648,2.0723173290949894,215.0844161445837,210.57,0.0,52.955706287853914,7.126297901015379,8.55465229619677,1.4283543951813904,316.6270132484352,315.29,0.0,69.13295500137677,7.12893724642148,9.985780223402525,2.856842976981045,826.7433593316143,858.09,31.346640668385703,1358.4547887246333,1383.95,25.495211275366728
382,15.916666666666666,24.79433767391819,7.121736841601284,9.366782711574041,2.245045869972757,233.0112846973583,215.68,0.0,52.95539193950534,7.109179690444158,8.468652095813917,1.3594724053697593,301.3559755238481,308.1,6.744024476151935,69.13199032081297,7.111459010160903,9.649806251746263,2.5383472415853596,734.5634531746878,786.01,51.446546825312225,1268.9307133958941,1309.79,40.85928660410582
383,15.958333333333334,24.79423499679237,7.119819164716625,9.24658755458718,2.1267683898705547,220.7344576838503,246.81,26.075542316149694,52.95510130202647,7.095223353325765,8.402543931258666,1.3073205779329014,289.7938231714332,284.54,0.0,69.13117688592087,7.097354057100234,9.394206302647484,2.2968522455472504,664.6702378604077,672.8,8.12976213959223,1175.198518715691,1204.15,28.95148128430901
384,16.0,24.794357996118634,7.11356084938076,8.994880153017508,1.8813193036367482,195.26059268091691,190.22,0.0,52.95554930213761,7.097373395027501,8.45117897039955,1.353805575372049,300.1006938964282,284.98,0.0,69.13117388254462,7.095626728078603,9.130097842416395,2.0344711143377925,588.7415454609608,645.9,57.15845453903921,1084.102832038306,1121.1,36.997167961694004
385,16.041666666666668,24.794591740209246,7.1093958963724395,9.063943649657526,1.9545477532850866,202.8628260435649,196.19,0.0,52.95602425102943,7.112716424395552,8.476262793843143,1.3635463694475902,302.2626654285427,305.36,3.0973345714573384,69.13086857585952,7.1102849714432805,8.680548263738375,1.5702632922950945,454.4056429003763,519.92,65.51435709962368,959.5311343724838,1021.47,61.93886562751618
386,16.083333333333332,24.794623194516987,7.109911938375117,9.033358699261852,1.9234467608867352,199.6351022903908,205.53,5.894897709609211,52.95598616842297,7.11965611612494,8.398305175856724,1.2786490597317837,283.4429423630782,289.16,5.7170576369218224,69.13017503495198,7.119612477201448,8.305496255444787,1.1858837782433387,343.16975833224814,375.95,32.78024166775185,826.247802985717,870.6400000000001,44.392197014283056
387,16.125,24.794222629740236,7.11138982034886,9.381526620512231,2.270136800163371,235.61435645638528,189.48,0.0,52.95491323889859,7.097188336437066,8.352745200179761,1.2555568637426955,278.3183694341879,267.51,0.0,69.12838663581006,7.10375640921447,8.081113131903354,0.9773567226888842,282.81910900231054,296.66,13.840890997689485,796.7518348928838,753.6500000000001,0.0
388,16.166666666666668,24.794192361044892,7.104699409901095,9.604381992119096,2.499682582218001,259.43827874628846,278.76,19.32172125371153,52.95480449574281,7.0557763840362755,8.509166495057338,1.4533901110210623,322.1712587291061,278.97,0.0,69.12721902974565,7.05872691256324,7.655352604537082,0.5966256919738422,172.64351148053737,254.8,82.15648851946264,754.253048955932,812.53,58.27695104406803
389,16.208333333333332,24.79436260356787,7.092543027564548,9.253636935928913,2.161093908364365,224.29821189047965,236.15,11.851788109520356,52.95555230865009,7.068790593605203,8.759131785674542,1.6903411920693392,374.7012146277688,355.95,0.0,69.12708970380427,7.066700812059581,7.247685523979882,0.18098471192030097,52.3708216970906,74.83,22.4591783029094,651.3702482153391,666.9300000000001,15.559751784660989
390,16.25,24.793862141261116,7.083924923339679,8.974642885374358,1.890717962034679,196.23214728753308,208.29,12.05785271246691,52.95518250524767,7.0555502606078715,9.303655622339042,2.24810536173117,498.33840121419877,384.3,0.0,69.12570296292054,7.060585807076698,7.144523637354403,0.08393783027770585,24.288266735816876,13.62,0.0,718.8588152375487,606.21,0.0
391,16.291666666666668,24.793873452884583,7.072845374463875,8.867395236988376,1.7945498625245007,186.25122343381182,179.76,0.0,52.95574274753899,7.0351917521102685,9.714004511119688,2.6788127590094195,593.8197619360085,605.17,11.350238063991469,69.12586616537783,7.034821542675335,7.124530933946024,0.08970939127068878,25.958388022725043,18.61,0.0,806.0293733925453,803.54,0.0
392,16.333333333333332,24.791155184699047,7.0585096362359305,9.345013370441837,2.2865037342059065,237.28369843671715,188.57,0.0,52.95037103188161,6.9323326602192905,10.473404255537632,3.541071595318342,784.8794154872493,575.04,0.0,69.12030182581722,6.9669678913692,8.262859988386285,1.2958920970170853,374.95028775363784,16.98,0.0,1397.1134016776043,780.5899999999999,0.0
393,16.375,24.790470511825255,7.007261931106895,9.574025312742732,2.5667633816358366,266.36050427083364,283.05,16.689495729166367,52.94946976595184,6.7359316174566075,11.293564471675369,4.557632854218761,1010.1832812765506,989.88,0.0,69.12108522771912,6.747587308367273,9.584556461904139,2.8369691535368657,820.8511025170334,722.09,0.0,2097.3948880644175,1995.02,0.0
394,16.416666666666668,24.790818674410136,6.93484166165871,9.335822151459897,2.4009804898011877,249.16023043903382,245.76,0.0,52.950587563562685,6.778848903234063,11.58249936742005,4.803650464185988,1064.7346954168395,1024.81,0.0,69.12389343320426,6.774125520828066,10.588140240593821,3.8140147197657557,1103.5951439168093,911.1,0.0,2417.4900697726825,2181.67,0.0
395,16.458333333333332,24.791721545943034,6.882598837825622,9.154947545716041,2.272348707890419,235.82013685957318,248.86,13.039863140426831,52.95291712799793,6.823881448607911,11.988383201421323,5.164501752813412,1144.7681638948025,1099.16,0.0,69.12727017783975,6.809681955328344,11.1131479172726,4.303465961944257,1245.2799719007878,1289.56,44.28002809921213,2625.8682726551633,2637.58,11.711727344836618
396,16.5,25.793885802825532,6.86436847499087,9.642060284669416,2.7776918096785455,299.9162898893471,218.68,0.0,55.09347138070454,6.924933521945296,12.005749403515992,5.080815881570696,1171.7442173390987,1185.02,13.275782660901314,71.92262797478492,6.9151938176017795,11.219274438931672,4.304080621329892,1295.8214640156227,1192.88,0.0,2767.4819712440685,2596.58,0.0
397,16.541666666666668,25.795154779209778,6.874976503839472,9.55665425530329,2.681677751463818,289.5635891039466,380.16,90.59641089605344,55.095921896392625,6.930188554849093,11.711991605204615,4.781803050355522,1102.8345491591347,1149.02,46.185450840865315,71.92660249455051,6.929013595081049,11.641258117769834,4.712244522688785,1418.7850019493803,1390.64,0.0,2811.1831402124617,2919.82,108.63685978753847
398,16.583333333333332,25.21025347087948,6.893198931441942,9.030812275802523,2.137613344360581,225.5825949437945,195.55,0.0,53.84694677231023,6.978346167361429,11.84922622738993,4.870880060028502,1097.912532901407,1049.28,0.0,70.29572995458653,6.969361584932895,11.809552943490653,4.840191358557758,1424.264668627362,1435.69,11.425331372638084,2747.7597964725637,2680.52,0.0
399,16.625,25.210977310441812,6.920952078078992,9.28380555970854,2.362853481629548,249.35937331851045,252.15,2.790626681489556,53.848302410526195,7.0126157227817245,11.738809666128637,4.726193943346912,1065.3266217010257,1140.44,75.11337829897434,70.29767139209369,7.009609994365967,11.875673083995997,4.86606308963003,1431.9171763449613,1403.44,0.0,2746.6031713644975,2796.03,49.426828635502716
400,16.666666666666668,24.793802427807293,6.950808529115879,8.760272964102013,1.8094644349861335,187.79862649318196,242.61,54.81137350681806,52.95697134799142,7.052624206034286,11.064819563873595,4.012195357839309,889.4149693475829,983.51,94.09503065241711,69.13445614985659,7.041533268873086,12.019496346649142,4.977963077776056,1440.6067517060526,1451.35,10.743248293947318,2517.820347546817,2677.47,159.64965245318263
401,16.708333333333332,24.79537783118751,6.989942945456474,8.092424307290353,1.1024813618338785,114.4303458708961,127.75,13.319654129103895,52.960175047472376,7.18047348922171,10.243326717360606,3.062853228138896,679.0078916457,788.0,108.99210835429994,69.13866783197857,7.156926310684674,11.498910456939754,4.34198414625508,1256.6330124078424,1421.64,165.00698759215766,2050.0712499244387,2337.3900000000003,287.31875007556164
402,16.75,24.795635797553487,7.0530428852825695,8.003382805850999,0.9503399205684291,98.64008677226077,95.97,0.0,52.95980828964263,7.277174640266259,9.194833665600383,1.9176590253341237,425.12536429485976,562.14,137.01463570514022,69.13885258716616,7.271107974280358,11.050726074593634,3.779618100313275,1093.8790680066202,1081.9,0.0,1617.6445190737409,1740.0100000000002,122.36548092625935
403,16.791666666666668,24.795229192920676,7.119291333148396,7.906623608453296,0.7873322753049008,81.71944453306833,96.34,14.620555466931677,52.958010990997366,7.252448431005984,8.221478259117351,0.969029828111367,214.81669711642127,278.01,63.193302883578724,69.13759659710728,7.25726716132555,10.932957095423902,3.6756899340983518,1063.7813479445902,1096.89,33.10865205540995,1360.3174895940797,1471.2400000000002,110.92251040592055
404,16.833333333333332,24.79505423130619,7.164933622695246,7.491524953516221,0.3265913308209747,33.89759909192969,61.65,27.752400908070307,52.95753785448302,7.232072308036486,7.93307749818923,0.7010051901527445,155.39900822904093,140.24,0.0,69.1368575420866,7.2345071307782085,10.540880782117682,3.3063736513394737,956.8873012993869,1021.32,64.43269870061317,1146.1839086203574,1223.21,77.0260913796426
405,16.875,24.79483340486995,7.191339491108418,7.219687352794616,0.028347861686198073,2.9422578060425133,0.0,0.0,52.95716071137952,7.219530847605139,7.862646653022139,0.6431158054170005,142.56505944779585,159.36,16.794940552204167,69.1360095864797,7.222132597731381,10.18214301290896,2.960010415177578,856.6368891289893,882.83,26.19311087101073,1002.1442063828276,1042.19,40.04579361717242
406,16.916666666666668,24.794456909473812,7.202824445054438,7.370752575997956,0.1679281309435181,17.429192972291705,0.0,0.0,52.95620817412103,7.188376041158896,7.767171792223307,0.5787957510644111,128.30436719541618,114.16,0.0,69.13440065569536,7.194341016867073,9.878231829573338,2.683890812706265,776.708879040789,821.02,44.31112095921094,922.4424392084969,935.18,12.737560791503029
407,16.958333333333332,24.7942536336571,7.199779037410302,7.370298829491431,0.17051979208112922,17.69803533891371,29.36,11.66196466108629,52.955745053892215,7.153239161057143,7.768356332661511,0.6151171716043677,136.35471426091055,130.97,0.0,69.13308055653624,7.157484459203626,9.524379809542081,2.3668953503384547,684.9583903431919,722.49,37.53160965680809,839.0111399430161,882.8199999999999,43.808860056983804
408,17.0,24.794359668935176,7.187593334425143,7.413440961771714,0.22584762734657104,23.440542209548102,0.0,0.0,52.955917665072086,7.145997164997959,7.738234293859409,0.5922371288614503,131.28326021470113,130.27,0.0,69.13239394182472,7.146125777582798,9.049475211946595,1.9033494343637969,550.806868761951,636.75,85.94313123804898,705.5306711862003,767.02,61.489328813799716
409,17.041666666666668,24.794062736429378,7.174458280046824,7.4038887476484225,0.22943046760159813,23.81211712321881,41.53,17.717882876781193,52.955191191663516,7.129719584717873,7.703266873042873,0.5735472883249999,127.13847421663428,120.76,0.0,69.13084429975612,7.134440319977836,8.728823129792678,1.5943828098148423,461.3852306570604,452.64,0.0,612.3358219969134,614.9300000000001,2.594178003086654
410,17.083333333333332,24.79396123101005,7.15872190032772,7.187220413437871,0.028498513110151613,2.957790048208306,0.0,0.0,52.95507017237629,7.106711727369302,7.686486283751775,0.579774556382473,128.5185817006037,121.96,0.0,69.1303940077598,7.108320360621101,8.56990734518561,1.4615869845645095,422.95379212447017,457.75,34.79620787552983,554.4301638732821,579.71,25.279836126717896
411,17.125,24.794044724876493,7.142759112115772,7.171238995253443,0.028479883137671358,2.9558664434058084,0.0,0.0,52.955249273595996,7.108258930955643,7.685412301891322,0.5771533709356786,127.9379764246014,123.56,0.0,69.13004449811493,7.107837722621963,8.272664574768857,1.164826852146894,337.0756914606573,375.13,38.054308539342685,467.9695343286645,498.69,30.72046567133549
412,17.166666666666668,24.79378838934022,7.130520956203857,7.158990034652592,0.02846907844873492,2.9547144998355668,0.0,0.0,52.954676246261215,7.0978505981403694,7.664240116797211,0.566389518656842,125.55058744668844,120.78,0.0,69.12906784912923,7.10137504838062,8.144982940387838,1.0436078920072172,301.9932802818629,285.2,0.0,430.4985822283869,405.98,0.0
413,17.208333333333332,24.792961865201416,7.116869911309206,7.145366687127345,0.02849677581813914,2.9574905271233694,0.0,0.0,52.95362162052007,7.046161670417561,8.363512374344145,1.317350703926584,292.0090421424256,118.74,0.0,69.12666517250828,7.056965842394404,8.073554556831816,1.016588714437412,294.16440083294066,305.02,10.855599167059324,589.1309335024896,423.76,0.0
414,17.25,24.793216404721292,7.093127861861382,7.121664332487024,0.028536470625641464,2.961640592440626,0.0,0.0,52.954592841425104,7.0155907155707755,8.740801791192315,1.725211075621539,382.423960414183,456.7,74.27603958581699,69.1272846957561,7.013477109499005,7.984215404410881,0.9707382949118752,280.8994473705892,269.23,0.0,666.2850483772129,725.9300000000001,59.644951622787175
415,17.291666666666668,24.793315240469408,7.072004874928914,7.100496333840516,0.028491458911601875,2.9569808662017647,0.0,0.0,52.95455381300316,7.044472669567549,8.487598608587422,1.4431259390198736,319.8944975636734,298.24,0.0,69.12768976088199,7.04301595483468,8.052086722979,1.00907076814432,291.99330399553406,278.6,0.0,614.8447824254092,576.84,0.0
416,17.333333333333332,24.79282844229934,7.059234680790121,7.087715275015428,0.028480594225307243,2.9557952407518124,0.0,0.0,52.953695850145145,7.020642898635649,8.647377019529747,1.6267341208940982,360.58867006675683,331.91,0.0,69.1267618501514,7.026253272972274,8.256664953312486,1.2304116803402119,356.03761460613094,291.53,0.0,719.5820799136395,623.44,0.0
417,17.375,24.792554344637786,7.044288306846615,7.072790039367517,0.028501732520902046,2.957956329717164,0.0,0.0,52.95324387106808,6.988032174413943,8.733229879362169,1.7451977049482252,386.8445003126502,380.03,0.0,69.12675264138194,6.991657679074462,8.607069119704414,1.615411440629953,467.44286363705106,407.6,0.0,857.2453202794184,787.63,0.0
418,17.416666666666668,24.79268865159535,7.026924887398109,7.055423979888951,0.028499092490841704,2.9576983655318223,0.0,0.0,52.95351783648552,6.987240698489584,8.680036145569424,1.69279544707984,375.2308377473414,384.48,9.249162252658607,69.12767862624034,6.985531849771986,8.857613262200458,1.8720814124284715,541.7213204187894,515.33,0.0,919.9098565316626,899.8100000000001,0.0
419,17.458333333333332,24.792686478571213,7.014504140752191,7.042974784537803,0.028470643785611927,2.9547456374899084,0.0,0.0,52.95354238559207,6.998578875396898,8.68766345442401,1.6890845790271118,374.4084475972438,356.58,0.0,69.1280554340416,6.998014104361575,9.035518918546094,2.037504814184519,589.592849676322,556.62,0.0,966.9560429110556,913.2,0.0
420,17.5,24.79293342438349,7.007878570986484,7.036329194953892,0.028450623967408717,2.9526973468430753,0.0,0.0,52.95409669006039,7.007996194145946,8.696470123901884,1.6884739297559381,374.27700672246795,383.06,8.782993277532057,69.12883196143143,7.004519537421419,9.065893916770932,2.0613743793495134,596.5066872914255,611.55,15.04331270857449,973.7363913607364,994.6099999999999,20.873608639263466
421,17.541666666666668,24.792931548473142,7.007988460755981,7.036408150040671,0.028419689284690186,2.9494866227147387,0.0,0.0,52.954127935239164,7.025757657910565,8.73665896738523,1.7109013094746652,379.24861465568557,356.1,0.0,69.12879381455392,7.025320368913065,9.052790279172275,2.0274699102592093,586.6953157529069,570.18,0.0,968.8934170313073,926.28,0.0
422,17.583333333333332,24.792893801223197,7.011428192111568,7.218552659244239,0.20712446713267063,21.49600964363047,0.0,0.0,52.95404234429387,7.017806562226544,8.80546424476689,1.7876576825403463,396.2622507883869,393.31,0.0,69.12854585726309,7.018618900155361,9.028622762511059,2.010003862355698,581.6390245045437,592.05,10.410975495456228,999.3972849365612,985.3599999999999,0.0
423,17.625,24.792636578496477,7.013050933199287,7.484650227753239,0.47159929455395133,48.94350700742827,37.6,0.0,52.95329600781623,7.002269834143208,8.760171505898255,1.7579016717550466,389.6608741976568,390.1,0.43912580234319876,69.1277845584808,7.006593745733098,9.108396046053407,2.1018023003203092,608.1962326120442,559.82,0.0,1046.8006138171293,987.5200000000001,0.0
424,17.666666666666668,24.792725390435326,7.0090935054333166,7.3035188020928095,0.2944252966594929,30.556148740527238,54.96,24.403851259472763,52.953413776347716,6.987154423104857,8.626857028008839,1.6397026049039818,363.4613822249632,379.99,16.52861777503682,69.12847003548566,6.9861061819358135,9.287782616134209,2.301676434198395,666.0401965482623,645.81,0.0,1060.0577275137528,1080.76,20.70227248624724
425,17.708333333333332,24.79320904826584,7.005491945184125,7.033933054781834,0.028441109597709513,2.951742729185249,0.0,0.0,52.95441574584626,7.0262024808426355,8.44524347955422,1.4190409987115844,314.5548226078449,337.36,22.805177392155088,69.1300365526094,7.0190077657649175,9.298611603976983,2.279603838212066,659.667958623234,675.86,16.192041376766042,977.1745239602642,1013.22,36.04547603973583
426,17.75,24.793824074835637,7.01280909109832,7.041185978847843,0.028376887749523405,2.945150561265633,0.0,0.0,52.95526338249086,7.075804510843097,7.9872927980621995,0.9114882872191021,202.05027631044433,281.7,79.64972368955566,69.13138182024879,7.067289997370735,9.127667992309927,2.0603779949391923,596.2403521310853,632.78,36.5396478689147,801.2357790027952,914.48,113.24422099720482
427,17.791666666666668,24.79371948433453,7.032105722654517,7.060444092765538,0.028338370111020694,2.941140526150305,0.0,0.0,52.95463109041223,7.100620127752459,7.617683400151749,0.5170632723992892,114.6164258015196,110.82,0.0,69.13077940713156,7.1013888867242265,9.009919701135388,1.9085308144111615,552.29340031752,548.29,0.0,669.8509666451898,659.1099999999999,0.0
428,17.833333333333332,24.793273852201725,7.0504464092381465,7.204150984643393,0.1537045754052464,15.952174692681368,0.0,0.0,52.953561624243086,7.065462592502544,7.56700615036782,0.5015435578652756,111.17395508659494,106.73,0.0,69.12944999728734,7.0717721897110355,9.014165338420892,1.942393148709856,562.081722224325,544.73,0.0,689.2078520036013,651.46,0.0
429,17.875,24.793236241517985,7.055985411845914,7.2120194767782495,0.15603406493233507,16.193915369015027,26.37,10.176084630984974,52.95341078816032,7.03923205961139,7.520594639165784,0.48136257955439454,106.7002626696232,103.89,0.0,69.12923330579156,7.040902330796444,8.974379385243541,1.9334770544470974,559.49986582129,568.02,8.520134178710009,682.3940438599282,698.28,15.885956140071812
430,17.916666666666668,24.793198613346945,7.053880994162739,7.082327755807609,0.02844676164486959,2.952328080785576,0.0,0.0,52.95339283223384,7.041306329318015,7.5181709963395775,0.4768646670215624,105.70320614197327,97.76,0.0,69.1292103412091,7.0417248015119345,8.973225094456948,1.9315002929450138,558.9276548450806,539.38,0.0,667.5831890678395,637.14,0.0
431,17.958333333333332,24.793416950749492,7.050344613352512,7.078787838112247,0.028443224759735486,2.9519870035139264,0.0,0.0,52.95384135693423,7.044999594561219,7.493183848994479,0.4481842544332606,99.34666412261477,101.93,2.583335877385238,69.12960813947122,7.042300161670025,8.861484180243313,1.8191840185732877,526.4291763210257,567.08,40.65082367897435,628.7278274471544,669.01,40.28217255284562
432,18.0,24.793659134763086,7.050176692180067,7.078593886930316,0.02841719475024984,2.9493142814934146,0.0,0.0,52.95430173492428,7.0694321299436504,7.456882983094308,0.38745085315065797,85.88495476642116,84.92,0.0,69.12971575313232,7.06642534668281,8.589403640997583,1.5229782943147727,440.7148748613378,473.67,32.9551251386622,529.5491439092524,558.59,29.04085609074764
433,18.041666666666668,24.793685704726375,7.055320271590912,7.083723307592993,0.028403036002081272,2.9478479570539116,0.0,0.0,52.95434604817835,7.076434866286359,7.47030566639341,0.39387080010705144,87.30811632893509,74.91,0.0,69.12924540525066,7.076104264831681,8.330640507529898,1.254536242698217,363.03145191024004,394.93,31.89854808975997,453.28741619622906,469.84000000000003,16.552583803770972
434,18.083333333333332,24.793780982614827,7.061481866685984,7.08988593233564,0.028404065649655585,2.947966148921902,0.0,0.0,52.95454287532904,7.078439441687478,7.488899763697061,0.41046032200958305,90.9858022839202,87.87,0.0,69.12889721559306,7.077669285455471,8.03361690710751,0.9559476216520384,276.625970030503,317.59,40.96402996949695,370.5597384633451,405.46,34.90026153665485
435,18.125,24.793751114308687,7.067228777783868,7.2093171682864154,0.14208839050254785,14.746876940817128,0.0,0.0,52.95437801525975,7.078771823822515,7.4662414879958305,0.38746966417331574,85.88924826660883,82.22,0.0,69.12817286704814,7.079898500534813,7.758931240467648,0.6790327399328353,196.49206494274353,221.27,24.777935057256485,297.1281901501695,303.49,6.361809849830536
436,18.166666666666668,24.79333359376129,7.069876229449142,7.214055967536751,0.1441797380876091,14.963678895428194,23.92,8.956321104571808,52.953432622147254,7.051905079723557,7.44777467824975,0.3958695985261924,87.74967011581751,77.62,0.0,69.12698095596458,7.057724245149198,7.771957116176156,0.7142328710269581,206.67438204010818,156.7,0.0,309.38773105135385,258.24,0.0
437,18.208333333333332,24.792947560545088,7.063591313049797,7.0920706553164505,0.028479342266653163,2.9556795096277146,0.0,0.0,52.95313142416467,7.014931659003511,7.898798770119097,0.8838671111155856,195.91958200673187,85.99,0.0,69.12606047758649,7.020019835607161,7.7903336251741795,0.7703137895670187,222.8992993317194,242.24,19.34070066828062,421.774560848079,328.23,0.0
438,18.25,24.793207622275418,7.049705494293236,7.078195241332014,0.028489747038777935,2.9567903654536765,0.0,0.0,52.95406214332536,7.01162751858926,8.247757054820095,1.2361295362308349,274.0075240469211,295.86,21.85247595307891,69.12658209890833,7.008780874792715,7.657333634405084,0.648552759612369,187.6677381496761,188.8,1.1322618503239141,464.6320525620509,484.66,20.027947437949138
439,18.291666666666668,24.792990934276098,7.03902272673246,7.06748669495935,0.028463968226890124,2.9540891093649613,0.0,0.0,52.95383934306206,7.02061696879591,8.482823632810343,1.4622066640144329,324.11970604999897,241.73,0.0,69.12601302085596,7.022835136948815,7.668912148951888,0.6460770120030732,186.94980717442184,171.63,0.0,514.0236023337858,413.36,0.0
440,18.333333333333332,24.79314428241061,7.0305675823315745,7.05903478117882,0.028467198847245356,2.954442667853772,0.0,0.0,52.95429189917378,7.0106335558077335,8.580481808589791,1.5698482527820579,347.98302814734876,397.44,49.456971852651236,69.12656552162038,7.0086527890723325,7.712162453218219,0.7035096641458862,203.57023205691834,187.45,0.0,554.5077028721208,584.89,30.382297127879156
441,18.375,24.79301574988709,7.02528485584876,7.344644717070963,0.3193598612222033,33.14430457351984,0.0,0.0,52.953747922633276,7.0201131672308685,8.439330139058375,1.419216971827507,314.5898626406108,288.52,0.0,69.1261764068114,7.022307678824953,7.785842215361358,0.7635345365364046,220.93801375138133,205.05,0.0,568.672180965512,493.57,0.0
442,18.416666666666668,24.792970788608308,7.020540161721786,7.345200765969132,0.3246606042473461,33.694373472446344,61.21,27.515626527553657,52.953646305643645,6.99659924451699,8.479789887174844,1.4831906426578545,328.7699163818741,330.99,2.220083618125898,69.12607261182656,6.997653243640697,7.8272280502655205,0.8295748066248239,240.04720946622047,222.32,0.0,602.5114993205409,614.52,12.008500679459075
443,18.458333333333332,24.792894594219955,7.014681992847691,7.043145179446166,0.028463186598475687,2.9539965106446884,0.0,0.0,52.95368026386039,7.005992111998974,8.505299900830584,1.4993077888316106,332.34272000726276,316.78,0.0,69.12650024801572,7.00592444720189,8.040337570794538,1.034413123592648,299.32143296060303,243.46,0.0,634.6181494785105,560.24,0.0
444,18.5,24.792930137835402,7.010617683829798,7.191012364625984,0.18039468079618626,18.721938238456207,0.0,0.0,52.95364968922715,7.001487858979492,8.425897377104262,1.4244095181247696,315.7402795175606,338.32,22.57972048243937,69.12695732771095,7.000899431221913,8.24203469581961,1.2411352645976974,359.14165612716886,341.69,0.0,693.6038738831858,680.01,0.0
445,18.541666666666668,24.79295390517239,7.008021138432173,7.1911657055608735,0.18314456712870086,19.007348478028185,31.97,12.962651521971814,52.953624813190515,7.007347925085144,8.368328646389465,1.3609807213043208,301.6802583996094,283.09,0.0,69.12719439348464,7.0069942489799235,8.341907931434255,1.3349136824543315,386.27921430052305,363.37,0.0,706.9668211781607,678.43,0.0
446,18.583333333333332,24.792898853199297,7.007314863238235,7.330189196271086,0.3228743330328516,33.50889099140974,0.0,0.0,52.953448816949646,7.006903242310223,8.341905361462802,1.3350021191525787,295.9207572962557,310.44,14.519242703744283,69.12722987164678,7.007641151387557,8.459878347871499,1.4522371964839413,420.22891705677233,396.25,0.0,749.6585653444379,706.69,0.0
447,18.625,24.793007946761247,7.006336991965777,7.33455717179525,0.32822017982947305,34.063849295182834,61.95,27.88615070481717,52.95353323634494,7.00254481962925,8.237701281654724,1.2351564620254738,273.7890922259037,271.21,0.0,69.12757482129479,7.001460328399432,8.511373449215638,1.509913120816206,436.9205825268231,431.58,0.0,744.7735240479096,764.74,19.966475952090377
448,18.666666666666668,24.793211926463734,7.006914238906163,7.297362436022057,0.29044819711589387,30.14398754809886,0.0,0.0,52.95398916720665,7.02543334572993,8.213490198481052,1.1880568527511226,263.3510958886075,266.15,2.79890411139246,69.12809681313547,7.022499751104888,8.457477349113212,1.4349775980083237,415.23977355868277,429.66,14.420226441317254,708.7348569953891,695.81,0.0
449,18.708333333333332,24.793235242287956,7.011632521065488,7.591980399006146,0.5803478779406577,60.231104312168405,55.13,0.0,52.953629639215094,7.026437481354226,7.976526884204019,0.9500894028497928,210.6005163700569,250.19,39.58948362994309,69.1278682233423,7.0268737646556225,8.42969837498249,1.4028246103268671,405.93431432593223,387.89,0.0,676.7659350081576,693.21,16.444064991842424
450,18.75,24.793518675985624,7.016459099451851,7.500419876918538,0.4839607774666863,50.22819314512829,60.0,9.771806854871713,52.953858775727745,7.036133580450537,7.591267331451187,0.5551337510006498,123.05364121940956,159.82,36.76635878059044,69.12858681273595,7.032802617035454,8.396410694098481,1.3636080770630272,394.5903570112843,411.18,16.589642988715696,567.8721913758221,631.0,63.127808624177874
451,18.791666666666668,24.793408615074156,7.023859823059618,7.337480402344063,0.31362057928444553,32.54917719922904,34.76,2.2108228007709556,52.953502687168594,7.049841585233233,7.40164675217348,0.3518051669402471,77.9823161603657,74.35,0.0,69.12844098725942,7.050496539217844,8.440084601646157,1.389588062428314,402.1073959655562,364.87,0.0,512.6388893251509,473.98,0.0
452,18.833333333333332,24.793430370556926,7.030679884202261,7.178233251817803,0.14755336761554183,15.313870454809088,24.62,9.306129545190913,52.953626077606785,7.041591931118006,7.389179270863973,0.3475873397459672,77.04755793626063,69.6,0.0,69.1286876595298,7.040774136629566,8.47474405032697,1.4339699136974042,414.9517263481531,426.65,11.698273651846876,507.3131547392228,520.87,13.556845260777209
453,18.875,24.79336163606651,7.035880823427946,7.3058728877240116,0.2699920642960656,28.02112958118855,0.0,0.0,52.95345707904196,7.048848095696326,7.398919415541958,0.35007131984563244,77.59791894966624,72.53,0.0,69.12839816144201,7.04989116197705,8.446602869819896,1.3967117078428464,404.1685266345423,390.33,0.0,509.7875751653971,462.86,0.0
454,18.916666666666668,24.793235978239633,7.038624041937957,7.52247339660239,0.48384935466443313,50.21605648088626,50.83,0.6139435191137395,52.95305225643505,7.027887258843323,7.388871037623594,0.36098377878027055,80.01619748558295,70.66,0.0,69.12782738084067,7.030420357185263,8.419407554728007,1.3889871975427441,401.9299550077532,405.16,3.2300449922468033,532.1622089742225,526.65,0.0
455,18.958333333333332,24.793421204480442,7.036725668795918,7.464115466193952,0.4273897973980345,44.3567617409101,44.07,0.0,52.95344208336341,7.031387899345941,7.372895372291204,0.3415074729452625,75.69960804984457,77.43,1.7303919501554361,69.1281189202968,7.029516038145112,8.2974876600759,1.267971621930788,366.9133359842936,385.7,18.78666401570638,486.9697057750483,507.2,20.230294224951706
456,19.0,24.793834699456696,7.036579791407473,7.413560241625617,0.3769804502181442,39.125666990521914,39.07,0.0,52.95435490519128,7.056886016219607,7.403593857683266,0.3467078414636582,76.85366269697936,61.91,0.0,69.12858229021246,7.051646971258597,7.942540298466281,0.8908933272076842,257.7998025655023,334.72,76.92019743449771,373.7791322530036,435.70000000000005,61.920867746996464
457,19.041666666666668,24.79371055693124,7.043244529469566,7.36226417524138,0.31901964577181463,33.10992365818327,33.56,0.4500763418167324,52.95412781995527,7.072375390047081,7.446043993818115,0.3736686037710344,82.82961689677187,79.92,0.0,69.12784078759483,7.0734911996627305,7.744235542084431,0.6707443424217008,194.09271455728123,166.08,0.0,310.0322551122364,279.56,0.0
458,19.083333333333332,24.793702700348977,7.050146872759949,7.3375808198267825,0.2874339470668339,29.8317459585504,26.98,0.0,52.95405542248325,7.057929897128527,7.373602031970022,0.3156721348414955,69.97367716353443,73.76,3.7863228364655725,69.1277197353886,7.058169491695908,7.683742923614746,0.6255734319188377,181.0213299692223,207.45,26.42867003077768,280.8267530913071,308.19,27.363246908692872
459,19.125,24.793560984405605,7.054015912999304,7.439935343523726,0.3859194305244218,40.052974693151356,27.03,0.0,52.95367553457641,7.056535186360173,7.3511881947545445,0.2946530083943717,65.31398973034476,54.05,0.0,69.12708138507585,7.058928458127752,7.597252730966784,0.5383242728390325,155.77272144296197,139.43,0.0,261.1396858664581,220.51,0.0
460,19.166666666666668,24.793435461192683,7.053764351041744,7.569152424103258,0.5153880730615139,53.48971652008337,47.7,0.0,52.95334038071363,7.033770270574696,7.358636514361506,0.3248662437868104,72.01072315988057,64.51,0.0,69.12655103354857,7.036217371647664,7.554352544412117,0.5181351727644525,149.92953277751613,157.02,7.0904672224838805,275.42997245748006,269.23,0.0
461,19.208333333333332,24.79299277365233,7.048056705572573,7.482264811893054,0.43420810632048124,45.0636229993211,53.89,8.826377000678903,52.95290545814685,7.011448966720691,7.853325950686051,0.8418769839653599,186.61117817234128,67.48,0.0,69.12525902270418,7.017214374864923,7.500764629438401,0.483550254573478,139.91929619875168,127.52,0.0,371.59409737041403,248.89,0.0
462,19.25,24.793076250289676,7.0358807318841095,7.455406801148534,0.4195260692644247,43.540016876340594,30.5,0.0,52.95346398493676,6.9922006569934965,8.180438877613547,1.1882382206200504,263.38868663124674,295.74,32.35131336875327,69.12565584611511,6.99135162343104,7.540001544933263,0.5486499215022231,158.7573387466425,137.03,0.0,465.68604225422985,463.27,0.0
463,19.291666666666668,24.793326436650442,7.024332492012925,7.47969041197849,0.4553579199655653,47.25926000615262,51.22,3.960739993847376,52.95389341359447,7.013916925017972,8.096603274613468,1.0826863495954964,239.99366733290543,220.41,0.0,69.12632599135672,7.010731155323233,7.540387363404084,0.5296562080808505,153.2628037253555,165.47,12.207196274644502,440.51573106441356,437.1,0.0
464,19.333333333333332,24.793071359472602,7.01984637523828,7.396741281482962,0.376894906244682,39.11558433101613,37.67,0.0,52.95370590582987,7.015415104823554,8.411314825359792,1.3958997205362378,309.42101287043107,249.21,0.0,69.12570588972834,7.017787377089264,7.553830769809072,0.536043392719808,155.10962592825274,125.76,0.0,503.64622312969993,412.64,0.0
465,19.375,24.792683555555648,7.015544224956397,7.514231195899716,0.4986869709433188,51.7548176725861,34.96,0.0,52.95321924058496,6.9850287792292995,8.769238152143496,1.7842093729141961,395.49173157780405,360.23,0.0,69.12497809722942,6.99002281283334,7.742395612505774,0.7523727996724343,217.7044553067181,169.45,0.0,664.9510045571083,564.64,0.0
466,19.416666666666668,24.79307201130497,7.006107390984168,7.341095333687677,0.33498794270350896,34.76632146013227,63.34,28.573678539867736,52.95426011175638,6.984771840421757,8.899759506570174,1.9149876661484164,424.48867636314344,421.9,0.0,69.12626200684464,6.9798166473202965,7.786147273244543,0.8063306259242466,233.32187215992158,251.64,18.318127840078404,692.5768699831973,736.88,44.3031300168027
467,19.458333333333332,24.793040374708408,7.002339755987978,7.315184523841413,0.3128447678534352,32.468177212261594,0.0,0.0,52.95445034744107,7.019273074829521,9.098927602131848,2.079654527302327,460.9914646309387,418.26,0.0,69.12628899480686,7.018541303947149,7.804665774029235,0.7861244700820862,227.4750565378245,200.4,0.0,720.9346983810249,618.66,0.0
468,19.5,24.793045726707742,7.0036263479884875,7.643483373620809,0.6398570256323213,66.40672281631007,59.84,0.0,52.95425635006814,7.001331298959485,9.053533505544996,2.052202206585511,454.90451548054364,495.55,40.645484519456375,69.12622754562393,7.001927771256117,7.873760295991831,0.8718325247357139,252.2755417347266,240.2,0.0,773.5867800315804,795.5899999999999,22.003219968419558
469,19.541666666666668,24.792706057123432,7.003490727366936,8.158213643861997,1.1547229164950608,119.83976267171737,67.72,0.0,52.95316765891244,6.989998915004335,8.948211020606152,1.9582121056018167,434.06113307135377,405.29,0.0,69.1251093962442,6.996085911710362,7.961673568660386,0.9655876569500235,279.400231223144,250.11,0.0,833.3011269662152,723.12,0.0
470,19.583333333333332,24.792460193644178,6.996075785797637,8.554192495067976,1.5581167092703394,161.7032816139914,168.02,6.316718386008603,52.95227421451177,6.937906362227184,8.845672745498097,1.9077663832709133,422.8721004282941,454.25,31.377899571705882,69.12441869718423,6.9433694904026835,8.139125776041476,1.1957562856387929,345.9978408087241,294.79,0.0,930.5732228510096,917.06,0.0
471,19.625,24.792942223920157,6.980822899268292,8.407550480171503,1.4267275809032114,148.0704339841916,150.76,2.6895660158083956,52.953183822198575,6.951530924263154,8.693823796706651,1.742292872443497,386.20017056929635,382.29,0.0,69.12582340274108,6.946011033832689,8.146617813193366,1.200606779360677,347.4084142152364,384.07,36.66158578476359,881.6790187687243,917.1199999999999,35.4409812312756
472,19.666666666666668,24.79313297628171,6.9733814151882525,8.235491168760257,1.2621097535720045,130.98686762477234,140.69,9.703132375227653,52.95365212179984,6.9875852062624855,8.700265560952253,1.712680354689768,379.63955721617435,380.95,1.3104427838256356,69.12640298384859,6.9839697605936015,8.135256953757825,1.1512871931642232,333.14005755771154,297.05,0.0,843.7664823986582,818.69,0.0
473,19.708333333333332,24.79339269426362,6.975905906286815,7.897096995130911,0.921191088844096,95.60594779733508,116.32,20.714052202664917,52.95413827269188,7.008710324840546,8.456739277438956,1.4480289525984098,320.9788188354784,369.04,48.0611811645216,69.12777897370786,7.003564581744547,8.354422794952615,1.3508582132080686,390.8963319555297,355.92,0.0,807.4810985883432,841.28,33.79890141165674
474,19.75,24.794039928598075,6.987529926070583,7.624575103667343,0.63704517759676,66.1175500625755,69.41,3.292449937424493,52.95510555176147,7.063329789097374,7.871664051681224,0.8083342625838501,179.18351405743155,262.69,83.50648594256845,69.12999311031223,7.0534182627420705,8.46009540833459,1.4066771455925196,407.06163167026165,413.09,6.028368329738328,652.3626957902687,745.19,92.82730420973132
475,19.791666666666668,24.794124393173096,7.01168644796473,7.563755008037899,0.5520685600731685,57.298204726731,57.4,0.10179527326899773,52.954940363547536,7.102968049367202,7.487889340079773,0.38492129071257164,85.32526400032387,83.86,0.0,69.13017434305665,7.10049283969303,8.41893429731324,1.318441457620211,381.52915164130593,388.13,6.600848358694066,524.1526203683608,529.39,5.2373796316392145
476,19.833333333333332,24.7940514239876,7.038485887942475,7.494365580243165,0.45587969230069003,47.31479557955403,51.76,4.445204420445968,52.95477110467209,7.0985730716018045,7.435083601073776,0.3365105294719717,74.59384212962614,74.84,0.24615787037386383,69.12976279159523,7.099094222707717,8.289357595292515,1.1902633725847975,344.43506660201865,361.75,17.31493339798135,466.34370431119885,488.35,22.006295688801174
477,19.875,24.79377229875627,7.058686158671906,7.408174609512214,0.3494884508403082,36.272263779958124,37.26,0.9877362200418744,52.954180256090034,7.087765425160803,7.385718288828334,0.2979528636675317,66.04607863686195,62.28,0.0,69.12907184004617,7.091218010802137,8.30096009009047,1.2097420792883327,350.0682609901112,313.51,0.0,452.3866034069313,413.04999999999995,0.0
478,19.916666666666668,24.793553485632646,7.0685063577949165,7.409067439199269,0.3405610814043527,35.34540935366266,29.63,0.0,52.95370706181112,7.062065828792202,7.350810329270278,0.2887445004780762,64.00432383118877,57.68,0.0,69.12867016977135,7.065154704129422,8.388966037510349,1.3238113333809265,383.0747450971881,373.44,0.0,482.42447828203956,460.75,0.0
479,19.958333333333332,24.79388237933389,7.069284835241479,7.269549941072983,0.20026510583150348,20.784952917717437,35.51,14.725047082282561,52.954469138341594,7.068264342936876,7.347707487185026,0.27944314424815,61.943437416629,58.21,0.0,69.12930815407677,7.064338928850514,8.20245114314206,1.1381122142915459,329.34154515819193,379.63,50.28845484180806,412.0699354925384,473.35,61.280064507461645
480,20.0,24.79405987184084,7.071934714712436,7.329940219350412,0.25800550463797656,26.77785844787608,0.0,0.0,52.9548666505673,7.097202820885934,7.387398956091747,0.29019613520581355,64.32750793080952,53.56,0.0,69.12908927498587,7.094911476421828,7.850008610237732,0.7550971338159043,218.50575565390366,265.09,46.58424434609631,309.61112203258926,318.65,9.038877967410713
481,20.041666666666668,24.79364027116518,7.077591774283587,7.479927530573109,0.40233575628952156,41.75689048847687,48.31,6.553109511523132,52.953880574820765,7.074841797729162,7.4100364536020145,0.33519465587285246,74.3009046520488,63.04,0.0,69.12754574246046,7.0807289814533,7.736736516511303,0.656007535058003,189.8275270534878,156.97,0.0,305.8853221940135,268.32,0.0
482,20.083333333333332,24.793638445114677,7.075960320808426,7.247119319298731,0.1711589984903048,17.76393700527274,29.49,11.726062994727258,52.953962207458225,7.052594088201668,7.383256946490629,0.330662858288961,73.29647698620636,73.56,0.2635230137936446,69.12768538032903,7.052871632558931,7.735286475119273,0.682414842560342,197.46935322909266,208.0,10.530646770907339,288.5297672205718,311.05,22.520232779428227
483,20.125,24.793604806991343,7.071051948500618,7.3060992558299125,0.23504730732929424,24.39462682456966,0.0,0.0,52.95385999367962,7.059871625706841,7.355312640505957,0.295441014799116,65.48889057318779,60.96,0.0,69.1274783235293,7.060518117234008,7.6797459124494605,0.6192277952154521,179.18447597867348,172.04,0.0,269.06799337643093,233.0,0.0
484,20.166666666666668,24.793473258604436,7.06596195750123,7.4453030371231925,0.3793410796219625,39.37009567589955,43.47,4.09990432410045,52.95346723225928,7.041657489521291,7.330869325340994,0.2892118358197031,64.10762500669519,57.9,0.0,69.12692979625811,7.044008608537675,7.646488755813987,0.6024801472763119,174.3368655066955,171.39,0.0,277.81458618929025,272.76,0.0
485,20.208333333333332,24.793165303357387,7.058225889834475,7.375033354950111,0.3168074651156365,32.879606140261046,29.57,0.0,52.953228532684705,7.025212108458824,7.725953507989693,0.7007413995308687,155.32789050841652,58.2,0.0,69.12596705993921,7.029277669262186,7.565099960698541,0.5358222914363555,155.04623380785543,162.26,7.213766192144561,343.253730456533,250.03,0.0
486,20.25,24.792173642128333,7.045393593189276,7.333104082350372,0.2877104891610962,29.858605747279817,30.56,0.7013942527201813,52.952578528330584,6.967444296594289,9.148914116608564,2.181469820014275,483.5434958689333,241.98,0.0,69.12317423925957,6.979794815668841,7.4968081498363635,0.5170133341675225,149.59760524412167,132.55,0.0,662.9997068603348,405.09,0.0
487,20.291666666666668,24.79321249420984,7.0207635325595525,7.162638766888428,0.14187523432887517,14.724434296349447,23.42,8.695565703650555,52.95506263888729,6.96551544883953,9.266978884102935,2.301463435263405,510.16515161176903,718.87,208.70484838823097,69.1263899129724,6.952783259718898,7.554577868819912,0.601794609101014,174.13713450106692,151.44,0.0,699.0267204091855,893.73,194.70327959081453
488,20.333333333333332,24.793801069937736,7.010744353659736,7.039163604280753,0.0284192506210168,2.94954453765726,0.0,0.0,52.95551550021903,7.068164363100228,8.426412229569305,1.3582478664690765,301.08523294971576,291.55,0.0,69.12824452333297,7.0589237321785925,7.649945005676707,0.5910212734981144,171.02431739047088,182.03,11.005682609529117,475.0590948778439,473.58000000000004,0.0
489,20.375,24.79345462914695,7.022029673835219,7.05040630771633,0.02837663388111178,2.9450803285836584,0.0,0.0,52.95489632728723,7.064026923531487,8.551244812570644,1.4872178890391572,329.67039377883106,300.73,0.0,69.12718361027605,7.067059743485835,7.604633599618953,0.5375738561331183,155.5558064261944,144.93,0.0,488.17128053360915,445.66,0.0
490,20.416666666666668,24.793012718640195,7.032081892916787,7.902253198883321,0.8701713059665339,90.30946832055376,0.0,0.0,52.953620315189134,7.025456488908119,8.586018264719346,1.5605617758112276,345.9201386291954,349.11,3.1898613708046355,69.12535378080216,7.033914658333571,7.544876507667389,0.5109618493338184,147.85127227505942,151.04,3.188727724940577,584.0808792248085,500.15,0.0
491,20.458333333333332,24.792471307180435,7.027691676563334,8.305635608420198,1.2779439318568642,132.62666326785748,177.11,44.48333673214253,52.952167436255955,6.953276487343874,8.626478794549046,1.6732023072051714,370.8782970064416,333.05,0.0,69.12352199091539,6.963459659774222,7.607934751885759,0.644475092111537,186.47955301427962,129.32,0.0,689.9845132885787,639.48,0.0
492,20.5,24.792860035121024,7.007966420492334,7.642353779247755,0.6343873587554212,65.83856749551629,82.56,16.721432504483715,52.953509555211006,6.953413068884353,8.810369950221977,1.8569568813376245,411.6193592545789,399.63,0.0,69.12524333657649,6.947758871274619,7.708174292157002,0.7604154208823832,220.03248960852054,229.07,9.037510391479458,697.4904163586158,711.26,13.769583641384202
493,20.541666666666668,24.793398842157835,6.994684703675076,7.640091652634405,0.6454069489593293,66.9836683377905,43.41,0.0,52.954624157669365,7.009474662528711,8.736744407390006,1.727269744861295,382.88052778156936,414.76,31.879472218430635,69.12667738542723,7.001498735455673,7.646975548137801,0.6454768126821282,186.7779276947548,196.34,9.56207230524521,636.6421238141147,654.51,17.86787618588528
494,20.583333333333332,24.793246480502393,6.996678639840747,7.760217860672896,0.7635392208321496,79.24355899301867,85.61,6.366441006981333,52.95413071242257,7.022650007934276,8.65627061806259,1.6336206101283146,362.1181317270922,341.49,0.0,69.12622852942096,7.023898981367826,7.697289530932986,0.67339054956516,194.8539005926701,162.27,0.0,636.2155913127809,589.37,0.0
495,20.625,24.793200143808416,7.00189159875239,8.032319517415468,1.0304279186630776,106.94227713026626,67.51,0.0,52.9538349223421,7.009087594012552,8.566678743552433,1.5575911495398813,345.2630574142616,373.47,28.20694258573843,69.12607220957806,7.010492598903389,7.756910039629034,0.7464174407256445,215.98464812289,212.82,0.0,668.1899826674179,653.8,0.0
496,20.666666666666668,24.792287960572025,7.002729194234152,8.412952503787785,1.4102233095536336,146.35370471918296,142.09,0.0,52.952307180577584,6.961054007178223,9.215975887731465,2.2549218805532423,499.82228114127435,307.19,0.0,69.12323716217661,6.9740940453610145,7.757644346649941,0.7835503012889262,226.72017841259256,204.51,0.0,872.8961642730499,653.79,0.0
497,20.708333333333332,24.793098069905117,6.988845886614524,7.983532643026489,0.9946867564119648,103.23247933413438,146.05,42.81752066586563,52.954395674404516,6.942621364006086,9.368354550454756,2.42573318644867,537.7052415247148,685.92,148.21475847528518,69.12587260040061,6.932599330928216,7.806174101592483,0.8735747706642671,252.77838421996762,234.46,0.0,893.7161050788168,1066.43,172.71389492118328
498,20.75,24.794396149812965,6.984182951241395,7.517082362173484,0.5328994109320897,55.30927936370212,54.58,0.0,52.95615411872271,7.073006691787478,8.118553635256875,1.0455469434693967,231.77105529117014,380.38,148.60894470882985,69.13004583317895,7.0539861229973715,7.945873533150613,0.8918874101532417,258.0929266305143,256.96,0.0,545.1732612853866,691.92,146.74673871461334
499,20.791666666666668,24.794261288676378,7.009002352904556,7.50922631586449,0.5002239629599341,51.91763371907348,50.58,0.0,52.95519784599564,7.121735950800887,7.451068935907139,0.32933298510625164,73.00339370338915,71.27,0.0,69.12973519313124,7.120974496486577,8.000974532953213,0.8800000364666367,254.6518334888422,245.07,0.0,379.5728609113048,366.91999999999996,0.0
500,20.833333333333332,24.79367649210892,7.038774228073687,7.529012137029681,0.4902379089559936,50.87999329739245,47.8,0.0,52.953880710537454,7.083743354371345,7.37461667982605,0.29087332545470534,64.47641958833229,62.66,0.0,69.12835363531795,7.091063101966865,8.128592331356893,1.037529229390028,300.2311697755941,250.01,0.0,415.58758266131883,360.46999999999997,0.0
501,20.875,24.793514506539037,7.053452103914052,7.589876435294537,0.5364243313804851,55.67314883313435,48.52,0.0,52.953493273280586,7.049473669903681,7.336599972984036,0.28712630308035525,63.64537041611709,54.11,0.0,69.12804288259852,7.0526370507447185,8.203041999082734,1.1504049483380152,332.89266552805327,336.89,3.997334471946715,452.2111847773047,439.52,0.0
502,20.916666666666668,24.79352036676115,7.055834068335211,7.621960185007853,0.5661261166726419,58.755781864635594,57.49,0.0,52.9534956058312,7.044076976947956,7.345185636576059,0.3011086596281034,66.74474896969396,61.09,0.0,69.12793395851483,7.044693385316685,8.150933694252213,1.1062403089355284,320.1122399787807,315.26,0.0,445.6127708131102,433.84000000000003,0.0
503,20.958333333333332,24.793537503166323,7.0537218054558215,7.577168921034002,0.5234471155781808,54.32635042257566,54.6,0.2736495774243437,52.95353673895986,7.042843259648818,7.330556769811069,0.28771351016225033,63.775585037792254,60.31,0.0,69.12794309622362,7.042659290858652,8.118729371454544,1.0760700805958914,311.38193629753675,311.29,0.0,429.4838717579047,426.20000000000005,0.0
504,21.0,24.793694609960777,7.05116911561642,7.611441602344688,0.5602724867282678,58.14866757499644,48.56,0.0,52.95382795218465,7.050541310803482,7.30238470980544,0.2518433990019586,55.82479748259805,55.11,0.0,69.12808267442652,7.0487774377976375,7.976802864298857,0.9280254265012191,268.542860652314,297.69,29.147139347685993,382.51632570990853,401.36,18.843674290091485
505,21.041666666666668,24.793571330020256,7.050905868442487,7.619119910412927,0.5682140419704398,58.97259982199115,62.46,3.4874001780088477,52.953519417109185,7.0512389260014325,7.2834482612495535,0.23220933524812093,51.472318258560094,44.32,0.0,69.1275677615069,7.052861922686623,7.909019121884526,0.8561571991979031,247.74449526140225,225.02,0.0,358.18941334195347,331.8,0.0
506,21.083333333333332,24.793634849603315,7.050019132919143,7.5700677551185125,0.5200486221993694,53.973847160972085,49.98,0.0,52.953675895202096,7.044501098551064,7.276279426512674,0.23177832796161013,51.37693152290828,46.4,0.0,69.12765335300172,7.043823202891508,7.8424654878138425,0.7986422849223347,231.10180576732137,256.26,25.158194232678625,336.45258445120174,352.64,16.187415548798242
507,21.125,24.793669546208832,7.049284326368957,7.570541433248273,0.5212571068793164,54.099346847238145,52.55,0.0,52.95374183284051,7.052503626623179,7.279607340811417,0.22710371418823794,50.34080021138758,44.13,0.0,69.12749480077461,7.052210143861337,7.719160694155952,0.6669505502946151,192.99394224126198,191.25,0.0,297.4340892998877,287.93,0.0
508,21.166666666666668,24.793401146202935,7.049247826716447,7.587090363676299,0.5378425369598521,55.82008300300306,50.19,0.0,52.953289352648085,7.039008479916148,7.410635353249262,0.3716268733331143,82.37573037531126,44.32,0.0,69.12672264177795,7.042417496480005,7.710864198398867,0.668446701918862,193.42471959359588,179.89,0.0,331.62053297191017,274.4,0.0
509,21.208333333333332,24.793388745216255,7.045329595576353,7.564879412682316,0.5195498171059629,53.921542861427206,56.08,2.1584571385727926,52.95341850468102,7.023928330007075,7.553640750302269,0.5297124202951942,117.41764944317313,108.76,0.0,69.12667758221336,7.024430792329998,7.691770245065306,0.667339452735308,193.1041951573025,192.18,0.0,364.44338746190283,357.02,0.0
510,21.25,24.793301457173293,7.039723037699106,7.5780993521720585,0.538376314472953,55.87525653327556,46.23,0.0,52.95342274120655,7.024527951176818,7.744949423787835,0.720421472611017,159.6908047631835,114.48,0.0,69.12636985560422,7.0256783495262365,7.65353026115001,0.6278519116237735,181.6771027928987,179.17,0.0,397.2431640893577,339.88,0.0
511,21.291666666666668,24.79318498057864,7.033801274227428,7.583801214026497,0.5499999397990694,57.081343532876424,60.22,3.1386564671235746,52.95347103770117,7.011353130619152,8.047467035249543,1.0361139046303913,229.66835450357212,194.01,0.0,69.12599656078808,7.01286395781434,7.6245069688028515,0.6116430109885114,176.98589117345568,169.23,0.0,463.7355892099042,423.46,0.0
512,21.333333333333332,24.793118144012233,7.026834239670633,7.5295766053822115,0.5027423657115788,52.176609937999764,48.42,0.0,52.95362386794669,7.007544619465346,8.302066655740296,1.2945220362749499,286.9487637282556,254.99,0.0,69.12593449284556,7.008200453249195,7.655184652903785,0.6469841996545895,187.21209966991773,169.78,0.0,526.3374733361732,473.19000000000005,0.0
513,21.375,24.793029836598805,7.020177835418273,7.78777834847848,0.7676005130602075,79.6643621822187,50.49,0.0,52.953499487622445,6.999731720321888,8.466352508801746,1.466620788479858,325.096075475081,309.06,0.0,69.12561653592444,7.00141630226929,7.682478568614994,0.6810622663457035,197.0720621672561,189.85,0.0,601.8324998245557,549.4,0.0
514,21.416666666666668,24.793076400044335,7.012871372149398,7.9898031681991055,0.9769317960497075,101.389711534591,104.11,2.7202884654089985,52.95348010400402,6.990285450764887,8.480627741455569,1.4903422906906822,330.3541421688928,331.48,1.1258578311072256,69.12554957930395,6.99071782831567,7.670223579387984,0.6795057510723135,196.62147871892736,189.51,0.0,628.3653324224111,625.1,0.0
515,21.458333333333332,24.792361640578875,7.0051287019023665,8.053962760357141,1.0488340584547746,108.84886474240629,93.56,0.0,52.95267446398265,6.9638424006997885,9.231177225100948,2.2673348244011597,502.5771998009336,319.48,0.0,69.12354898282521,6.9729457249679125,7.680245555874578,0.7072998309066652,204.6580378872265,188.95,0.0,816.0841024305664,601.99,0.0
516,21.5,24.793141460651377,6.9901782198132345,8.063532037607107,1.0733538177938726,111.39704939336706,119.42,8.022950606632946,52.95433158914439,6.95222512980519,9.213171945369776,2.260946815564586,501.17691799939854,679.1,177.92308200060148,69.12582126979149,6.943255582289204,7.720330206085911,0.7770746237967066,224.85484764120864,205.67,0.0,837.4288150339742,1004.1899999999999,166.76118496602578
517,21.541666666666668,24.793301048586518,6.984143453929895,8.122930486203028,1.1387870322731333,118.1887367736724,98.25,0.0,52.95397808022959,7.018734482968377,8.580009830972685,1.5612753480043082,346.08064996500053,313.53,0.0,69.12651328622111,7.015966264594225,7.895291632846244,0.8793253682520188,254.44474060129528,229.65,0.0,718.7141273399682,641.43,0.0
518,21.583333333333332,24.793142031083747,6.988769043139162,8.365820266368463,1.3770512232293006,142.91601158686456,133.59,0.0,52.953615960860255,6.994643263051225,8.693965051559953,1.699321788508728,376.6781869396196,369.32,0.0,69.1258454405744,6.996926358115035,7.870614245988988,0.8736878878739534,252.81101658739584,265.13,12.318983412604155,772.4052151138801,768.04,0.0
519,21.625,24.793250604480555,6.991106492603515,8.871937982056144,1.8808314894526292,195.20124417327017,147.74,0.0,52.953516892365116,6.993593364908021,8.633397231413511,1.6398038665054901,363.48453598525697,374.78,11.295464014743004,69.12544587338314,6.994445075016493,7.691513216207381,0.6970681411908881,201.70302142369692,226.07,24.36697857630307,760.388801582224,748.5899999999999,0.0
520,21.666666666666668,24.79312511406489,6.991015684609756,9.100066041871502,2.1090503572617454,218.8857281023932,239.33,20.444271897606825,52.95286382775287,6.974345876033106,8.470561181484738,1.4962153054516323,331.65211397706366,342.64,10.987886022936323,69.12474948893119,6.9775346422119116,7.667400931662466,0.6898662894505545,199.61708896219008,162.37,0.0,750.1549310416469,744.34,0.0
521,21.708333333333332,24.792950006267702,6.986249033100666,9.242777255985418,2.256528222884752,234.1899200745498,194.09,0.0,52.95206001890612,6.95991579776326,8.106149969022141,1.1462341712588806,254.07119820647858,310.82,56.74880179352141,69.12478759161908,6.962953541111061,7.990513063147282,1.0275595220362215,297.3308838619186,222.31,0.0,785.592002142947,727.22,0.0
522,21.75,24.79320039958718,6.977438703371035,9.660169277118031,2.682730573746997,278.4254136043748,271.17,0.0,52.95175179990558,6.947935065064973,7.519883916646918,0.5719488515819444,126.77591354023733,186.35,59.57408645976267,69.12550949776214,6.946740988923024,8.188269319119646,1.2415283301966227,359.2478713018087,358.96,0.0,764.4491984464208,816.48,52.03080155357918
523,21.791666666666668,24.793365656378512,6.970158024730583,9.725546046880376,2.755388022149793,285.9680247865175,282.37,0.0,52.951781011074004,6.967321881273388,7.294758247007277,0.327436365733889,72.57828593802424,55.08,0.0,69.1257840319276,6.965840845136682,8.165518848706256,1.1996780035695744,347.13946529078225,346.19,0.0,705.685776015324,683.64,0.0
524,21.833333333333332,24.793484271430025,6.96781424368055,9.805069951040874,2.837255707360324,294.4660736021832,286.26,0.0,52.95193050037057,6.970988472099184,7.264248421634829,0.2932599495356447,65.00305643215634,78.15,13.146943567843664,69.12595856354237,6.9696594254838296,8.135702206605389,1.1660427811215595,337.40761132913605,334.64,0.0,696.8767413634755,699.05,2.1732586365244515
525,21.875,24.793674244481647,6.968801512896673,9.914764858062599,2.945963345165926,305.75069559092793,299.53,0.0,52.952167639476215,6.983762929421787,7.18614836878721,0.20238543936542275,44.8603059268981,39.59,0.0,69.12622906833703,6.9817528242721405,8.0657060985932,1.0839532743210594,313.65531539562306,326.65,12.994684604376914,664.2663169134491,665.77,1.5036830865508364
526,21.916666666666668,24.793662707635104,6.973122653013359,9.974163102425859,3.0010404494125,311.4668006483075,308.9,0.0,52.95206634790058,6.989044558539889,7.171777866049797,0.18273330750990802,40.50418065046577,37.85,0.0,69.12610854066719,6.989262784306508,8.063627169989388,1.0743643856828804,310.88010956723923,286.81,0.0,662.8510908660126,633.56,0.0
527,21.958333333333332,24.79382173349378,6.977700204302328,10.032137231547582,3.0544370272452532,317.0106656886504,310.95,0.0,52.95236107560258,6.991519315135738,7.166781363002076,0.1752620478663376,38.84833726478442,30.8,0.0,69.12642341418386,6.989723227563378,8.023475809824161,1.0337525822607834,299.12996390693627,321.33,22.200036093063716,654.9889668603711,663.0799999999999,8.091033139628848
528,22.0,24.794018891814066,6.983335070865744,10.036969548769118,3.0536344779033744,316.92989172901673,320.08,3.150108270983253,52.9527790508488,7.009111751216213,7.195470053893559,0.18635830267734654,41.30824344868839,34.59,0.0,69.12667073589523,7.0066162332858495,7.8884130034681545,0.8817967701823051,255.1604555013088,262.88,7.719544498691192,613.3985906790139,617.55,4.15140932098609
529,22.041666666666668,24.794110515816897,6.991654743165473,9.992490063745848,3.000835320580375,311.4511362324986,310.62,0.0,52.95298149611437,7.0208342890673565,7.199312861167158,0.17847857209980145,39.56177099322359,35.73,0.0,69.1267976711179,7.019308799246939,7.8204793000949495,0.8011705008480101,231.83052175562145,233.1,1.269478244378547,582.8434289813437,579.45,0.0
530,22.083333333333332,24.794175241209718,7.0010065050961865,9.966964413479324,2.965957908383138,307.83207785977504,309.17,1.3379221402249755,52.95313471162214,7.027868451467323,7.210032526698386,0.18216407523106337,40.378820800965386,31.05,0.0,69.12686387991249,7.026819659110975,7.758436215236844,0.7316165561258687,211.70426295470736,216.05,4.345737045292651,559.9151616154478,556.27,0.0
531,22.125,24.79435097796164,7.010186797725203,9.995986993499068,2.985800195773865,309.89367392509473,303.31,0.0,52.95350745125928,7.0384408434484955,7.225588991339744,0.18714814789124823,41.483891432350184,37.42,0.0,69.12703112125051,7.036274818070032,7.602896799920816,0.5666219818507843,163.9609960329846,192.64,28.679003967015376,515.3385613904295,533.37,18.0314386095705
532,22.166666666666668,24.79432321336196,7.019814575865431,10.039085007731767,3.019270431866336,313.36717047882433,313.45,0.08282952117565401,52.95340356336215,7.044446825554628,7.220062369823578,0.17561554426895043,38.92745913720011,33.23,0.0,69.12667213192076,7.044876271894511,7.4851306551068655,0.44025438321235466,127.39387920679658,119.96,0.0,479.68850882282106,466.64,0.0
533,22.208333333333332,24.79420173053109,7.027260062004702,9.974880594129123,2.9476205321244215,305.9291974405232,310.15,4.220802559476795,52.95320977353868,7.034616280812518,7.266928609658984,0.2323123288464659,51.49484705726868,32.28,0.0,69.12634562685025,7.036104032811969,7.477683768493869,0.44157973568190023,127.77678530032505,119.42,0.0,485.2008297981169,461.84999999999997,0.0
534,22.25,24.793947693746777,7.030084305248292,9.975986706285568,2.9459024010372756,305.7477424766544,298.45,0.0,52.95297348982365,7.020501508182275,7.565190901931991,0.5446893937497155,120.73647579276671,58.6,0.0,69.12564830191452,7.023764030467355,7.468895682386816,0.44513165191946147,128.8032786820058,120.73,0.0,555.287496951427,477.78000000000003,0.0
535,22.291666666666668,24.79382014360262,7.026960092130147,10.041740462787162,3.0147803706570153,312.89480267468593,309.99,0.0,52.953042809890775,7.000774600480685,7.927452797133086,0.9266781966524018,205.4088208939169,171.77,0.0,69.1252616503581,7.002767415262467,7.456299284342713,0.4535318690802468,131.23323116354436,121.47,0.0,649.5368547321472,603.23,0.0
536,22.333333333333332,24.793862851731816,7.019929775300233,10.010434160056798,2.990504384756565,310.3758072292348,312.7,2.324192770765194,52.95335458227356,6.999894762785354,8.131915216466716,1.1320204536813616,250.9267580816419,228.47,0.0,69.1254495258077,6.999384579821468,7.475327576599839,0.4759429967783708,137.7184522936392,125.63,0.0,699.0210176045159,666.8,0.0
537,22.375,24.793769953882055,7.013848879106221,10.020536562768903,3.0066876836626824,312.0542558394662,304.85,0.0,52.953384387016534,7.000377773684232,8.34988985500908,1.349512081324848,299.1367170570506,263.13,0.0,69.12532813710395,7.001225348863791,7.535189863645442,0.5339645147816512,154.50723703880485,134.53,0.0,765.6982099353216,702.51,0.0
538,22.416666666666668,24.793749606392716,7.008585748613958,10.165703196425248,3.15711744781129,327.6665988991222,316.24,0.0,52.95339166503177,6.993621242622143,8.433081775370274,1.4394605327481313,319.0749925399843,325.44,6.365007460015704,69.12539994581533,6.994028541831606,7.621777056703363,0.6277485148717563,181.64463491460475,159.41,0.0,828.3862263537112,801.09,0.0
539,22.458333333333332,24.79352082985172,7.003534159899973,9.903130689429616,2.899596529529643,300.9365923055048,336.18,35.243407694495204,52.95302216691407,6.986555213734371,8.451480724867807,1.464925511133436,324.7173676055974,302.81,0.0,69.12553044454219,6.988589383371895,7.950154947054182,0.9615655636822869,278.2381023012674,189.07,0.0,903.8920622123696,828.06,0.0
540,22.5,24.79396943356866,6.998424859680744,9.947694657925139,2.9492697982443943,306.09750448867237,261.78,0.0,52.95411479829471,7.0014130287464065,8.523682215252686,1.5222691865062794,337.43520663428666,337.02,0.0,69.12691398530053,6.995393542051302,7.9703017937735705,0.9749082517222689,282.1045816294879,353.95,71.8454183705121,925.6372927524469,952.75,27.11270724755309
541,22.541666666666668,24.794087249841763,7.000530920247731,10.150278049010762,3.149747128763031,326.90611005529763,347.97,21.063889944702396,52.95426343410871,7.0287126805592015,8.567113557397944,1.5384008768387423,341.0120098632155,328.22,0.0,69.12664048078292,7.02741095371767,7.760524951369745,0.7331139976520751,212.13688462946328,195.72,0.0,880.0550045479765,871.9100000000001,0.0
542,22.583333333333332,24.79435436578356,7.007999974923134,9.510510007400008,2.5025100324768736,259.73343261878426,302.35,42.61656738121576,52.95512186274457,7.044151391332683,8.575996029758826,1.5318446384261435,339.5642156380859,344.28,4.715784361914075,69.12777004963792,7.038789528574661,7.769437934397493,0.7306484058228317,211.42688560660403,213.99,2.5631143933959777,810.7245338634742,860.62,49.89546613652578
543,22.625,24.794351889300113,7.021293871640616,9.223231259464146,2.2019373878235307,228.5372252679456,212.74,0.0,52.955346147982766,7.078326457669642,8.580307447522527,1.5019809898528846,332.94574662131214,325.19,0.0,69.12821916017114,7.076151414997266,7.853057171167008,0.7769057561697421,224.81378223375154,194.18,0.0,786.2967541230092,732.1100000000001,0.0
544,22.666666666666668,24.794422173518484,7.0373679978804935,8.836649427434379,1.7992814295538855,186.74643216076313,240.74,53.993567839236874,52.955704280714905,7.079232623000755,8.580821398222323,1.5015887752215678,332.8610550780255,331.06,0.0,69.12888019032275,7.076544647037039,7.95213929674618,0.8755946497091411,253.37388178023906,241.11,0.0,772.9813690190276,812.91,39.92863098097234
545,22.708333333333332,24.794478246355155,7.05364286368312,8.623484012834226,1.569841149151106,162.9333198448931,127.51,0.0,52.955866352308014,7.1094702428086345,8.402720132553505,1.29324988974487,286.6789145936584,324.99,38.31108540634159,69.12959756202982,7.107089262738239,8.095043743223474,0.9879544804852349,285.89080517226614,251.43,0.0,735.5030396108177,703.9300000000001,0.0
546,22.75,24.79425703973264,7.069678308554761,8.985782352057074,1.9161040435023127,198.87006264539048,194.52,0.0,52.954849301729844,7.0914789757664565,8.021501368428474,0.9300223926620177,206.15713299362662,237.89,31.732867006373368,69.12899412819544,7.095000200356214,8.220728274371302,1.125728074015088,325.7564012659824,306.6,0.0,730.7835969049995,739.01,8.226403095000478
547,22.791666666666668,24.79420697701335,7.077605870491556,8.851060449573842,1.7734545790822853,184.06427997343937,199.15,15.085720026560637,52.95459863474777,7.078702797283365,7.825138014221941,0.7464352169385755,165.46076426077968,163.25,0.0,69.12891844911918,7.079794144224937,8.222673557069413,1.1428794128444766,330.71919020816495,331.38,0.6608097918350495,680.244234442384,693.78,13.535765557615946
548,22.833333333333332,24.794174543222365,7.079914722569793,8.775584909683216,1.6956701871134232,175.99092046930232,164.41,0.0,52.954534017814176,7.078090709612356,7.768417141067853,0.6903264314554969,153.02305808823607,156.45,3.426941911763919,69.12879140698827,7.0784742057401555,8.164554544670604,1.086080338930449,314.2824571480312,316.44,2.157542851968799,643.2964357055696,637.3,0.0
549,22.875,24.793880676202054,7.079291212622399,8.811417886256104,1.7321266736337044,179.77255067212158,183.41,3.6374493278784144,52.95384098152927,7.0609789320242875,7.722557521126396,0.6615785891021089,146.6486713135524,138.21,0.0,69.1280496461722,7.06494489757317,8.220295861785038,1.155350964211868,334.32392679034285,298.35,0.0,660.7451487760168,619.97,0.0
550,22.916666666666668,24.79413105670118,7.0737032743084685,8.723177458301434,1.6494741839929654,171.1960102814847,171.73,0.5339897185153006,52.95443616973482,7.056014225194877,7.7292554012020185,0.6732411760071413,149.23553340682705,143.73,0.0,69.12855856016998,7.053198547604811,8.084637594387383,1.0314390467825714,298.46973057271595,356.96,58.490269427284034,618.9012742610278,672.42,53.51872573897219
551,22.958333333333332,24.794147116251818,7.070284063954081,8.748340644451357,1.6780565804972758,174.16263950605702,166.23,0.0,52.954452342858694,7.075376862025365,7.734020007796365,0.6586431457709994,145.9996724904283,143.43,0.0,69.1281837953466,7.075212239236797,7.886378307106342,0.8111660678695447,234.72759340018956,225.67,0.0,554.8899053966749,535.3299999999999,0.0
552,23.0,24.793916258989242,7.069310291296345,8.84928956267568,1.779979271379334,184.73930219076433,177.85,0.0,52.95386590395961,7.055211645652674,7.695630067995281,0.6404184223426066,141.958274450826,137.17,0.0,69.12742576401202,7.058532420342258,7.867061563296424,0.8085291429541659,233.96197935563185,229.37,0.0,560.6595559972222,544.39,0.0
553,23.041666666666668,24.794064543874896,7.0648687092062055,8.811937191766367,1.7470684825601612,181.32466361842975,187.46,6.135336381570255,52.95415595182096,7.049998057295213,7.66871651746634,0.6187184601711273,137.14890609310166,135.32,0.0,69.12755562942432,7.048796157201013,7.720360392210928,0.6715642350099147,194.32916454419328,224.08,29.750835455806737,512.8027342557247,546.86,34.057265744275355
554,23.083333333333332,24.794049084860674,7.061386973765907,8.687618578987896,1.6262316052219896,168.7831460941431,170.75,1.9668539058569081,52.954178548323036,7.060124148290154,7.672169353491718,0.6120452052015644,135.6697296036699,127.51,0.0,69.12738352940181,7.060012103345423,7.619482066322386,0.559469962976963,161.89227203047835,149.52,0.0,466.34514772829135,447.78,0.0
555,23.125,24.793986049825236,7.059686428671996,8.661146428744308,1.6014600000723123,166.21173090819727,162.34,0.0,52.95407322393493,7.053283917488339,7.67760828762753,0.624324370139191,138.39133007195292,132.39,0.0,69.12718446907085,7.053950297041558,7.591405201860901,0.5374549048193433,155.52138784597585,159.21,3.688612154024156,460.124448826126,453.94000000000005,0.0
556,23.166666666666668,24.793745125302795,7.057317302669016,8.70361749135073,1.646300188681714,170.86392730534095,165.69,0.0,52.95364299513566,7.0420931457840314,7.779967947420101,0.7378748016360692,163.5602428244672,132.96,0.0,69.12650531626285,7.045379822482058,7.598096978172745,0.5527171556906874,159.9361990095989,136.6,0.0,494.36036913940706,435.25,0.0
557,23.208333333333332,24.793649281660294,7.051457976774652,8.752817428355339,1.7013594515806867,176.57765935340026,171.71,0.0,52.95358646397585,7.02226121185855,7.944617904677881,0.9223566928193314,204.45300918373448,183.16,0.0,69.12622098632356,7.02396566355359,7.595557231518132,0.5715915679645418,165.3970856617771,168.26,2.862914338222879,546.4277541989118,523.13,0.0
558,23.25,24.79364431179165,7.0430964766765305,8.717886170506999,1.6747896938304683,173.82004989720326,177.16,3.3399501027967347,52.95382513987244,7.020633708194091,8.183766617554427,1.1631329093603364,257.8255214123793,215.05,0.0,69.12607159143509,7.020855604362839,7.512494701923566,0.49163909756072677,142.2615425991798,147.39,5.128457400820196,573.9071139087623,539.6,0.0
559,23.291666666666668,24.793673595494557,7.035862680823564,8.712202309560686,1.6763396287371224,173.9811172321617,166.02,0.0,52.95403364714673,7.022008017045141,8.314230164060723,1.2922221470155817,286.44117797039837,290.59,4.148822029601604,69.1261403059092,7.021511136369645,7.492549633809446,0.4710384974398014,136.30065268104602,121.77,0.0,596.7229478836061,578.38,0.0
560,23.333333333333332,24.793408113486077,7.030549880629472,9.093115952168175,2.0625660715387024,214.0638453720752,177.69,0.0,52.95330782256833,7.009713900824931,8.33270661641169,1.322992715586759,293.25793439780443,272.12,0.0,69.12527484474455,7.014067192663756,7.548659657609644,0.534592464945888,154.6888205761483,135.56,0.0,662.0106003460279,585.37,0.0
561,23.375,24.79247919588952,7.020512343966139,9.438188679459877,2.417676335493738,250.9096363870145,247.07,0.0,52.95196656223497,6.943912223820926,9.179957766791526,2.2360455429706,495.63499493313554,304.48,0.0,69.12245999452612,6.957293411218939,7.562851996516325,0.6055585852973859,175.2163283763418,158.72,0.0,921.7609596964919,710.27,0.0
562,23.416666666666668,24.793391796333523,6.996526064137176,9.292092035610747,2.2955659714735708,238.24563127396488,251.12,12.87436872603513,52.95406839795624,6.933644845411024,9.25504871379632,2.321403868385296,514.5756838390112,680.21,165.63431616098887,69.12511579848623,6.923247288696162,7.561367849915873,0.6381205612197114,184.6451200807439,176.73,0.0,937.4664351937199,1108.06,170.59356480628003
563,23.458333333333332,24.793742670975544,6.983524192473235,9.24644172343438,2.262917530961145,234.8605320535418,221.31,0.0,52.95420395863339,7.015834382880306,8.650550363749955,1.6347159808696494,362.3614393862015,339.46,0.0,69.1263022501356,7.0100908861826,7.680640583050542,0.6705496968679423,194.03207158733474,177.73,0.0,791.254043027078,738.5,0.0
564,23.5,24.79363268559437,6.987152110357863,9.455252390587221,2.4681002802293577,256.15461706781167,244.82,0.0,52.953867638043214,7.005858737970088,8.665400284736519,1.6595415467664312,367.8620943029708,376.03,8.167905697029198,69.12583140300359,7.006982856158282,7.67547710625004,0.6684942500917579,193.43598437646466,195.63,2.1940156235353356,817.4526957472472,816.4799999999999,0.0
565,23.541666666666668,24.793498018885973,6.991954944122822,9.385548926745503,2.393593982622681,248.42054625059944,264.06,15.639453749400559,52.953624787293684,7.000069036837307,8.708652357322853,1.7085833204855456,378.73119677645224,350.22,0.0,69.12558405127004,7.001909963179163,7.7406365558973915,0.7387265927182289,213.7577014381176,176.36,0.0,840.9094444651693,790.64,0.0
566,23.583333333333332,24.7938526450281,6.994803169064052,9.17488529962319,2.1800821305591382,226.26433052500917,228.79,2.5256694749908206,52.9544300960228,7.010165114878447,8.628116253005631,1.617951138127184,358.64677033329497,398.19,39.54322966670503,69.12685908869285,7.005010420664483,7.8003986466133,0.795388225948817,230.15753956964733,236.74,6.582460430352683,815.0686404279516,863.72,48.65135957204848
567,23.625,24.793951473555676,7.002028391412243,8.861577449414215,1.8595490580019716,192.99791228105246,219.78,26.782087718947537,52.954589024831044,7.043807965187552,8.423714712571819,1.3799067473842666,305.8810442155612,309.3,3.418955784438822,69.12760173080817,7.040833489498642,7.942236141050107,0.9014026515514653,260.8372094323478,209.03,0.0,759.7161659289615,738.11,0.0
568,23.666666666666668,24.79372804775534,7.013790028159357,8.828785211765357,1.8149951836060003,188.37208040145,161.52,0.0,52.954200538488024,7.042494138067888,8.41934892010974,1.3768547820418524,305.2022823912373,292.48,0.0,69.12753697109179,7.044087006946461,8.166419759440178,1.1223327524937163,324.7670377520954,298.79,0.0,818.3414005447828,752.79,0.0
569,23.708333333333332,24.794002713097054,7.022485310752074,8.920334217106648,1.8978489063545734,196.97336412639012,211.46,14.486635873609885,52.95460264970113,7.041146429366835,8.282581043685346,1.2414346143185107,275.18628673661567,308.06,32.87371326338433,69.12819956365522,7.038176544220673,8.146485457663866,1.1083089134431932,320.712063339598,337.26,16.547936660402,792.8717142026038,856.78,63.90828579739616
570,23.75,24.794327147009316,7.031771539138503,8.65504670450178,1.6232751653632773,168.47819288146266,178.05,9.57180711853735,52.955064522019626,7.078224782094593,7.922034052021162,0.8438092699265685,187.0471165589414,231.8,44.7528834410586,69.12920554650039,7.0731789276974775,8.119665691258533,1.046486763561055,302.8269548554787,290.36,0.0,658.3522642958827,700.21,41.85773570411732
571,23.791666666666668,24.79414311697866,7.046038196708531,8.607662872616224,1.5616246759076935,162.07834393980278,154.3,0.0,52.95447683434519,7.084960515711205,7.680574219709407,0.5956137039982021,132.02816501121532,130.87,0.0,69.12887013183644,7.086390110882324,8.187290276629522,1.1009001657471975,318.57127947722716,301.55,0.0,612.6777884282453,586.72,0.0
572,23.833333333333332,24.794088890134237,7.057277028877713,8.618182447571087,1.5609054186933742,162.00333915293555,165.51,3.5066608470644383,52.954295202357365,7.070387544677791,7.613636343920013,0.5432487992422219,120.42015758830733,121.64,1.2198424116926674,69.12863165005156,7.071389605679612,8.143733745312685,1.0723441396330733,310.30685316687095,321.99,11.683146833129058,592.7303499081138,609.14,16.409650091886192
573,23.875,24.79415511876385,7.063401955752244,8.521186816337627,1.4577848605853827,151.301061029702,153.94,2.6389389702979997,52.95446542657823,7.074849340378937,7.59508792892093,0.5202385885419929,115.31993128327179,107.54,0.0,69.12861284925371,7.07409343488934,8.008163103184023,0.9340696682946827,270.2939568232178,284.74,14.446043176782212,536.9149491361916,546.22,9.305050863808447
574,23.916666666666668,24.794107307964016,7.0678205219689065,8.476612301459266,1.4087917794903593,146.21586884832482,144.02,0.0,52.95438394074889,7.075094240347875,7.589015766528895,0.5139215261810204,113.91946924440334,111.48,0.0,69.12831151726684,7.075590809562816,7.904988375126363,0.8293975655635473,240.00369584657133,241.59,1.5863041534286708,500.13903393929945,497.09000000000003,0.0
575,23.958333333333332,24.79396653572896,7.070101283063253,8.474188029252527,1.4040867461892743,145.72671483558932,143.81,0.0,52.95408358989382,7.065569872503615,7.584850297782674,0.5192804252790593,115.10670773000072,104.67,0.0,69.1278374913476,7.067518397596446,7.861051227311163,0.7935328297147164,229.62390276663416,223.97,0.0,490.4573253322242,472.45000000000005,0.0
576,24.0,24.794192428893027,7.069199154642455,8.442656252532108,1.3734570978896539,142.5490375931105,143.03,0.4809624068894891,52.954355992113,7.067060787457214,7.354075401776014,0.2870146143188004,63.621649621760355,113.93,50.30835037823965,69.12834904388356,7.064576223806734,7.792671377515022,0.7280951537082885,210.6898186524499,220.78,10.0901813475501,416.86050586732074,477.74,60.87949413267927
577,24.041666666666668,24.794139568482972,7.069915774341746,8.41511794502123,1.3452021706794834,139.61620371899699,137.38,0.0,52.954004028737884,7.078667450904577,7.10900417934553,0.03033672844095303,6.724604890978873,0.71,0.0,69.1280980319035,7.07925366195469,7.7447142987371285,0.6654606367824387,192.5644897767491,185.84,0.0,338.90529838672495,323.93,0.0
578,24.083333333333332,24.79391795770152,7.070865528981481,8.461177976897757,1.3903124479162754,144.29683153190177,137.19,0.0,52.95349062707587,7.059660644760863,7.0885247269521745,0.02886408219131109,6.398108049581432,0.1,0.0,69.12741349639607,7.062776735211772,7.725458738267882,0.6626820030561102,191.75853703610858,184.47,0.0,342.4534766175918,321.76,0.0
579,24.125,24.793840566342645,7.067280692593252,8.471853490458892,1.4045727978656402,145.77642030303306,146.87,1.0935796969669411,52.95330442448197,7.045184973692184,7.078989447343264,0.03380447365108008,7.493185233272926,0.05,0.0,69.12713026470242,7.046791167911807,7.698679206547349,0.6518880386355423,188.63434324088746,184.21,0.0,341.9039487771935,331.13,0.0
580,24.166666666666668,24.793938591365304,7.061119238226919,8.420615154838087,1.3594959166111682,141.09858312520723,140.01,0.0,52.95353813108069,7.046004070108516,7.080112055384768,0.03410798527625136,7.56049575639672,2.32,0.0,69.12726257111282,7.04496446964768,7.609358710718806,0.5643942410711258,163.3169109592741,178.18,14.863089040725896,311.97598984087807,320.51,8.53401015912192
581,24.208333333333332,24.79351849768065,7.056088239305251,8.418571744482888,1.3624835051776367,141.40626131146962,137.51,0.0,52.95304530042143,7.034144686161281,7.493900711021798,0.4597560248605168,101.9101860260765,0.18,0.0,69.12594886832774,7.039301786998109,7.530262948882636,0.49096116188452665,142.06512173919248,133.22,0.0,385.38156907673863,270.90999999999997,0.0
582,24.25,24.793535209107432,7.047098696264034,8.408835690471074,1.3617369942070399,141.3288794303889,140.68,0.0,52.953425546050184,7.009368443449512,7.817103027645212,0.8077345841956998,179.04490290943005,192.71,13.665097090569958,69.12600145656114,7.009544191087239,7.508271894354892,0.4987277032676527,144.31256743133494,135.62,0.0,464.6863497711539,469.01,4.323650228846077
583,24.291666666666668,24.793747925005583,7.037478698826375,8.424509662368552,1.387030963542177,143.95526776677843,137.29,0.0,52.953701468223656,7.028298711971723,7.638935827254219,0.6106371152824961,135.35638419685037,154.15,18.793615803149635,69.1266576123848,7.025702336151525,7.545213574319417,0.5195112381678921,150.32794798698285,137.76,0.0,429.6395999506117,429.2,0.0
584,24.333333333333332,24.793552106250658,7.033331266005011,8.413319698563493,1.3799884325584815,143.22321604485865,146.07,2.8467839551413476,52.953365437505624,7.0263444660773855,7.725772425934362,0.6994279598569761,155.03715139218775,104.89,0.0,69.12617160732314,7.028411903012234,7.577917082288548,0.5495051792763137,159.00600250091807,147.75,0.0,457.26636993796444,398.71,0.0
585,24.375,24.793497963977725,7.029477503991992,8.63019687519753,1.600719371205538,166.1315923231213,135.65,0.0,52.95322893304638,7.012878732278496,7.784831202458633,0.7719524701801364,171.11269542898927,194.29,23.177304571010723,69.1259728853486,7.01429479017975,7.6056063514247665,0.5913115612450168,171.10269537025613,155.16,0.0,508.34698312236674,485.1,0.0
586,24.416666666666668,24.79344480418651,7.023934315328361,8.737278382351462,1.713344067023101,177.82003071474585,192.7,14.879969285254134,52.952931988919616,7.00297900030482,7.698299146095091,0.6953201457902711,154.12534027487536,136.53,0.0,69.12579120214617,7.004453384636979,7.656274654353328,0.6518212697163488,188.6113689105451,172.09,0.0,520.5567399001663,501.32000000000005,0.0
587,24.458333333333332,24.793480509861684,7.01763494291054,8.654876033999715,1.6372410910891748,169.92190067268325,158.31,0.0,52.95312958261102,7.00396442176771,7.7704060922604405,0.7664416704927302,169.89084060814886,160.53,0.0,69.12602125647874,7.00336762774882,7.687632572654119,0.6842649449052987,197.99994794789288,190.34,0.0,537.812689228725,509.18000000000006,0.0
588,24.5,24.793394545802244,7.012879830878612,8.757215255103079,1.7443354242244666,181.0361129011672,177.31,0.0,52.95293671099635,7.000915934319065,7.817277974327544,0.816362040008479,180.95562049475157,168.14,0.0,69.12583792996453,7.0021388756037535,7.753823026897435,0.7516841512936816,217.507895475334,190.9,0.0,579.4996288712528,536.35,0.0
589,24.541666666666668,24.79345802839907,7.0084509878393675,8.665231868767615,1.6567808809282472,171.94969179963417,180.5,8.550308200365833,52.95313658965844,6.998920820559549,7.840304969030949,0.8413841484714002,186.50274988485663,182.78,0.0,69.1262515762852,6.997889726215963,7.8464378592772865,0.8485481330613238,245.53799990236544,229.66,0.0,603.9904415868563,592.9399999999999,0.0
590,24.583333333333332,24.793574304310862,7.006229192675944,8.302528866135587,1.296299673459643,134.5376309213733,158.83,24.292369078626706,52.953698081080674,7.015712736581149,7.968786300465473,0.953073563884324,211.26227017764433,179.22,0.0,69.12698066278011,7.012763878154855,7.926184041557604,0.9134201634027486,264.3123197930326,247.15,0.0,610.1122208920502,585.2,0.0
591,24.625,24.793383321650513,7.008805458469659,8.913462036813968,1.9046565783443086,197.67497837157168,105.05,0.0,52.95312403255375,7.017864722658705,8.01215432036133,0.9942895977026245,220.39599927850523,232.79,12.394000721494763,69.1262824253458,7.021056052274359,7.981669478316066,0.9606134260417072,277.965616068718,267.4,0.0,696.0365937187948,605.24,0.0
592,24.666666666666668,24.79352066414142,7.008563544356638,8.879235250611044,1.8706717062544067,194.14893041387413,287.81,93.66106958612588,52.953067047701026,6.9904804707084685,7.785477794963044,0.7949973242545756,176.220330126185,197.12,20.899669873815014,69.12658558131207,6.9899139526784015,8.029283865260549,1.0393699125821474,300.75611818857425,274.5,0.0,671.1253787286335,759.4300000000001,88.30462127136661
593,24.708333333333332,24.79411467209769,7.008482489055833,7.9081186306386835,0.8996361415828504,93.3715834185826,94.58,1.2084165814173957,52.95465341518846,7.05483362734436,7.551511464943997,0.4966778375996368,110.09767190770759,144.01,33.9123280922924,69.12922048452819,7.043936340588031,8.164144415546694,1.1202080749586631,324.16011865590536,313.32,0.0,527.6293739821956,551.91,24.280626017804366
594,24.75,24.794256114711356,7.022630706052733,8.108766250881612,1.0861355448288785,112.72865714963793,87.01,0.0,52.95464489298218,7.092185152327408,7.273124774162862,0.18093962183545376,40.108550061842,64.19,24.081449938157995,69.12952927686933,7.0890162928483615,8.15159797181149,1.062581678963129,307.4858585987865,321.47,13.984141401213549,460.32306581026637,472.67,12.346934189733645
595,24.791666666666668,24.794122374739278,7.042180589640644,8.221532831558111,1.1793522419174671,122.4028419445778,133.98,11.577158055422188,52.954155370883946,7.08697454616932,7.149646706065543,0.06267215989622255,13.892292910712463,3.44,0.0,69.1288200954616,7.088957997256861,8.039233676174119,0.950275678917258,274.9843529753623,279.6,4.615647024637724,411.27948783065256,417.02,5.740512169347426
596,24.833333333333332,24.79394296865097,7.0564186014900265,8.260094549482762,1.2036759479927355,124.92645157122709,105.77,0.0,52.953751438587936,7.072389588746347,7.133636339147862,0.06124675040151484,13.576224395408259,11.81,0.0,69.12816304165855,7.07520697492502,7.963441799065056,0.888234824140036,257.0289467338175,256.21,0.0,395.5316227004529,373.78999999999996,0.0
597,24.875,24.793597075067975,7.061795091625113,8.448519974962162,1.386724883337049,143.92262507584363,139.6,0.0,52.95293624934991,7.042293523021839,7.166047614574675,0.12375409155283634,27.431454591204623,2.72,0.0,69.1270439171741,7.047837165969195,7.957519327689244,0.909682161720049,263.2309117819307,243.56,0.0,434.58499144897894,385.88,0.0
598,24.916666666666668,24.793634199514344,7.056743966248517,8.427796791138856,1.3710528248903397,142.2962979249563,143.66,1.3637020750437046,52.952995059579244,7.023533599553858,7.14297632168247,0.11944272212861229,26.475821575825325,39.84,13.364178424174678,69.12715387829833,7.023902182342537,7.9588716287301375,0.9349694463876004,270.5486176510736,268.79,0.0,439.3207371518552,452.29,12.969262848144808
599,24.958333333333332,24.793736553476123,7.048672911634556,8.414937903058927,1.3662649914243712,141.79997249074074,136.22,0.0,52.953135426776164,7.033426006148125,7.063393902950712,0.029967896802586935,6.6427386935709585,0.49,0.0,69.1273483244572,7.032300424070062,7.913629016930568,0.8813285928605064,255.02748151250458,258.16,3.132518487495446,403.4701926968163,394.87,0.0
600,25.0,24.793913172961616,7.043585836776367,8.406971181403899,1.363385344627532,141.5021117851464,142.79,1.2878882148535808,52.95350726692037,7.0415823473412775,7.07080227380094,0.029219926459662204,6.476987703872837,0.17,0.0,69.12750980197544,7.039372020649632,7.7509781092112195,0.7116060885615871,205.91585702511276,237.58,31.664142974887255,353.894956514132,380.53999999999996,26.645043485867973
601,25.041666666666668,24.793937965565547,7.0429606842440515,8.447092103190096,1.4041314189460445,145.73118338461308,135.5,0.0,52.95354137807127,7.0525249794017375,7.084512269263199,0.03198728986146193,7.090415400573875,0.17,0.0,69.12720925914033,7.0522984162208155,7.582599374945757,0.5303009587249417,153.45133129041005,159.29,5.838668709589939,306.272930075597,294.96,0.0
602,25.083333333333332,24.79382020041889,7.044299787067376,8.527478088204308,1.483178301136932,153.93452453318798,151.5,0.0,52.95322261176314,7.041662807686255,7.074988211251,0.03332540356474478,7.386981931890985,1.39,0.0,69.12666669840264,7.043579040770224,7.512263780918277,0.4686847401480527,135.62059744567216,132.35,0.0,296.94210391075114,285.24,0.0
603,25.125,24.793794016027014,7.043324618976766,8.47108442885447,1.4277598098777036,148.18265289114606,151.84,3.6573471088539407,52.95317228706996,7.034397041100725,7.0651876468504575,0.03079060574973269,6.825106611057893,0.75,0.0,69.12655954586158,7.034994202309795,7.484533682579934,0.4495394802701389,130.08044248754405,123.52,0.0,285.088201989748,276.11,0.0
604,25.166666666666668,24.79384976690116,7.041097511200763,8.424474587552744,1.383377076351981,143.57663288096444,139.83,0.0,52.95331994222197,7.0368361504967165,7.067580117599532,0.030743967102815795,6.8147875986438775,0.27,0.0,69.12666599417912,7.036104656688856,7.440868684584403,0.40476402789554733,117.1242287750561,121.25,4.125771224943904,267.5156492546644,261.35,0.0
605,25.208333333333332,24.793532061485465,7.0394064987522365,8.413591591256731,1.3741850925044945,142.62079639749538,142.72,0.09920360250461613,52.95297403522247,7.026563038992147,7.4042925585760555,0.37772951958390877,83.72795943982777,0.74,0.0,69.12570954779449,7.030398622936826,7.396815380949689,0.3664167580128632,106.02643377150528,97.42,0.0,332.37518960882846,240.88,0.0
606,25.25,24.793479734869013,7.034082057890939,8.409155221872362,1.3750731639814235,142.71266434481777,137.84,0.0,52.95323878495899,7.00697768436172,7.7608875650850235,0.7539098807233033,167.1133661532724,155.46,0.0,69.1255833195498,7.007838753792632,7.381945753767561,0.3741069999749289,108.2514862038531,99.02,0.0,418.0775167019433,392.32,0.0
607,25.291666666666668,24.79363663091686,7.027033457082157,8.445117707230816,1.4180842501486586,147.17752304434765,142.99,0.0,52.95356546183564,7.016458873877507,7.764759340910856,0.7483004670333484,165.8709941291985,167.65,1.7790058708015124,69.126015513686,7.0146338219583715,7.386519773270365,0.3718859513119934,107.60947705024587,101.91,0.0,420.657994223792,412.54999999999995,0.0
608,25.333333333333332,24.793639113736827,7.023528816245869,8.445348951445476,1.4218201351996074,147.56527099605603,146.8,0.0,52.95359725699377,7.02300507386496,7.797404770366878,0.7743996965019182,171.65634701188026,152.85,0.0,69.12600916048567,7.022717911299019,7.383099471538381,0.36038156023936274,104.28053959789922,97.72,0.0,423.5021576058355,397.37,0.0
609,25.375,24.79365233192912,7.022482582798149,8.40011624667209,1.3776336638739402,142.9794024505392,143.71,0.7305975494608106,52.95366487197964,7.023581363637874,7.811857087172169,0.7882757235342952,174.7323824222893,179.45,4.7176175777106835,69.12614243257512,7.02316789993972,7.415910387403573,0.39274248746385254,113.644764312762,95.22,0.0,431.3565491855905,418.38,0.0
610,25.416666666666668,24.793632937685114,7.022676092417212,8.43323355566997,1.4105574632527578,146.39632490614514,137.56,0.0,52.953578645858336,7.025407334703106,7.772506573007108,0.7470992383040027,165.60476664572076,158.82,0.0,69.12618050774259,7.0255979152519235,7.468417794405921,0.4428198791539977,128.13533071844378,116.62,0.0,440.1364222703097,413.0,0.0
611,25.458333333333332,24.793657768598365,7.02308523249314,8.517380780037422,1.494295547544282,155.08733339225023,150.75,0.0,52.953637939729134,7.022928572086957,7.82650834115374,0.8035797690667836,178.12464840672922,161.21,0.0,69.12608958344912,7.022929883759425,7.415865025560239,0.39293514180081424,113.70042423557862,124.28,10.579575764421378,446.91240603455805,436.24,0.0
612,25.5,24.79358702298431,7.023207375155935,8.55095023986135,1.5277428647054156,158.55825263292422,154.94,0.0,52.95343542002111,7.021197325325566,7.799380664717698,0.7781833393921316,172.4945163343338,184.07,11.575483665666184,69.12593077955056,7.0222650735359196,7.454005301295367,0.4317402277594473,124.92884718377331,87.46,0.0,455.98161615103135,426.46999999999997,0.0
613,25.541666666666668,24.793363005847688,7.021821664181841,8.573831594676783,1.5520099304949415,161.0753778625182,157.71,0.0,52.95295223053114,7.005783765921068,7.802363839176408,0.7965800732553401,176.57078184897233,149.63,0.0,69.12561010336441,7.008681249857209,7.616896419283113,0.6082151694259039,175.99302214963478,147.18,0.0,513.6391818611253,454.52000000000004,0.0
614,25.583333333333332,24.793632051666645,7.017092340582375,8.561354461657029,1.544262121074654,160.27301051375778,159.99,0.0,52.95353270338374,7.006749101272413,7.796699769220697,0.7899506679482844,175.1032203234795,192.6,17.496779676520504,69.12636924561829,7.003613897888131,7.611679439038596,0.6080655411504656,175.95165803331247,189.98,14.02834196668752,511.3278888705497,542.57,31.242111129450336
615,25.625,24.793670137996997,7.0155498754513745,8.480263746444782,1.4647138709934078,152.01723791273338,156.04,4.022762087266614,52.9536606925372,7.02764977590086,7.816178159254554,0.788528383353694,174.78837422347527,146.32,0.0,69.12645710804189,7.026582298769835,7.583808747438941,0.5572264486691063,161.24091159139675,146.82,0.0,488.0465237276054,449.18,0.0
616,25.666666666666668,24.79362506245173,7.017660696291134,8.466686639383681,1.449025943092547,150.3887724598257,143.33,0.0,52.95359635260761,7.024106691240431,7.8225314183791195,0.7984247271386886,176.98182256907674,192.36,15.378177430923273,69.12651706293157,7.024246196853797,7.662706844798095,0.6384606479442976,184.74727181911587,160.62,0.0,512.1178668480184,496.31000000000006,0.0
617,25.708333333333332,24.79365806659967,7.0197190186062635,8.593806255367666,1.574087236761402,163.3686156740822,152.97,0.0,52.95339327380079,7.025161159261605,7.602870334232052,0.5777091749704475,128.0566935324297,150.33,22.273306467570308,69.12672205178066,7.025118995834142,7.7633988612341875,0.7382798654000453,213.63195347939978,194.11,0.0,505.05726268591167,497.41,0.0
618,25.75,24.79379070857688,7.021592302138532,8.630507230059958,1.6089149279214263,166.98414456144232,169.47,2.485855438557678,52.9533143132479,7.029069536367063,7.269930471810525,0.24086093544346188,53.38985485786182,94.0,40.61014514213818,69.12718474554424,7.027681373445669,7.8412656869682085,0.8135843135225391,235.42396011312997,218.62,0.0,455.7979595324341,482.09000000000003,26.292040467565926
619,25.791666666666668,24.79378297295446,7.02456091704612,8.612314242625422,1.5877533255793015,164.7877979906336,160.0,0.0,52.9530977860679,7.0360781098724265,7.065319364122315,0.02924125424988855,6.481665171923269,0.16,0.0,69.12723253565842,7.036078386876847,7.8811063060889825,0.8450279192121357,244.5228519955167,237.88,0.0,415.7923151580736,398.03999999999996,0.0
620,25.833333333333332,24.793728119461704,7.027528777739343,8.590929171146396,1.5634003934070524,162.25992670303057,165.19,2.930073296969425,52.952979780394976,7.030234572836326,7.061440140200269,0.03120556736394331,6.917062677279081,0.17,0.0,69.12708613828539,7.03091596595497,7.8828813458543605,0.8519653798993909,246.5297992743534,236.82,0.0,415.70678865466306,402.17999999999995,0.0
621,25.875,24.793749315884106,7.0288502262927945,8.604141406091594,1.5752911797987998,163.49417012354962,154.78,0.0,52.953028025693705,7.03035492950488,7.064029795650949,0.03367486614606907,7.464417143504854,1.04,0.0,69.12711151112171,7.030208668110582,7.864866948453225,0.8346582803426434,241.5218020552284,241.93,0.4081979447716151,412.48038932228286,397.75,0.0
622,25.916666666666668,24.793739137069675,7.029521745177594,8.585744988786978,1.5562232436093835,161.51510688862572,167.88,6.364893111374272,52.953002376916665,7.029652012570924,7.06277480123259,0.0331227886616654,7.342039332777123,1.27,0.0,69.12706727762493,7.029784759880278,7.858841816862064,0.8290570569817861,239.90084444950298,226.69,0.0,408.7579906709058,395.84000000000003,0.0
623,25.958333333333332,24.793812721819286,7.029922619689276,8.526616635191523,1.4966940155022472,155.3372321976565,150.53,0.0,52.95320160912812,7.033968850046992,7.0665956501619345,0.03262680011494279,7.232125092917756,0.79,0.0,69.12728366694257,7.032833269034007,7.838132612838903,0.8052993438048963,233.02690175275183,238.77,5.743098247248184,395.5962590433261,390.09000000000003,0.0
624,26.0,24.794007759074038,7.031692981141987,8.492971445257849,1.4612784641158623,151.66275493123283,155.67,4.007245068767162,52.95363708615712,7.0462898226909365,7.077961394532233,0.03167157184129632,7.020444920277814,1.06,0.0,69.12755844490746,7.043704569350894,7.6932805762329455,0.6495760068820511,187.96648374930206,212.75,24.783516250697943,346.6496836008127,369.48,22.830316399187325
625,26.041666666666668,24.793952732687995,7.036589746906869,8.46924830350657,1.4326585565997005,148.69203008505693,142.99,0.0,52.953536466725915,7.055240267411841,7.084915682784139,0.029675415372298453,6.577956543684277,0.37,0.0,69.12726298733732,7.055631943201634,7.614319290711749,0.5586873475101148,161.665526855138,148.11,0.0,316.9355134838792,291.47,0.0
626,26.083333333333332,24.79396593782401,7.041381309739069,8.479013436912464,1.4376321271733943,149.20830393959454,149.88,0.671696060405452,52.953549378605416,7.048196423176231,7.077172544714507,0.028976121538276445,6.422950188488407,0.15,0.0,69.12715060376337,7.04819079217633,7.542306995610253,0.49411620343392304,142.98055405130611,160.17,17.189445948693873,298.6118081793891,310.2,11.588191820610916
627,26.125,24.793937783042782,7.044529180678102,8.530888185454153,1.4863590047760509,154.26537159064017,143.91,0.0,52.95346436909819,7.05045186111928,7.080613588856506,0.030161727737226585,6.685745143532797,0.07,0.0,69.12684134429989,7.051150349549991,7.442439326157249,0.3912889766072576,113.2253182298743,110.35,0.0,274.17643496404725,254.32999999999998,0.0
628,26.166666666666668,24.793806300540027,7.045818384871887,8.598574799884434,1.5527564150125466,161.1557331151161,160.24,0.0,52.953124881987954,7.037226194030379,7.067990626508578,0.030764432478199488,6.819298887065469,0.67,0.0,69.12637778430832,7.0393331253584455,7.424689906179276,0.3853567808208309,111.50800087583703,100.53,0.0,279.4830328780186,261.44,0.0
629,26.208333333333332,24.79359068564895,7.043229533855666,8.542987627143106,1.49975809328744,155.6538493922296,157.58,1.9261506077704098,52.952912239052885,7.0222755932004715,7.298468265709338,0.27619267250886637,61.22111377453415,0.33,0.0,69.12578211040415,7.025144505387331,7.407952698196649,0.38280819280931766,110.76957922993378,106.95,0.0,327.64454239669755,264.86,0.0
630,26.25,24.793434228052792,7.036484794217535,8.497423539476705,1.4609387452591696,151.62398886386305,149.13,0.0,52.952981735295225,7.006261006067169,7.667635127519912,0.6613741214527424,146.600969203804,110.46,0.0,69.12543925864423,7.008217018703049,7.421327468341207,0.41311044963815835,119.53726325489961,98.99,0.0,417.7622213225667,358.58,0.0
631,26.291666666666668,24.793592457304452,7.027541671279325,8.504238351945704,1.4766966806663788,153.26040925111616,149.56,0.0,52.95345002477453,7.0080830649680586,7.785783694786886,0.7777006298188276,172.3875649883624,171.65,0.0,69.12592862956214,7.006132891164319,7.433233322199192,0.42710043103487294,123.58626644137458,124.69,1.1037335586254216,449.23424068085313,445.90000000000003,0.0
632,26.333333333333332,24.793612151418362,7.02194086723729,8.792721096728144,1.7707802294908541,183.782303969647,152.44,0.0,52.95331463407213,7.017719978193454,7.742008987934496,0.7242890097410424,160.54776698557194,161.97,1.422233014428059,69.12575313666282,7.018058840458892,7.40598616052417,0.38792732006527864,112.25080552529327,106.99,0.0,456.58087648051225,421.4,0.0
633,26.375,24.79231137389566,7.016652346586522,9.179766025994075,2.1631136794075534,224.48926885314367,211.39,0.0,52.95133322339488,6.951143256815385,8.764455636377068,1.8133123795616832,401.9284514900908,147.82,0.0,69.12191392613208,6.968718735092492,7.43479691471338,0.4660781796208884,134.85707939992972,101.95,0.0,761.2747997431642,461.15999999999997,0.0
634,26.416666666666668,24.793427951869283,6.994018392387959,9.063294822287325,2.069276429899366,214.7604531392062,233.89,19.129546860793795,52.95383347985542,6.923480531570885,8.81094047734775,1.8874599457768646,418.3833312526132,649.14,230.7566687473868,69.1251545643927,6.9110449173747615,7.44595772810373,0.5349128107289687,154.78124599439593,152.51,0.0,787.9250303862153,1035.54,247.61496961378464
635,26.458333333333332,24.79393456060998,6.981989724349783,9.04300217900541,2.061012454655626,213.907144792191,191.24,0.0,52.95402091469136,7.032846173258857,7.941041982622751,0.9081958093638942,201.31570683312927,176.7,0.0,69.12667760677533,7.025187128942127,7.533953871929431,0.5087667429873042,147.21891843736304,141.92,0.0,562.4417700626833,509.86,0.0
636,26.5,24.793550954609415,6.989556371835934,9.265140061985342,2.275583690149408,236.1732835250046,232.96,0.0,52.953143602281365,7.008762939952026,8.024205867474748,1.015442927522722,225.08496714407863,215.25,0.0,69.1254474590185,7.013195496674742,7.547587048528686,0.5343915518539442,154.63107081697422,137.32,0.0,615.8893214860575,585.53,0.0
637,26.541666666666668,24.79349358321951,6.994255750708859,9.503984717005874,2.509728966297015,260.47363660402067,235.63,0.0,52.95286452778054,6.991998049534067,7.994108106989549,1.0021100574554822,222.12840770673824,224.29,2.161592293261748,69.12515337192022,6.994200672487962,7.564089836702182,0.5698891642142199,164.90192723913592,156.83,0.0,647.5039715498948,616.75,0.0
638,26.583333333333332,24.79350879831694,6.993957149006933,9.502868164203566,2.5089110151966327,260.38890488116976,282.17,21.78109511883025,52.952820888387556,6.982582076923383,7.972463893903309,0.9898818169799259,219.41770664810758,209.21,0.0,69.12518886512312,6.982985611589964,7.597709649609084,0.6147240380191201,177.87534314441973,157.9,0.0,657.6819546736971,649.28,0.0
639,26.625,24.793417873988705,6.991709731935603,9.559274227532223,2.5675644955966197,266.4753159301165,234.61,0.0,52.95258299393625,6.98444627248688,7.9289595758694364,0.9445133033825561,209.3603582950077,218.97,9.609641704992299,69.12527225701567,6.985536959711329,7.773054060966676,0.7875171012553475,227.87468025515437,182.99,0.0,703.7103544802785,636.57,0.0
640,26.666666666666668,24.793437289581785,6.98824009445216,9.77885967989821,2.7906195854460494,289.62537037783676,295.37,5.744629622163245,52.95243559192497,6.970987741772388,7.8809039819432245,0.9099162401708369,201.69102869168594,188.81,0.0,69.12532921778904,6.971558220090538,7.869683391792384,0.8981251717018459,259.8802675508109,258.53,0.0,751.1966666203336,742.71,0.0
641,26.708333333333332,24.79403201553538,6.984941462234466,9.19738035823001,2.212438895995544,229.62420551138672,280.44,50.81579448861328,52.95382905528518,7.0056962682171715,7.745409685426469,0.7397134172092974,163.96837373834109,203.78,39.811626261658915,69.12737105074297,6.996621606721842,7.893919116128606,0.8972975094067639,259.64844562755,246.98,0.0,653.2410248772778,731.2,77.95897512272222
642,26.75,24.79453577187504,6.994257817391465,8.700047372753808,1.705789555362343,177.04377298673808,174.0,0.0,52.95493232220749,7.076174632460711,7.456779883821265,0.3806052513605538,84.3685174199727,112.6,28.23148258002729,69.1292621719194,7.066569247754346,7.93865516029081,0.8720859125364635,252.35994069393874,258.2,5.840059306061249,513.7722311006495,544.8,31.027768899350463
643,26.791666666666668,24.794304646089724,7.017698360487616,8.81371156993686,1.796013209449244,186.406341805352,175.79,0.0,52.95426741168454,7.091821265342946,7.300894539774468,0.20907327443152202,46.3445542389496,43.95,0.0,69.12870394902592,7.093461988502978,8.001123930975032,0.9076619424720542,262.6526366572861,232.21,0.0,495.4035327015877,451.95000000000005,0.0
644,26.833333333333332,24.794038910477298,7.038522914363253,8.880606955915235,1.8420840415519821,191.1859364433218,192.96,1.7740635566782146,52.95365654084031,7.06419905921875,7.275511804270566,0.2113127450518162,46.84042964620085,36.42,0.0,69.12807318198078,7.0679208912689075,8.071177662292515,1.003256771023607,290.3125265432512,279.08,0.0,528.3388926327739,508.46,0.0
645,26.875,24.794116071407128,7.0488680196012705,8.738135026840261,1.6892670072389908,175.32593111140162,185.16,9.834068888598381,52.953905989643225,7.059291237901259,7.281807251683581,0.22251601378232255,49.32402342603064,45.02,0.0,69.12831225385058,7.058472532037951,8.029568648949558,0.9710961169116077,281.00716621476596,287.63,6.622833785234036,505.65712075219824,517.81,12.152879247801707
646,26.916666666666668,24.794245625697165,7.0549505832986625,8.650587581727109,1.5956369984284464,165.60910918827847,160.94,0.0,52.954259671466964,7.072705848665029,7.299009389357002,0.22630354069197267,50.163920814758214,41.38,0.0,69.12848724537253,7.070726042041353,7.892737124628463,0.8220110825871103,237.86686572341273,260.28,22.413134276587243,453.6398957264494,462.59999999999997,8.960104273550542
647,26.958333333333332,24.79409112964218,7.0609855538421975,8.66047981077224,1.5994942569300417,166.0084146550363,165.9,0.0,52.95393764271341,7.0711071751590415,7.311879951557169,0.24077277639812777,53.37094153506335,46.75,0.0,69.12792286485019,7.072930630010449,7.8286746337662585,0.7557440037558099,218.6892532434988,200.85,0.0,438.06860943359845,413.5,0.0
648,27.0,24.794007409801804,7.063701057839684,8.754628561015922,1.6909275031762379,175.4975018147904,161.66,0.0,52.953695497621375,7.056705729071707,7.281527379596181,0.22482165052447378,49.83490441608762,47.78,0.0,69.12756355226462,7.058339646764867,7.787080002713715,0.7287403559488483,210.87412549584124,222.02,11.145874504158769,436.2065317267193,431.46000000000004,0.0
649,27.041666666666668,24.794046872689346,7.062358511087502,8.778280124690799,1.7159216136032969,178.0918668808261,185.21,7.118133119173905,52.9537337814419,7.052457450227717,7.272758392445101,0.22030094221738405,48.83286066887299,39.61,0.0,69.12735352725285,7.0526183827546935,7.647340156644906,0.5947217738902122,172.09291612667036,184.94,12.847083873329638,399.01764367636946,409.76,10.742356323630531
650,27.083333333333332,24.79399349831483,7.059925598639116,8.719586336250059,1.6596607376109427,172.25229901295498,166.49,0.0,52.95364278144178,7.05236991501422,7.26809683707766,0.2157269220634408,47.81888138183695,45.84,0.0,69.12711706748719,7.053045093940133,7.584246685715281,0.5312015917751483,153.71173932382504,144.1,0.0,373.782919718617,356.43,0.0
651,27.125,24.793916442275904,7.05694099302431,8.701785890016724,1.6448448969924145,170.71406707633065,173.71,2.9959329236693577,52.953460847529364,7.0437559719054414,7.2452292154361615,0.20147324353072005,44.659201277956875,37.5,0.0,69.12690309482966,7.044835783279159,7.582109586219091,0.5372738029399322,155.46835022956398,148.17,0.0,370.8416185838515,359.38,0.0
652,27.166666666666668,24.793922509283515,7.052973799256243,8.662176346827097,1.6092025475708542,167.0148835123692,163.24,0.0,52.95350640322114,7.042405880395235,7.251621136357667,0.20921525596243118,46.37536032473661,39.54,0.0,69.12690798053532,7.042383004662029,7.557684078974849,0.5153010743128199,149.11021739518372,147.61,0.0,362.5004612322896,350.39,0.0
653,27.208333333333332,24.793312222003813,7.048675785185247,8.627257371299795,1.5785815861145478,163.8327820304105,166.4,2.5672179695895068,52.95287076824309,7.017624247664023,7.909240650406629,0.8916164027426055,197.636331152865,40.95,0.0,69.12516945443535,7.025057212844103,7.514684399529748,0.4896271866856452,141.67752357491543,135.36,0.0,503.14663675819094,342.71000000000004,0.0
654,27.25,24.79363748775791,7.037511633860195,8.617504897044995,1.5799932631848002,163.9814439193081,156.73,0.0,52.953904731314516,6.9993744213812334,8.201244175322902,1.2018697539416685,266.4125133383418,344.75,78.3374866616582,69.12610856326629,6.995767140673095,7.489349870575958,0.49358272990286256,142.82403181610712,132.67,0.0,573.217989073757,634.15,60.932010926242924
655,27.291666666666668,24.793871796153738,7.029211185925486,8.618383465971988,1.589172280046502,164.9356575757634,166.87,1.934342424236604,52.95405945876618,7.037388628245329,7.869052536480439,0.83166390823511,184.3513564741964,177.08,0.0,69.12682295579413,7.034122534035899,7.5373082614926465,0.5031857274567475,145.60427809255626,137.75,0.0,494.891292142516,481.70000000000005,0.0
656,27.333333333333332,24.793666260832698,7.029097109517941,8.643876058631529,1.614778949113588,167.5919114023391,158.49,0.0,52.953690420607714,7.032216129435536,7.946001489919216,0.9137853604836801,202.553453478473,180.63,0.0,69.12629522647347,7.034329373834563,7.564896701749857,0.5305673279152945,153.52637958491607,138.24,0.0,523.6717444657281,477.36,0.0
657,27.375,24.793699301502723,7.028654134912849,8.692213381676908,1.6635592467640583,172.65486745662716,172.41,0.0,52.95378791303791,7.022652777172812,7.9989417821315,0.9762890049586881,216.40866901098957,213.76,0.0,69.12631026995983,7.022675622188043,7.540646651373026,0.5179710291849835,149.88151354698456,153.69,3.8084864530154334,538.9450500146013,539.8599999999999,0.9149499853986072
658,27.416666666666668,24.793689494326117,7.027597105018248,8.72133045685779,1.6937333518395423,175.78646042575033,168.5,0.0,52.953716029841914,7.026676826320828,7.9644737910778955,0.9377969647570676,207.87606581633688,208.31,0.4339341836631263,69.12627486153916,7.026958758091114,7.548830611512342,0.5218718534212279,151.0101893642567,130.79,0.0,534.6727156063439,507.6,0.0
659,27.458333333333332,24.793260138017803,7.025928195830079,9.452636765668544,2.426708569838465,251.85494653896498,178.83,0.0,52.95241139882947,6.9987689499901515,7.918150760630654,0.9193818106405027,203.78906347829894,196.58,0.0,69.12473935772414,7.006378154111451,7.607866422845183,0.601488268733732,174.04433509514016,156.13,0.0,629.688345112404,531.54,0.0
660,27.5,24.792924372998108,7.014459037005662,10.248007811934965,3.233548774929303,335.587979156271,322.52,0.0,52.951160866905,6.9360897868193705,7.849035926272358,0.9129461394529876,202.35776134007722,200.12,0.0,69.12317565979414,6.944385718359919,7.600202041214601,0.6558163228546823,189.76019942163336,177.01,0.0,727.7059399179816,699.65,0.0
661,27.541666666666668,24.793039212436867,6.9915925368092795,10.188172430247274,3.1965798934379945,331.7527676745092,345.77,14.017232325490795,52.95131885304593,6.918906153526152,7.828403469066759,0.9094973155406079,201.59391872203972,193.67,0.0,69.12347462987265,6.91909224740218,7.6332395446626435,0.7141472972604639,206.63913805735987,187.66,0.0,739.9858244539088,727.0999999999999,0.0
662,27.583333333333332,24.793878199340437,6.971293286421826,8.799078922711713,1.827785636289887,189.7007061286673,314.36,124.65929387133272,52.95375852133966,6.970724702240995,7.888716302286683,0.9179916000456885,203.4860876792498,198.68,0.0,69.12681602485483,6.9561046632986105,7.747798955051831,0.7916942917532204,229.08850146744564,211.01,0.0,622.2752952753627,724.05,101.77470472463722
663,27.625,24.79387050191291,6.974092690921222,9.000577626747718,2.0264849358264962,210.3230796354082,58.51,0.0,52.95396846982923,7.05294072934147,7.9671159981322015,0.9141752687907312,202.64094619262437,197.54,0.0,69.12733409323322,7.049767376588114,7.924624035646569,0.8748566590584552,253.15466480881744,232.84,0.0,666.11869063685,488.89,0.0
664,27.666666666666668,24.7929958521595,6.987495825128816,10.444109105266032,3.4566132801372156,358.73935742920054,360.81,2.070642570799464,52.951251137533326,6.966926860089316,7.862896719778861,0.8959698596895445,198.59524706801344,196.87,0.0,69.12423381440739,6.98185851129743,8.093348384100649,1.1114898728032188,321.61408816808165,259.32,0.0,878.9486926652955,817.0,0.0
665,27.708333333333332,24.793328638975815,6.98212082624567,10.509742435760066,3.5276216095143953,366.1137631440005,353.58,0.0,52.951670567092435,6.9372009843889835,7.647168779094079,0.7099677947050953,157.36840353867257,189.32,31.951596461327426,69.12510512331205,6.93585686703498,8.11643319501438,1.1805763279794004,341.6088391873257,370.58,28.97116081267427,865.0910058699988,913.48,48.388994130001265
666,27.75,24.794191061469853,6.973611397892948,9.757094871997785,2.7834834741048367,288.893529413249,375.81,86.91647058675102,52.95344816901679,6.993342102580433,7.377161347379817,0.38381924479938423,85.07857670537193,113.83,28.75142329462807,69.12753610594825,6.981042804171055,7.997470818996394,1.0164280148253395,294.12160573441594,298.92,4.798394265584079,668.0937118530369,788.56,120.46628814696305
667,27.791666666666668,24.794548248762023,6.982821992779647,8.891964142467973,1.9091421496883259,198.14982356558957,196.96,0.0,52.95461923732767,7.075484470781588,7.2962134945206465,0.22072902373905823,48.92856920856713,44.17,0.0,69.12933480518107,7.0660743342264025,8.083436676366679,1.0173623421402764,294.3996301180411,275.41,0.0,541.4780228921978,516.54,0.0
668,27.833333333333332,24.794420492267346,7.008003825033114,9.09539464314069,2.0873908181075755,216.6491327991381,195.2,0.0,52.954327465410316,7.087853819396568,7.299683848137253,0.21183002874068446,46.95568774362905,41.47,0.0,69.1290032668966,7.088049197879128,8.112489512328219,1.024440314449091,296.44639941620545,299.64,3.1936005837945345,560.0512199589725,536.31,0.0
669,27.875,24.794186204531304,7.031600723194632,9.35539926666048,2.3237985434658484,241.18348019870652,234.51,0.0,52.95368347311886,7.0697776630837215,7.28164812193229,0.21187045884856825,46.96407860670806,40.17,0.0,69.1281274669516,7.0736711625667015,8.084695585339949,1.0110244227732474,292.5604825602395,279.31,0.0,580.708041365654,553.99,0.0
670,27.916666666666668,24.794243498754422,7.044790355465623,9.552968024198623,2.5081776687330004,260.32050784816386,244.22,0.0,52.95367798297024,7.0543811483231496,7.259521011741547,0.20513986341839718,45.47214238573387,41.48,0.0,69.12780219531372,7.055104888981291,7.906439286974732,0.8513343979934405,246.34976637740778,291.93,45.58023362259223,552.1424166113055,577.63,25.487583388694475
671,27.958333333333332,24.79434513586955,7.050693833164398,9.372363146864743,2.321669313700345,240.96403528845028,273.12,32.15596471154973,52.95392283617776,7.059246295270561,7.257977282430791,0.1987309871602303,44.05172831377976,37.17,0.0,69.12770736175617,7.058172555187384,7.692673675659132,0.6345011204717483,183.60469015317162,186.06,2.455309846828385,468.6204537554016,496.35,27.729546244598396
672,28.0,24.79435617813302,7.055093854629618,9.238535667803113,2.183441813173495,226.61762436607856,204.45,0.0,52.95406222695207,7.068675270306231,7.274358708525744,0.20568343821951274,45.59296423321261,38.66,0.0,69.12766233208333,7.067923587705659,7.5858906488307385,0.5179670611250797,149.88329689309518,166.19,16.30670310690482,422.09388549238633,409.29999999999995,0.0
673,28.041666666666668,24.794275210721306,7.058895640001826,9.386440487773891,2.3275448477720646,241.573170562726,245.28,3.7068294372739956,52.953784549665386,7.060023506974586,7.263122747720613,0.2030992407460266,45.01990020588268,40.26,0.0,69.12706469734965,7.061652115723827,7.458204136111996,0.39655202038816917,114.74862943042896,118.21,3.461370569571031,401.34170019903763,403.75,2.408299800962368
674,28.083333333333332,24.79413923466025,7.059503331871122,9.391055683022463,2.331552351151341,241.9877775640696,234.03,0.0,52.95347871493974,7.049707058710262,7.253166749168476,0.20345969045821377,45.09953865228207,37.48,0.0,69.12660124390514,7.051853908624591,7.419289324142377,0.3674354155177859,106.32256423550423,95.68,0.0,393.4098804518559,367.19,0.0
675,28.125,24.79406160709967,7.05629219308238,9.413164258346836,2.3568720652644553,244.6149009455133,246.32,1.7050990544866806,52.95328554625217,7.036044123068651,7.244912596935267,0.208868473866616,46.2982983335933,40.44,0.0,69.12634171808489,7.037500685421152,7.410315915086629,0.372815229665477,107.87888350547078,101.38,0.0,398.79208278457736,388.14,0.0
676,28.166666666666668,24.793992358378496,7.050524151509805,9.372286529335184,2.3217623778253795,240.9702657246944,239.13,0.0,52.953281996774585,7.031107357508099,7.371896368336286,0.34078901082818724,75.54012313321982,39.88,0.0,69.12609504967355,7.032101626445628,7.366283680707451,0.3341820542618237,96.69953207029637,98.78,2.08046792970363,413.2099209282106,377.78999999999996,0.0
677,28.208333333333332,24.79391802132155,7.044069918899883,9.451809584382936,2.407739665483053,249.89289730886074,239.06,0.0,52.95325698327184,7.023296074778478,7.540481386916718,0.5171853121382401,114.64050326046274,99.46,0.0,69.1257647162959,7.024545131812293,7.320863933550066,0.2963188017377725,85.74294214096881,78.86,0.0,450.2763427102923,417.38,0.0
678,28.25,24.793781596013133,7.036918372485191,9.559401801006752,2.5224834285215607,261.80040682168055,257.22,0.0,52.95306057653329,7.01150205326743,7.7005826251195355,0.6890805718521058,152.74264115257884,118.25,0.0,69.12528008994452,7.013747139926777,7.30657364605265,0.2928265061258726,84.73181586603339,76.83,0.0,499.27486384029277,452.3,0.0
679,28.291666666666668,24.793824211344983,7.028479468281471,9.52574183432462,2.4972623660431488,259.18323969819545,262.87,3.6867603018045543,52.95330172188808,7.0053083390917426,7.842651493211372,0.8373431541196297,185.6075944907996,176.18,0.0,69.12539693752765,7.004954647599385,7.295477401501089,0.2905227539017039,84.06534785836382,76.83,0.0,528.8561820473589,515.88,0.0
680,28.333333333333332,24.79393535343047,7.021775585198705,9.279240161310799,2.2574645761120937,234.29640917300782,251.81,17.513590826992186,52.953733680633334,7.017580447868786,7.916150368677067,0.8985699208082805,199.18089872370103,184.07,0.0,69.12594885695758,7.015272017582396,7.336436205549544,0.3211641879671472,92.93246186558451,75.5,0.0,526.4097697622933,511.38,0.0
681,28.375,24.79396996668093,7.020243361998625,9.18024692376084,2.160003561762216,224.18149555254053,212.62,0.0,52.953955478327636,7.031256263593412,7.97158793976521,0.9403316761717981,208.43886325841484,203.51,0.0,69.12632046380567,7.02977323689317,7.414887508484856,0.38511427159168665,111.43773526782924,94.73,0.0,544.0580940787846,510.86,0.0
682,28.416666666666668,24.793765755629366,7.022224149231744,9.217650235304442,2.1954260860726977,227.85603614834918,232.02,4.163963851650834,52.9534869863676,7.024665115722118,7.9435722232921515,0.9189071075700337,203.6879786641665,202.57,0.0,69.12611451165012,7.026891344128312,7.607946557527923,0.581055213399611,168.13524947095505,112.67,0.0,599.6792642834707,547.26,0.0
683,28.458333333333332,24.79368373759639,7.022185608355799,9.218049724628063,2.195864116272264,227.90074395826835,219.72,0.0,52.95343175673269,7.012910814086341,8.0331704692016,1.0202596551152592,226.15388258913464,193.91,0.0,69.12618842031253,7.013895544841556,7.74034232815456,0.7264467833130039,210.20625736553484,208.9,0.0,664.2608839129379,622.53,0.0
684,28.5,24.793923409867016,7.020250242163879,9.228535979758595,2.208285737594716,229.192154324875,232.33,3.137845675125021,52.95399158781184,7.0216179847216385,8.084846723028038,1.0632287383063996,235.68103291032816,248.0,12.318967089671844,69.12674650131515,7.018717042671635,7.6834591441097295,0.6647421014380948,192.35280626413524,196.81,4.457193735864763,657.2259934993384,677.1400000000001,19.914006500661685
685,28.541666666666668,24.79398469886406,7.021703500562936,9.07391152999353,2.052208029430595,212.99378701574196,222.11,9.116212984258055,52.954114442441146,7.039730703040206,8.003560036004629,0.9638293329644227,213.64811876006405,212.67,0.0,69.12707306748383,7.038109651319356,7.716738228483275,0.6786285771639191,196.37198790367978,173.01,0.0,623.0138936794858,607.79,0.0
686,28.583333333333332,24.79387181761394,7.026348607331856,9.085370728942982,2.0590221216111253,213.7000324942625,199.68,0.0,52.95389065871139,7.038406364871192,7.996277590788585,0.9578712259173932,212.32651216762,203.84,0.0,69.1269395932341,7.039377961028992,7.794184753207424,0.7548067921784316,218.41494604603648,205.08,0.0,644.441490707919,608.6,0.0
687,28.625,24.7939909578868,7.0298078165366595,8.85452391046028,1.8247160939236204,189.38298827983326,223.95,34.56701172016673,52.95427397121789,7.038448212552909,8.026222275530385,0.9877740629774756,218.95650906386754,210.07,0.0,69.12741539279263,7.036412460208165,7.799906376061767,0.7634939158536014,220.93021944354825,217.21,0.0,629.2697167872491,651.23,21.960283212750937
688,28.666666666666668,24.793995524992116,7.034499659970962,8.500415529583583,1.4659158696126209,152.1439855858424,149.94,0.0,52.9545360831879,7.059741557496535,8.048713502097913,0.9889719446013778,219.2231245003883,217.19,0.0,69.12796082880176,7.05791379455956,7.918834488994919,0.8609206944353591,249.12431488627286,210.08,0.0,620.4914249725035,577.21,0.0
689,28.708333333333332,24.793576704871683,7.040731103279086,9.388358120445405,2.347627017166319,243.65061121573382,149.8,0.0,52.953105852729784,7.036348019300992,7.8694188160516285,0.8330707967506363,184.65988994408426,210.53,25.870110055915745,69.1265828825982,7.043554024743591,8.056660395436838,1.0131063706932473,293.1563861699464,274.11,0.0,721.4668873297644,634.44,0.0
690,28.75,24.79338768101972,7.036520565403299,10.64117899732045,3.6046584319171515,374.10991091730745,335.44,0.0,52.951650817660166,6.97497894363187,7.44909698161801,0.4741180379861403,105.09092307483105,147.44,42.349076925168944,69.12488761413246,6.982780352803883,7.8933673697740625,0.9105870169701795,263.4845267330442,298.35,34.8654732669558,742.6853607251827,781.23,38.544639274817314
691,28.791666666666668,24.793530612380042,7.019546100881711,10.178621828018667,3.1590757271369556,327.8669461694404,410.39,82.5230538305596,52.95172782524607,6.959856814578525,7.221306053079949,0.26144923850142376,57.951774807588556,50.53,0.0,69.12513353218635,6.959549399783118,7.822533124725882,0.8629837249427643,249.71107982252428,214.1,0.0,635.5298007995532,675.02,39.490199200446796
692,28.833333333333332,24.794098320179916,7.004234632721592,9.312426273835829,2.308191641114237,239.56281463785365,240.59,1.027185362146355,52.95341164155616,7.006957167324198,7.279407564741909,0.27245039741771127,60.39216730208654,53.23,0.0,69.12728493313199,6.997007481745427,7.831096499939847,0.8340890181944207,241.35768239626802,271.23,29.872317603732,541.3126643362082,565.05,23.737335663791782
693,28.875,24.79413780192625,7.0047713197510175,9.335733786500294,2.330962466749276,241.92654050457404,234.71,0.0,52.953559892996566,7.045537407748256,7.3171236958061,0.27158628805784435,60.20079478651722,55.48,0.0,69.127437411044,7.043270292819347,7.835835097309077,0.7925648044897295,229.34245881472057,196.9,0.0,531.4697941058118,487.09000000000003,0.0
694,28.916666666666668,24.79403217510484,7.0137348168793,9.441585338139504,2.427850521260204,251.98130969480974,245.51,0.0,52.95329548856547,7.037931170042185,7.309591757513142,0.271660587470957,60.21696358892361,52.77,0.0,69.12724604752493,7.039008558353889,7.910611099440713,0.8716025410868236,252.2127091497116,247.5,0.0,564.4109824334449,545.78,0.0
695,28.958333333333332,24.794016704049458,7.021198965288986,9.53185458574528,2.510655620456295,260.575307721694,254.9,0.0,52.95321512534834,7.034500526161865,7.305345822884578,0.2708452967227135,60.036153095113285,55.53,0.0,69.12712412061583,7.035169402710268,7.899151697761309,0.8639822950510414,250.00722310276095,242.63,0.0,570.6186839195682,553.06,0.0
696,29.0,24.794267370478426,7.026177655648971,9.45313667866871,2.426959023019738,251.89117244578,262.76,10.86882755421999,52.953771951334296,7.0417054611491965,7.304531926388753,0.26282646523955666,58.25929421505426,52.38,0.0,69.1275650903059,7.0385898601828805,7.74987805888599,0.7112881987031097,205.8240345684723,243.09,37.26596543152769,515.9745012293065,558.23,42.25549877069352
697,29.041666666666668,24.79442545486061,7.0330835888365035,9.340176406100747,2.3070928172642438,239.45192910317965,237.15,0.0,52.9541809071292,7.066198143969738,7.3240578253447755,0.2578596813750371,57.15877603296468,52.0,0.0,69.12768119144151,7.063650428413526,7.546995425106306,0.48334499669277964,139.86480385108266,153.56,13.695196148917347,436.47550898722704,442.71,6.234491012772935
698,29.083333333333332,24.794329360340566,7.04269741272637,9.417258761666055,2.374561348939685,246.45349673576231,238.01,0.0,52.953933797690084,7.064839582855094,7.322212778661505,0.2573731958064114,57.05067239812861,50.15,0.0,69.12712449206211,7.06606851029806,7.425930851301635,0.3598623410035744,104.13197767169594,110.74,6.60802232830406,407.63614680558686,398.9,0.0
699,29.125,24.794140768443068,7.049212761434544,9.492543203690749,2.4433304422562054,253.58904759730726,251.33,0.0,52.953474635452814,7.04894992482607,7.3156108088068565,0.26666088398078625,59.10891681081875,51.78,0.0,69.12645473234593,7.051949112232822,7.386485276061905,0.3345361638290836,96.8025015523143,81.8,0.0,409.5004659604403,384.91,0.0
700,29.166666666666668,24.794128491283583,7.049669934323554,9.359605795528536,2.3099358612049814,239.7441356555377,252.23,12.4858643444623,52.953482404428144,7.0379866470287675,7.29097395519862,0.2529873081698524,56.07799585560283,54.28,0.0,69.12652673228972,7.038256172679679,7.402270469846652,0.36401429716697287,105.33250236838661,96.16,0.0,401.1546338795271,402.66999999999996,1.5153661204728337
701,29.208333333333332,24.793808852515422,7.047151855797915,9.292840229169208,2.2456883733712933,233.07299838526978,223.24,0.0,52.953231233381,7.030167695110338,7.67157537710934,0.6414076819990022,142.17585452879564,45.66,0.0,69.12567969760272,7.033823151017115,7.379568354770388,0.3457452037532729,100.0448650778879,98.91,0.0,475.2937179919533,367.80999999999995,0.0
702,29.25,24.79382304456147,7.0406088711563,9.247817660244182,2.2072087890878826,229.07945336604556,239.23,10.150546633954434,52.95365896206351,7.011534957185421,8.03412843513221,1.0225934779467893,226.67217748167135,228.09,1.4178225183286486,69.1257425157379,7.011409317396342,7.357383301850355,0.3459739844540133,100.11115605941936,85.46,0.0,555.8627869071363,552.78,0.0
703,29.291666666666668,24.79389085602574,7.033492205829891,9.202602933775076,2.169110727945185,225.125987776885,214.85,0.0,52.95390254623531,7.026106677186536,8.083802383972495,1.0576957067859594,234.4541569836737,214.57,0.0,69.12609123120887,7.024871664719247,7.40509148093858,0.3802198162193333,110.02109722048817,99.16,0.0,569.6012419810469,528.5799999999999,0.0
704,29.333333333333332,24.79377501410193,7.029713410158832,9.670078609566385,2.6403651994075528,274.03490228860755,231.66,0.0,52.953451020869366,7.017145955330378,8.094984112831792,1.0778381575014144,238.91699684189248,243.91,4.993003158107513,69.12544827397348,7.019739307221047,7.385627324236698,0.3658880170156511,105.87303699126495,105.35,0.0,618.824936121765,580.92,0.0
705,29.375,24.79360694967511,7.0240113863564515,9.900343528107571,2.87633214175112,298.5231189529266,313.7,15.17688104707338,52.95286418847722,6.991810351754502,8.056145333058424,1.0643349813039222,235.9212258073101,223.29,0.0,69.12474517619897,6.995527330091821,7.394159942898702,0.3986326128068818,115.3468113837232,90.73,0.0,649.7911561439599,627.72,0.0
706,29.416666666666668,24.79370209626645,7.01448956063351,9.780102436086482,2.7656128754529723,287.03310639536926,279.81,0.0,52.95312527626085,6.98883206659907,8.059729837600633,1.0708977710015635,237.37710869527723,238.05,0.672891304722782,69.12517569880936,6.987806948273366,7.44162405844119,0.4538171101678241,131.31560477234572,124.55,0.0,655.7258198629922,642.41,0.0
707,29.458333333333332,24.79383723053113,7.006969224930298,9.713389035948918,2.7064198110186197,280.8912000900917,291.02,10.12879990990831,52.95345518641452,7.000401465367349,8.085413601624586,1.0850121362572365,240.50722246138034,226.12,0.0,69.1255717708227,6.998354738128775,7.439829893841466,0.44147515571269125,127.74509364140407,122.71,0.0,649.1435161928761,639.85,0.0
708,29.5,24.7938579986085,7.004534166826155,9.677460987797701,2.672926820971546,277.4152954147726,267.16,0.0,52.9535558589964,7.01122224429048,8.10827341203534,1.0970511677448593,243.17629457961053,244.48,1.3037054203894627,69.12579103218557,7.010361181389133,7.5004896313680165,0.49012844997888383,141.82384337574086,117.37,0.0,662.415433370124,629.01,0.0
709,29.541666666666668,24.793711437449367,7.005106985291039,9.811748572441276,2.8066415871502377,291.2914399419391,284.41,0.0,52.95313749989598,7.003656378128447,8.066191428570574,1.0625350504421274,235.52346751824442,231.33,0.0,69.12558303944822,7.00562503223036,7.648743027363032,0.6431179951326724,186.0924240928955,151.13,0.0,712.907331553079,666.87,0.0
710,29.583333333333332,24.79347135718777,7.00370485656732,9.814534910978962,2.8108300544116416,291.7233213824901,294.98,3.2566786175099196,52.952625489647396,6.986091391263145,8.06550446800367,1.0794130767405257,239.26236829571235,229.14,0.0,69.12543317181051,6.989174828132388,7.9158638519577025,0.9266890238253147,268.145867864821,206.37,0.0,799.1315575430235,730.49,0.0
711,29.625,24.793828689981645,6.998753458992773,9.704474606433573,2.7057211474407996,280.81859115995746,285.09,4.271408840042511,52.95343212667512,6.992090980687151,8.034950797454593,1.042859816767442,231.16350531294503,238.89,7.726494687054952,69.12669712394371,6.98734767232028,8.00084836480754,1.01350069248726,293.2709733231283,316.17,22.8990266768717,805.2530697960308,840.1500000000001,34.896930203969305
712,29.666666666666668,24.794171291485092,6.999298050705789,9.472828249982246,2.473530199276457,256.7237442728139,273.05,16.326255727186094,52.954328742877344,7.03505352829522,8.092445737693994,1.0573922093987749,234.38876867463927,212.76,0.0,69.12755650845337,7.029401413720552,7.877308872681809,0.8479074589612567,245.35724449882423,256.28,10.922755501175743,736.4697574462774,742.0899999999999,5.620242553722505
713,29.708333333333332,24.79432310181463,7.009690020670995,9.240963636375499,2.231273615704504,231.58173875120426,236.47,4.888261248795743,52.954626073279066,7.060928151757032,7.918671508863994,0.8577433571069619,190.1343100158465,245.63,55.4956899841535,69.1283088269083,7.05725474259533,7.952914711654632,0.8956599690593023,259.17811114389804,220.0,0.0,680.8941599109488,702.1,21.205840089051208
714,29.75,24.794281390776902,7.02514654858474,9.278225139787223,2.253078591202483,233.84446275619882,222.75,0.0,52.95413368218156,7.070822041958023,7.494991030968933,0.4241689890109095,94.02384464239104,123.14,29.11615535760896,69.1285559571639,7.070765341671102,8.137904061645084,1.0671387199739826,308.80020999261745,284.4,0.0,636.6685173912074,630.29,0.0
715,29.791666666666668,24.794207146149226,7.038944415902713,9.274967748310184,2.2360233324074708,232.07362192717892,241.31,9.236378072821083,52.953820064188506,7.062781693768097,7.339869554323912,0.2770878605558149,61.42059493140522,52.75,0.0,69.12839220110916,7.063819476468898,8.164897253298628,1.1010777768297304,318.62047257295745,319.57,0.9495274270425398,612.1146894315416,613.63,1.5153105684584034
716,29.833333333333332,24.79426614430011,7.047930029161961,9.219151696825817,2.171221667663856,225.34848725217222,218.82,0.0,52.954008434101596,7.0646783026532,7.362059117266194,0.29738081461299437,65.91906080734513,57.98,0.0,69.12838270861619,7.063994962378207,8.047684186985474,0.9836892246072679,284.6515379443812,303.94,19.288462055618822,575.9190860038985,580.74,4.820913996101467
717,29.875,24.79422639471879,7.054253247684067,9.239968448373961,2.185715200689894,226.85238993990652,228.08,1.2276100600934967,52.953910987472,7.06426436274637,7.368136285807118,0.30387192306074784,67.35779151975836,61.79,0.0,69.12801844450796,7.064938895031327,7.930865067348171,0.8659261723168443,250.57295708254313,251.2,0.6270429174568619,544.783138542208,541.0699999999999,0.0
718,29.916666666666668,24.79392440678105,7.057428556338717,9.269064537490188,2.2116359811514705,229.53987649969588,221.7,0.0,52.953238406906294,7.048089332786375,7.34741222322087,0.2993228904344942,66.34858715756316,60.84,0.0,69.12730797344086,7.05210665999185,8.005428447230175,0.9533217872383251,275.859780930723,235.6,0.0,571.7482445879821,518.14,0.0
719,29.958333333333332,24.79405913168663,7.0544037071411125,9.2935064420037,2.2391027348625876,232.3918413238964,233.64,1.2481586761035999,52.9534930259104,7.0347690537175005,7.325797043823479,0.29102799010597824,64.51023102554898,59.74,0.0,69.12756510124525,7.033743004760053,7.951008306839524,0.9172653020794712,265.427214478986,302.28,36.85278552101397,562.3292868284313,595.66,33.33071317156862
720,30.0,24.79416771720521,7.050663568390841,9.29204483031586,2.241381261925018,232.62934372978464,227.26,0.0,52.95372746651098,7.051723719743954,7.341853969333073,0.2901302495891187,64.31151960510714,57.18,0.0,69.1275133607036,7.05051760173113,7.777678249598165,0.7271606478670352,210.4168557797754,214.11,3.6931442202246103,507.3577191146672,498.55,0.0
721,30.041666666666668,24.794284067259735,7.049986048312647,9.33595936122505,2.285973312912404,237.25859409653748,234.24,0.0,52.95393224402012,7.053722408490445,7.336097432123968,0.2823750236335236,62.5927048991869,59.35,0.0,69.12741370024594,7.052463315397692,7.584374680686669,0.5319113652889769,153.917784202811,192.0,38.08221579718901,453.7690831985354,485.59000000000003,31.820916801464648
722,30.083333333333332,24.794178627792938,7.051268760784393,9.379074016585575,2.3278052558011817,241.59925688628616,236.52,0.0,52.95365719866991,7.055784695681795,7.329540861473904,0.2737561657921095,60.681889207154676,53.7,0.0,69.12680177746446,7.057444813542676,7.451104289384783,0.3936594758421066,113.91119244054202,100.35,0.0,416.1923385339829,390.57000000000005,0.0
723,30.125,24.794068281860486,7.051223821397863,9.402807643809,2.351583822411137,244.06611080810958,243.0,0.0,52.9533926705055,7.038625529995368,7.3225303217790385,0.28390479178367034,62.93115995862194,55.52,0.0,69.12640435358635,7.040456374890395,7.419953064120847,0.3794966892304519,109.81234929821608,111.98,2.167650701783927,416.8096200649476,410.5,0.0
724,30.166666666666668,24.79408889071294,7.048024260242445,9.37457273601429,2.326548475771845,241.46794371469147,241.4,0.0,52.953446989260364,7.036353687874161,7.326914312679914,0.29056062480575306,64.40657728683537,58.23,0.0,69.12635980432658,7.036423628672184,7.3626445951026085,0.32622096643042475,94.39625863435909,92.0,0.0,400.2707796358859,391.63,0.0
725,30.208333333333332,24.793296537422417,7.04344226513217,9.279082834460526,2.235640569328356,232.0253736688789,237.76,5.734626331121092,52.95266366436174,7.0046548631709795,8.196271287061043,1.1916164238900633,264.1335178949996,58.48,0.0,69.12416027040683,7.0141497161480055,7.320659102101715,0.30650938595370913,88.68963560513566,81.05,0.0,584.8485271690142,377.29,0.0
726,30.25,24.792778758550945,7.028298474889169,9.145701322773174,2.117402847884005,219.74951326641371,222.32,2.5704867335862787,52.95316421909453,6.944368923619321,9.667715049039131,2.72334612541981,603.662200215651,461.25,0.0,69.1228700853746,6.95073578546982,7.282177268177331,0.33144148270751117,95.90204089869863,80.52,0.0,919.3137543807633,764.0899999999999,0.0
727,30.291666666666668,24.794233801444246,7.006078453983565,9.14031888293166,2.134240428948096,221.50995998552807,213.14,0.0,52.95584042969322,6.994779129270929,9.17617699862749,2.1813978693565605,483.55733282517247,740.04,256.4826671748275,69.12709318716726,6.9767321776880555,7.328811779658199,0.35207960197014376,101.87987035733605,95.61,0.0,806.9471631680366,1048.79,241.84283683196338
728,30.333333333333332,24.79429858455098,7.006722947119206,9.49244491642513,2.4857219693059243,257.99043310375436,226.06,0.0,52.9547479076384,7.077993722403187,8.169975901680164,1.091982179276977,242.0581333233074,216.49,0.0,69.12712734774391,7.076424052346403,7.425097388922483,0.3486733365760797,100.89426278311763,92.6,0.0,600.9428292101794,535.15,0.0
729,30.375,24.793829951613784,7.019544144547749,9.746880453883152,2.7273363093354037,283.06197765555714,286.89,3.828022344442843,52.953507507872885,7.0261746136576075,8.113542875790655,1.0873682621330474,241.02972692921946,257.29,16.260273070780556,69.12558030219904,7.033044729675742,7.429026253423846,0.39598152374810347,114.58108665910147,93.56,0.0,638.6727912438781,637.74,0.0
730,30.416666666666668,24.793784395248952,7.022464325655221,9.745379273800589,2.722914948145368,282.60257870773745,275.78,0.0,52.953340839338104,7.008725131795248,8.064729193379224,1.0560040615839759,234.07669540127202,214.04,0.0,69.12540647742613,7.010589156069356,7.418732457111047,0.40814330104169105,118.099917657093,120.14,2.0400823429069987,634.7791917661025,609.9599999999999,0.0
731,30.458333333333332,24.79362942240384,7.019239234898094,9.814277009193898,2.795037774295804,290.08616151837936,286.15,0.0,52.95308652071512,6.995683982320861,8.193290737141037,1.1976067548201765,265.4634536068188,243.67,0.0,69.12493689606862,6.998166912185095,7.4321981465277736,0.43403123434267865,125.58996973282578,100.49,0.0,681.139584858024,630.31,0.0
732,30.5,24.793585809465338,7.012033356956806,9.840615431353976,2.82858207439717,293.5670783055336,290.76,0.0,52.952925970287446,6.984421952018351,8.139519258156097,1.1550973061377467,256.0399640396749,277.11,21.07003596032513,69.12513978816244,6.985247837056019,7.610546106147382,0.6252982690913624,180.93495346934975,135.38,0.0,730.5419958145583,703.25,0.0
733,30.541666666666668,24.79366245180109,7.003984307663145,9.83693963661878,2.8329553289556353,294.0218695677198,293.12,0.0,52.95298838686315,6.987707820792404,8.035466724751457,1.0477589039590525,232.24750579798985,224.36,0.0,69.12566497789042,6.986682391535718,7.770606624143921,0.7839242326082037,226.83634228536448,211.84,0.0,753.1057176510742,729.32,0.0
734,30.583333333333332,24.793563174119033,6.998630394842324,9.828796166022844,2.8301657711805204,293.731175618399,291.64,0.0,52.95281358679653,6.989504718038585,8.062708882422111,1.073204164383526,237.88694771933285,229.58,0.0,69.12574693314721,6.990350716461372,7.948177592030829,0.9578268755694568,277.15714549191233,227.39,0.0,808.7752688296441,748.61,0.0
735,30.625,24.79379766795756,6.994854704665542,9.887090429338059,2.892235724672517,300.17599783227183,292.56,0.0,52.95332301287374,6.993171274371646,8.08794718872395,1.0947759143523044,242.67088668485766,235.68,0.0,69.12643494873763,6.990243985642279,7.973957069651541,0.9837130840092616,284.650421642811,313.18,28.529578357188996,827.4973061599405,841.4200000000001,13.922693840059537
736,30.666666666666668,24.79391683063912,6.995414348923629,9.633438903392687,2.638024554469058,273.79354042328686,304.69,30.89645957671314,52.95363803495869,7.016588785575374,8.04808018385968,1.031491398284306,228.6444358818934,239.21,10.565564118106607,69.1270270927527,7.013994307668122,8.041551924245857,1.0275576165777345,297.339965397433,241.9,0.0,799.7779417026132,785.8,0.0
737,30.708333333333332,24.794151851856757,7.001678395905747,9.33414497733011,2.332466581424363,242.08278713018183,238.86,0.0,52.954187657130774,7.03858256713038,7.8882265023496245,0.8496439352192446,188.33736756541757,207.33,18.992632434582447,69.12826112802257,7.033785509241707,8.201075575563438,1.1672900663217307,337.7797783154729,339.28,1.5002216845270482,768.1999330110723,785.47,17.270066988927738
738,30.75,24.7945087257651,7.0141734636362525,9.257548065921835,2.2433746022855825,232.83943164030325,241.6,8.760568359696748,52.95472184935852,7.073003773218424,7.604291848736366,0.5312880755179421,117.76981252426808,158.17,40.40018747573191,69.1292485242256,7.0675667526512065,8.166946670063517,1.0993799174123104,318.13310133455377,322.75,4.616898665446229,668.7423454991251,722.52,53.77765450087486
739,30.791666666666668,24.794548614385096,7.03287998877958,9.357212293592667,2.324332304813087,241.2424045916427,220.08,0.0,52.95444488662818,7.09301058539591,7.26892991403675,0.17591932864084026,38.99556370511477,65.36,26.36443629488523,69.12919003913257,7.092191236623415,8.109748332857913,1.0175570962344986,294.45537053096507,299.79,5.334629469034951,574.6933388277225,585.23,10.53666117227749
740,30.833333333333332,24.794268537494354,7.050349640362038,9.65349768728641,2.603148046924373,270.17763309279064,259.03,0.0,52.95350723289112,7.071888103561168,7.100441464333419,0.02855336077225079,6.3292344955957995,0.0,0.0,69.12798801630451,7.07665711318342,8.016478469401035,0.9398213562176148,271.9558782580279,275.15,3.194121741972083,548.4627458464144,534.18,0.0
741,30.875,24.793937112992264,7.05726002109719,9.682527885812307,2.6252678647151173,272.46978046973055,278.03,5.560219530269421,52.952719802013064,7.037646158380152,7.066201331878903,0.028555173498751252,6.329542187527943,0.0,0.0,69.12705338049311,7.042972744363528,8.044210741338194,1.001237996974666,289.72407949198384,254.57,0.0,568.5234021492423,532.5999999999999,0.0
742,30.916666666666668,24.793866545402377,7.052746031327502,9.561924268665306,2.509178237337804,260.4203962667897,263.32,2.899603733210313,52.95261692842797,7.018794136160836,7.047292331372303,0.02849819521146646,6.316900103375663,0.0,0.0,69.12714479915604,7.020009727260284,8.146819935337799,1.126810208077515,326.06081972894526,311.12,0.0,592.7981160991105,574.44,0.0
743,30.958333333333332,24.793947804298046,7.044089297787511,9.50748208778456,2.463392789997049,255.66929422642468,253.86,0.0,52.95283406651032,7.023426873101116,7.051903939282306,0.028477066181190835,6.31224253377054,0.0,0.0,69.1274839572815,7.022293153072414,8.177266123292547,1.1549729702201335,334.2118117173615,327.45,0.0,596.1933484775568,581.31,0.0
