hour,day,T_station_supply_C,T_station_return_C,Q_station_cooling_kw,user1_flow_kg_s,user1_T_sup_C,user1_T_ret_C,user1_delta_T_C,user1_Q_sup_kw,user1_demand_kw,user1_Q_unmet_kw,user3_flow_kg_s,user3_T_sup_C,user3_T_ret_C,user3_delta_T_C,user3_Q_sup_kw,user3_demand_kw,user3_Q_unmet_kw,user4_flow_kg_s,user4_T_sup_C,user4_T_ret_C,user4_delta_T_C,user4_Q_sup_kw,user4_demand_kw,user4_Q_unmet_kw,user6_flow_kg_s,user6_T_sup_C,user6_T_ret_C,user6_delta_T_C,user6_Q_sup_kw,user6_demand_kw,user6_Q_unmet_kw,total_Q_sup_kw,total_demand_kw,total_Q_unmet_kw
0,0.0,5.46686469844313,7.802617263342678,2294.2950248186335,92.10532467209688,6.668057135355742,13.683356321905352,7.01529918654961,2704.768869116519,2957.84,253.07113088348115,22.680085720169473,6.376221862033294,6.397711893134225,0.021490031100931617,2.0402385990276204,0.0,0.0,49.98253456598379,6.093775143891766,8.593153547745574,2.4993784038538083,522.9371696047074,531.98,9.04283039529264,65.24623868708231,6.2912416543548515,7.882529022288657,1.5912873679338055,434.61360758139057,577.91,143.2963924186094,3664.359884901645,4067.73,403.3701150983552
1,0.041666666666666664,6.295653318852088,9.36548120404341,3031.9917008192465,92.90192603352598,5.979590652079441,13.538512827717613,7.5589221756381715,2939.5700631841696,2921.26,0.0,22.809386894462158,5.944392599986491,5.9669519383760905,0.022559338389599226,2.1539677396443784,0.0,0.0,50.26529939730592,6.0532010373949054,8.47054584821748,2.4173448108225744,508.63483493331097,510.97,2.3351650666890578,65.61429723460873,5.988008135001791,7.120514208110283,1.132506073108492,311.05575816253526,281.18,0.0,3761.4146240196606,3713.4100000000003,0.0
2,0.08333333333333333,6.610928196762021,9.911627047641975,3257.2554310206265,92.93991413098495,6.241138358403451,13.842409591017304,7.601271232613853,2957.2478207718855,2947.4,0.0,22.81230235662702,6.366337434792109,6.3887750039661775,0.022437569174068805,2.1426150344456323,0.0,0.0,50.26962315995633,6.444693876858154,8.896724454983822,2.452030578125668,515.9774660401353,499.66,0.0,65.61923610527579,6.388167591570725,7.01449025925591,0.6263226676851854,172.03963962734068,329.63,157.59036037265932,3647.407541473807,3776.69,129.28245852619284
3,0.125,6.748981230989885,10.089558570012418,3296.210411229811,92.97047989733763,6.562801726480266,14.258977940693034,7.696176214212769,2995.1549824971744,2989.68,0.0,22.812539718660368,6.642560412892383,6.665821567694206,0.02326115480182267,2.2212842305881866,0.0,0.0,50.268657623468656,6.675428659324596,9.29100833809681,2.6155796787722148,550.3823097972034,525.78,0.0,65.61684700107877,6.647133332301376,6.675212251622312,0.028078919320935647,7.712496340614845,0.64,0.0,3555.471072865581,3516.1,0.0
4,0.16666666666666666,6.847956079649025,10.288042938937036,3392.597657729562,92.99052437130709,6.730725756020053,14.487567275181197,7.756841519161144,3019.4152147494215,3013.05,0.0,22.81290392082831,6.768989462945026,6.792588496758949,0.023599033813923143,2.2535853874156104,0.0,0.0,50.26836003377468,6.789546047671815,9.293944903725048,2.5043988560532338,526.9840098027814,568.67,41.68599019721853,65.6166823696088,6.771192036073476,6.79938802161734,0.028195985543864488,7.7446317372399,0.82,0.0,3556.3974416768583,3582.5400000000004,26.14255832314211
5,0.20833333333333334,6.876864369892287,10.476876016743113,3547.7471454939323,92.99947562942495,6.833689174822464,14.561180202759823,7.72749102793736,3008.279840233484,3029.3,21.02015976651637,22.8128544634327,6.856952524412961,6.880809796281997,0.02385727186903619,2.2782408437854524,0.0,0.0,50.26820546919931,6.8638199431548,10.063547553135614,3.1997276099808136,673.2953488555236,478.15,0.0,65.61579360757628,6.856809318452641,6.884686213608444,0.027876895155802828,7.656883011259961,0.66,0.0,3691.510312944053,3508.11,0.0
6,0.25,6.8077883286622,10.820626747736092,3948.3216916957717,92.9957975697878,6.865793097814393,14.693297079452414,7.827503981638021,3047.093948502549,2979.29,0.0,22.811777384941138,6.859504273104916,6.883792827348239,0.024288554243323546,2.3193164767895986,0.0,0.0,50.266203192728625,6.845695117661412,10.656742071080343,3.8110469534189306,801.8988782103323,864.18,62.28112178966762,65.61460376267415,6.854291610975472,7.951005986607094,1.0967143756316222,301.22656592239883,0.59,0.0,4152.53870911207,3844.06,0.0
7,0.2916666666666667,6.484330782046587,11.314722546595998,4742.036438416033,92.98417065691254,6.786446616038575,16.171814522392967,9.385367906354393,3653.083065430788,3127.66,0.0,22.806432948886187,6.726501714338732,6.7517781391567935,0.02527642481806147,2.4130828575336536,0.0,0.0,50.25409762559624,6.6618835145775215,10.784664794721387,4.122781280143865,867.2833292124092,733.18,0.0,65.60110471858339,6.708437121501796,9.222140223461846,2.5137031019600498,690.2785179711346,592.19,0.0,5213.057995471865,4453.03,0.0
8,0.3333333333333333,6.446462772388388,12.318823800498931,7069.303326862967,120.52142679978644,6.518461425943099,17.434824356023388,10.91636293008029,5507.334491448644,4323.83,0.0,26.517072748519446,6.448917669618612,6.482101139248661,0.03318346963004881,3.683380609863622,0.0,0.0,58.69930300558146,6.433651778621456,11.065564831740675,4.631913053119218,1138.1318238131146,996.86,0.0,76.6299996244418,6.445168038927238,9.746441977365041,3.301273938437803,1058.9601340939298,779.95,0.0,7708.109829965552,6100.639999999999,0.0
9,0.375,6.817704800673813,13.197390965040281,10075.920263999997,169.4554785118721,6.599317558347891,17.137057898977535,10.537740340629643,7474.847404146093,6658.38,0.0,32.65201406981173,6.654851042811754,7.260366498222038,0.6055154554102842,82.7626583237156,0.0,0.0,72.75684435673975,6.685514330531539,11.005683706223115,4.3201693756915756,1315.7514351481036,1266.81,0.0,94.98866183943316,6.644737302896752,10.412826463574266,3.7680891606775138,1498.2771772117035,1336.46,0.0,10371.638674829615,9261.650000000001,0.0
10,0.4166666666666667,7.0120024888098405,13.523652951258692,11018.601786522775,184.23263746007342,6.927940988627716,17.01412036787851,10.086179379250792,7778.439553520987,8217.58,439.140446479013,34.41366524482952,6.955346050450128,8.125110044774638,1.1697639943245104,168.51105723655513,158.0,0.0,76.81189658228784,6.95627137090123,11.320453387590444,4.364182016689214,1403.2355151070408,1334.0,0.0,100.28477741233442,6.936328459728178,11.032375832479305,4.096047372751127,1719.4882392095867,1627.98,0.0,11069.674365074168,11337.56,267.88563492583125
11,0.4583333333333333,7.08716536741871,13.700150504948924,10412.756227784095,169.08898478231413,7.060677397427167,17.007978717537878,9.94730132011071,7040.764435331853,7286.25,245.48556466814716,32.618243267637595,7.068014948738599,8.221781066789601,1.1537661180510028,157.53518689791542,164.47,6.934813102084576,72.67349416165024,7.066741893369339,11.57007414706409,4.503332253694752,1369.9643185733426,1439.44,69.4756814266575,94.88096913247094,7.05884684903533,11.585090163226058,4.526243314190728,1797.6959182245732,1767.87,0.0,10365.959859027684,10658.029999999999,292.07014097231513
12,0.5,7.136632682269305,13.801753532050542,10145.643704945158,162.34002942391191,7.109167414417237,17.064870681337048,9.955703266919812,6765.4515491494685,6766.27,0.8184508505319172,31.806274345401505,7.11159193598082,8.250622169461113,1.1390302334802938,151.65169768056705,138.32,0.0,70.80424331250232,7.113773165081428,11.588123316749632,4.4743501516682045,1326.1372609017417,1274.37,0.0,92.44022712005017,7.107225523387709,11.817091336868245,4.709865813480536,1822.5051401959788,1791.89,0.0,10065.745647927757,9970.85,0.0
13,0.5416666666666666,7.176551994627055,13.84604984107593,10397.411954971403,167.1107181539365,7.165792457670608,17.239337910209166,10.073545452538557,7046.701578897144,6722.97,0.0,32.37925755751949,7.167396211457177,8.331604736118162,1.1642085246609852,157.79632530937363,153.74,0.0,72.1218946403739,7.1662987526091575,11.283410018649972,4.117111266040815,1242.9651586894572,1353.93,110.96484131054285,94.16120614894703,7.162262083720549,11.78414046585904,4.62187838213849,1821.7540781668947,1821.42,0.0,10269.217141062869,10052.06,0.0
14,0.5833333333333334,7.220296700785512,13.891282610773095,10744.868928993874,173.82128422534035,7.196803221380495,17.35125329025476,10.154450068874265,7388.539282888012,7361.0,0.0,33.17886213455047,7.197009752893719,8.27152788751305,1.074518134619331,149.2362959616638,149.73,0.49370403833617615,73.96212778006627,7.198973422264926,11.19873791456069,3.999764492295764,1238.348953076704,1103.56,0.0,96.56435136059689,7.193087692790246,11.700939194874126,4.50785150208388,1822.1564079916125,1787.34,0.0,10598.280939917993,10401.63,0.0
15,0.625,7.2492350322628445,13.937911295040228,10847.412741767312,175.26959164522057,7.250272440033026,17.318898908717706,10.06862646868468,7387.1348716030925,7357.59,0.0,33.351042138406626,7.248606895048864,7.7859842374727695,0.5373773424239054,75.02188712241981,135.49,60.4681128775802,74.35972174634665,7.245546195616391,11.63270415344745,4.38715795783106,1365.5897591766475,1346.14,0.0,97.08320281315774,7.2432901909350855,11.734941830388129,4.4916516394530435,1825.3635987529965,1819.62,0.0,10653.110116655156,10658.84,5.729883344843984
16,0.6666666666666666,7.205383196712743,13.941862279763932,10024.549934630568,158.03493364800812,7.2439256940197945,17.294473653322207,10.050547959302413,6648.781527954575,7384.36,735.5784720454249,31.27098675126553,7.230884054737859,7.2763044934215975,0.04542043868373824,5.945551345418134,0.0,0.0,69.57570175728775,7.224338340439499,11.88066393782039,4.656325597380891,1356.126368707755,1355.8,0.0,90.83596222929667,7.229274584319692,12.07166827352691,4.842393689207218,1841.268570195757,1792.87,0.0,9852.122018203505,10533.029999999999,680.9079817964939
17,0.7083333333333334,7.109259785287631,13.937943305941566,8180.436247925853,120.83295205512472,7.191053140091976,17.25617520126588,10.065122061173902,5091.006550316322,5869.76,778.7534496836779,26.56536330034181,7.169791229112187,7.202901006510379,0.03310977739819165,3.681893688865641,0.0,0.0,58.80256636711904,7.156221570788829,12.054733614699803,4.898512043910974,1205.7567030473983,1330.42,124.66329695260174,76.7680498634219,7.1685632100121,12.64522156923691,5.4766583592248095,1759.9299510766828,1853.58,93.65004892331717,8060.375098129269,9053.76,993.3849018707315
18,0.75,7.061835521543805,13.835864731548863,6783.075997642894,95.9385363309612,7.109514637011416,17.970419327165093,10.860904690153678,4361.725346465497,4302.35,0.0,23.210540743158067,7.082298277670834,7.107466887166423,0.025168609495588967,2.4453650733071672,0.0,0.0,51.164696983186865,7.073394586532366,11.38826470185486,4.314870115322494,924.1391259759806,1068.57,144.43087402401932,66.79389421672384,7.081269814733264,12.133290706200974,5.05202089146771,1412.5412077364917,1644.14,231.59879226350836,6700.851045251276,7015.06,314.20895474872395
19,0.7916666666666666,7.134934088344624,13.600483747755728,6328.196717584396,93.11820340430629,7.0800113061892365,18.22441117823705,11.144399872047815,4344.006824320489,4461.92,117.91317567951137,22.80978697297838,7.083019103448965,7.1068511992275285,0.023832095778563378,2.2755306464907203,0.0,0.0,50.2542251753997,7.09573933913584,10.610758097890523,3.5150187587546826,739.4340620137144,773.33,33.89593798628562,65.60443357816824,7.086862333155481,11.20605682504321,4.11919449188773,1131.2138461420006,1173.07,41.85615385799929,6216.930263122695,6408.32,191.38973687730504
20,0.8333333333333334,7.211543103077768,13.410578402703273,6069.487934191496,93.119606117015,7.1400692351288875,17.838503986842735,10.698434751713847,4170.235650200275,4187.79,17.55434979972506,22.81120495348009,7.166017638705137,7.189688177836471,0.023670539131334323,2.2602454325610197,0.0,0.0,50.25703552571081,7.182141508249022,10.262158046583892,3.0800165383348697,647.9614074566477,699.1,51.138592543352274,65.60811466485488,7.169976623432992,10.989672537624736,3.819695914191745,1049.0243569319882,1081.04,32.01564306801174,5869.481660021472,5967.93,98.44833997852857
21,0.875,7.260595305243678,13.176032809213895,5794.200196846008,93.11939813098108,7.2027705062851215,17.509198180066658,10.306427673781537,4017.4228390386193,4141.44,124.01716096138034,22.812034941199606,7.21602478102643,7.239846073305967,0.023821292279536443,2.2747232675407636,0.0,0.0,50.259040632536085,7.2259067505407275,10.130841476587722,2.904934726046995,611.1527869572585,590.08,0.0,65.61036646705513,7.217001233340571,10.599691847007602,3.382690613667031,929.0390433996154,1008.62,79.58095660038464,5559.8893926630335,5740.139999999999,180.2506073369659
22,0.9166666666666666,7.35195935430064,12.916586358784665,5453.528531340209,93.112877286352,7.265783435968149,16.73524417488879,9.469460738920642,3690.916487853878,3849.77,158.85351214612183,22.81398306387475,7.290159356448354,7.313801225013388,0.023641868565033697,2.257782681325758,0.0,0.0,50.2641454335132,7.3081965401578675,10.22172979345862,2.913533253300752,613.0240408826305,626.11,13.085959117369498,65.61661227092185,7.294042312627828,10.303381254978024,3.0093389423501966,826.5785548303036,840.6,14.021445169696449,5132.7768662481385,5316.4800000000005,183.70313375186197
23,0.9583333333333334,7.346452756082661,12.59224974333888,5144.063485977029,93.09615368084515,7.338995259480119,16.168250012182686,8.829254752702568,3440.7649856458797,3476.85,36.085014354120176,22.814555408090374,7.352925087024378,7.3768749581956055,0.0239498711712276,2.2872541047009767,0.0,0.0,50.266548330346275,7.3531210110079925,10.192071381107228,2.8389503700992353,597.3599318375955,593.38,0.0,65.61960588314237,7.351556185668857,10.167148957763933,2.8155927720950764,773.3973565032212,804.07,30.672643496778846,4813.809528091398,4874.3,60.49047190860256
24,1.0,7.2967274614485,12.294420525772528,4903.361736591409,93.08568127721078,7.341041753734402,16.112464477397996,8.771422723663594,3417.8432979710237,3384.15,0.0,22.81408772642403,7.328310228236666,7.352542732562735,0.024232504326068494,2.314198619295319,0.0,0.0,50.266321821326805,7.317373700158574,10.226418639414135,2.909044939255561,612.1061764116224,594.79,0.0,65.61798390891671,7.324072167367638,9.441894760422434,2.117822593054796,581.7169036149792,733.93,152.21309638502078,4613.980576616921,4712.87,98.88942338307879
25,1.0416666666666667,7.235288919908544,11.996433738898158,4673.974835744366,93.08178958031257,7.301224254092455,16.26995761346636,8.968733359373905,3494.580595189493,3450.24,0.0,22.813325597939322,7.282733355578586,7.307033713142825,0.02430035756423976,2.3206010633196366,0.0,0.0,50.26447917936585,7.268982587401273,9.913258642599025,2.6442760551977527,556.3744824060352,623.03,66.65551759396476,65.61446125307614,7.278715350168853,8.707829223257507,1.429113873088654,392.52346726250994,418.61,26.086532737490074,4445.799145921358,4491.879999999999,46.080854078641096
26,1.0833333333333333,7.209905028223919,11.80678932818625,4514.617931896514,93.0794455371092,7.245396379512577,16.11816117877374,8.872764799261162,3457.1003087743675,3541.68,84.57969122563236,22.813336090047994,7.225871429189077,7.250087955878591,0.02421652668951424,2.3125965649941027,0.0,0.0,50.26426517538553,7.2185797370237506,9.6189531361634,2.4003733991396494,505.0534791572867,482.35,0.0,65.61424842896594,7.223723182020109,8.562522960895285,1.3387997788751758,367.71641263056523,355.02,0.0,4332.182797127214,4379.049999999999,46.86720287278513
27,1.125,7.215641982686027,11.704425567881918,4409.635401036472,93.0702050479918,7.221880938202202,15.74198230096491,8.52010136276271,3319.3622934883306,3336.04,16.677706511669385,22.814038896426087,7.218768255021245,7.242802120614914,0.024033865593668935,2.2952237532160504,0.0,0.0,50.26659105214216,7.21893028265292,9.784925146527609,2.565994863874689,539.9262473475019,520.96,0.0,65.61694797093028,7.218962069047327,8.493682577885398,1.2747205088380706,350.13072531452025,369.12,18.989274685479756,4211.714489903568,4226.12,14.405510096431499
28,1.1666666666666667,7.157456197056653,11.599782360595674,4364.642582508751,93.06065985979892,7.2110117955314665,15.661640251387345,8.450628455855878,3291.9585585495074,3286.75,0.0,22.81351857854287,7.198812488757511,7.223071327282239,0.024258838524727544,2.3166557336992333,0.0,0.0,50.266232362531575,7.186862781515257,10.134102111408513,2.9472393298932564,620.1417386967247,552.34,0.0,65.61577180491008,7.194961097049514,8.319085841681032,1.1241247446315175,308.7606690626409,319.5,10.739330937359114,4223.177622042572,4158.59,0.0
29,1.2083333333333333,7.085790147892678,11.591739962891983,4426.474414486422,93.05330559331814,7.162336988747699,15.75685519193388,8.594518203186182,3347.746504308323,3288.3,0.0,22.812706855693378,7.139335798524418,7.163702535371487,0.024366736847069248,2.3268769466863466,0.0,0.0,50.26495980347348,7.123355446752378,10.437961391959604,3.3146059452072256,697.423325836418,682.19,0.0,65.61370504720944,7.134727425532395,8.237456336409714,1.1027289108773193,302.874386109332,286.08,0.0,4350.371093200759,4256.570000000001,0.0
30,1.25,6.9870408613522645,11.669383347081101,4597.7871677134735,93.04818350397144,7.090465437144379,16.01302425239296,8.92255881524858,3475.33394739863,3413.45,0.0,22.811394470502954,7.060076549565966,7.084562796507703,0.024486246941737733,2.3381549238452672,0.0,0.0,50.26221599741252,7.038629102970323,10.690327971084113,3.6516988681137894,768.3088098381637,706.52,0.0,65.61027516259469,7.054283640764786,8.42387592129015,1.3695922805253646,376.15114025110427,307.87,0.0,4622.132052411743,4427.839999999999,0.0
31,1.2916666666666667,6.734064443854697,11.900508580470461,5067.967701871044,93.03973613864193,6.982964718986023,17.217971623963955,10.235006904977933,3986.170162843137,3544.51,0.0,22.80730643942308,6.928789227589346,6.953824976331451,0.025035748742105568,2.390197600797708,0.0,0.0,50.252866099035664,6.8774346499688885,10.783562089302388,3.906127439333499,821.6870991448562,824.51,2.8229008551437573,65.59847631140177,6.915346415845165,8.684861056379983,1.769514640534818,485.90026526595074,433.56,0.0,5296.147724854742,4802.580000000001,0.0
32,1.3333333333333333,6.52213731339831,12.453707355238466,6075.661266833404,98.47994440479343,6.745540155166381,18.709970956224705,11.964430801058324,4932.181625795806,4547.25,0.0,23.564230889838097,6.655959343301743,6.682761773331816,0.026802430030072877,2.6437882273820206,0.0,0.0,51.96808086142694,6.6090241514707895,10.449955837986913,3.8409316865161234,835.5500816874115,812.77,0.0,67.83999042473498,6.644465358544128,9.464217668463418,2.8197523099192896,800.7481851853349,527.97,0.0,6571.123680895935,5887.990000000001,0.0
33,1.375,6.73042546863944,13.26748921742571,7209.935835520947,108.5864540808048,6.593648335287462,18.455810106121746,11.862161770834284,5391.861373414667,5342.16,0.0,24.953294362740692,6.596418245240917,6.624649182427589,0.028230937186672023,2.9488481517707212,0.0,0.0,55.123271595015005,6.629558151460282,10.539906805422952,3.9103486539626697,902.2973687586893,851.59,0.0,71.96211557047125,6.606161389746112,10.717144027553204,4.1109826378070915,1238.3653421906527,1070.93,0.0,7535.47293251578,7264.68,0.0
34,1.4166666666666667,6.968602979585733,13.654964032645857,8108.64966172681,122.58016007178983,6.778516890107864,17.880848358878808,11.102331468770945,5696.834430209881,5378.05,0.0,26.81249749937344,6.8410534447344835,6.873336814008108,0.03228336927362463,3.623392214654835,0.0,0.0,59.361321363470275,6.873910316210462,11.076317721945687,4.202407405735225,1044.2414709595505,945.38,0.0,77.49676392676224,6.841195844507563,11.301976356494261,4.460780511986698,1447.0836831597144,1398.23,0.0,8191.782976543801,7721.66,0.0
35,1.4583333333333333,7.05588167312919,13.774686688702399,8789.656171894923,134.80250284983757,6.984790606422458,17.75949392500008,10.774703318577622,6079.984896549277,5980.09,0.0,28.390253408202078,7.011458626435981,7.048341889675075,0.03688326323909408,4.3832660448347704,0.0,0.0,62.96690222071074,7.017979095406291,11.539174977309118,4.521195881902827,1191.694336082882,1133.02,0.0,82.20487702186325,7.004320871392783,11.359088989905295,4.354768118512513,1498.5175816054434,1479.5,0.0,8774.580080282438,8592.61,0.0
36,1.5,7.072000095144513,13.828527443431037,8669.969982688892,131.6208675575657,7.066612259145342,17.730837161077133,10.664224901931792,5875.614156901388,6154.67,279.05584309861206,27.982652421504447,7.070848527191459,7.107002962528207,0.03615443533674778,4.234963631635344,0.0,0.0,62.03455171956376,7.068804369587333,11.502378449306581,4.433574079719248,1151.2955913859041,1235.45,84.15440861409593,80.98789747002547,7.066136386004099,11.750912013895435,4.684775627891336,1588.2107967361942,1497.12,0.0,8619.355508655122,8887.24,267.88449134487746
37,1.5416666666666667,7.064980854523336,13.86112026891079,8193.57335928308,121.71894947460969,7.073831642705027,17.835013983028524,10.761182340323497,5482.989442855406,5577.12,94.1305571445937,26.702378308240636,7.068680005355831,7.101673436802953,0.03299343144712186,3.687878927155182,0.0,0.0,59.10911383354524,7.066393474514936,11.2840424225517,4.217648948036763,1043.5760445887247,1052.96,9.383955411275338,77.16823398900047,7.066895438859517,12.06096880014808,4.994073361288563,1613.2166776451995,1658.12,44.903322354800366,8143.470044016485,8288.2,144.72995598351554
38,1.5833333333333333,7.071200809567738,13.894917952014064,7963.553703654102,116.821904676512,7.070135088294072,17.931375748256322,10.861240659962249,5311.325816901764,5383.42,72.0941830982365,26.057437117679342,7.066664971926756,7.098037933321591,0.03137296139483503,3.4220506831510624,0.0,0.0,57.6376903668874,7.066600917139694,11.459250016110293,4.392649098970598,1059.820474277592,1021.9,0.0,75.2464482746044,7.065745413642819,11.956576848780259,4.890831435137439,1540.5220696118356,1552.35,11.827930388164305,7915.090411474343,7957.67,42.57958852565753
39,1.625,7.074290061679233,13.920147123100643,7801.456729802244,113.3466798847351,7.077956895303326,18.00637942493611,10.928422529632783,5185.199916726379,5222.18,36.98008327362095,25.594689561412903,7.076967573180308,7.107240965682299,0.030273392501990237,3.2434722156860003,0.0,0.0,56.5830933385452,7.075902294382198,11.52413652240344,4.448234228021242,1053.5946526312957,1086.8,33.205347368704224,73.8691742339825,7.0755897912574035,11.917180216632914,4.841590425375511,1497.0989841330863,1514.18,17.08101586691373,7739.137025706447,7823.160000000001,84.02297429355349
40,1.6666666666666667,7.070610542067798,13.929032596648431,7640.183317386076,110.11432464941693,7.075597738052749,18.069655680980784,10.994057942928034,5067.58526955914,5147.25,79.66473044085978,25.16034862418764,7.070395365110961,7.099680011447847,0.029284646336886766,3.084294660166455,0.0,0.0,55.593778373880156,7.068999685508249,11.507143099712827,4.438143414204578,1032.8250134562466,1010.05,0.0,72.57733977410366,7.06927679062788,11.968143534190796,4.898866743562916,1488.3185538274358,1466.55,0.0,7591.813131502989,7623.85,32.03686849701171
41,1.7083333333333333,7.0512540574600235,13.917729722480484,7159.297954615732,101.14083998510117,7.074870729046456,18.23485980059991,11.159989071553454,4724.866580105255,4968.35,243.48341989474557,23.93047040365972,7.071264862425583,7.097836037035609,0.02657117461002656,2.6617129219956635,0.0,0.0,52.798165214773654,7.066672754827375,11.365819194200682,4.299146439373307,950.1677661360189,1046.15,95.98223386398115,68.92679582762304,7.06943981323794,11.984613120477187,4.915173307239247,1418.162997364865,1497.65,79.48700263513501,7095.859056528135,7512.15,416.2909434718649
42,1.75,7.116092410314304,13.799081807596584,6539.229493104941,93.12150858333625,7.061455811500612,18.44412687493713,11.382671063436518,4437.040703751515,4497.08,60.03929624848479,22.80936653127114,7.05974414124805,7.083625829819288,0.023881688571237625,2.2802238229974194,0.0,0.0,50.25302178840457,7.070563968073995,10.768698987596327,3.698135019522332,777.936536356599,847.67,69.73346364340091,65.60310975474178,7.061978011881924,11.511264296767072,4.449286284885148,1221.839050975182,1328.99,107.15094902481792,6439.096514906294,6673.74,234.64348509370575
43,1.7916666666666667,7.374779493532719,13.5514042877936,6047.447334457896,93.13425566472239,7.138966790891856,17.43769269358006,10.298725902688204,4015.061220818435,4354.08,339.01877918156515,22.813499401589507,7.189723984768342,7.212773844262992,0.023049859494649994,2.2011995429282325,0.0,0.0,50.26191767499994,7.24054604905073,10.484034327874458,3.243488278823728,682.418216398374,701.47,19.05178360162597,65.61426259475807,7.202982804394161,10.929035910196514,3.726053105802354,1023.4026019127782,1105.92,82.51739808722186,5723.083238672516,6161.47,438.38676132748424
44,1.8333333333333333,7.422680819961609,13.092239032104027,5555.23925537057,93.11271863645332,7.345431150416581,16.47396871781984,9.12853756740326,3558.0286290177755,3572.45,14.421370982224289,22.815073295418404,7.404302843091367,7.427832287842874,0.023529444751507533,2.2471536636533114,0.0,0.0,50.26676067250616,7.419323870088465,10.518064089689199,3.0987402196007343,652.0265677586759,657.0,4.973432241324076,65.6203894194622,7.406479161930614,10.793468028747686,3.386988866817072,930.3616418820619,932.17,1.8083581179380417,5142.663992322167,5161.62,18.95600767783253
45,1.875,7.320748554405839,12.714289507552278,5287.515955237179,93.09801661203004,7.393713057523286,16.425610496537107,9.031897439013822,3519.805374495517,3533.92,14.114625504483229,22.813733197630302,7.374223735478279,7.3986339102990115,0.0244101748207326,2.3311298847850197,0.0,0.0,50.26464291281281,7.353314972112851,10.190958590513116,2.837643618400265,597.0623374046899,640.33,43.267662595310185,65.61751463788234,7.365458382522825,10.501899741943253,3.136441359420428,861.5017677976672,919.91,58.40823220233278,4980.700609582659,5094.16,113.45939041734073
46,1.9166666666666667,7.259975070277299,12.437763617513795,5078.23722887374,93.08856489484042,7.334038314991113,16.37340127517082,9.039362960179709,3522.3571086547895,3489.26,0.0,22.81327461616907,7.312291113175524,7.33660962543162,0.02431851225609627,2.3223295845140193,0.0,0.0,50.26396742264577,7.2977517009925315,9.962504866414529,2.664753165421997,560.6773035157402,546.74,0.0,65.61619618987497,7.308330219359203,10.010561319644355,2.702231100285152,742.2201875477338,793.98,51.75981245226626,4827.576929302778,4829.98,2.403070697221665
47,1.9583333333333333,7.289401644032955,12.251100490949018,4868.406584344119,93.08602832325376,7.276217731353207,15.990532777393712,8.714315046040504,3395.6035705319186,3552.72,157.11642946808115,22.81417826479459,7.261966678684999,7.28600425769526,0.024037579010260934,2.2955924063192277,0.0,0.0,50.266290571286895,7.265077950434115,9.908941707043113,2.6438637566089973,556.3077789130399,568.12,11.812221086960108,65.61866253784305,7.262675769321189,9.661543457710428,2.398867688389239,658.9203082824233,681.41,22.489691717576648,4613.127250133701,4802.25,189.12274986629927
48,2.0,7.311210788259115,11.987799111440152,4591.654246242958,93.07390082934086,7.296415096978819,15.535477986252523,8.239062889273704,3209.9994494764846,3180.22,0.0,22.815166615755107,7.309410155294056,7.3332954014776375,0.0238852461835819,2.2811434174156346,0.0,0.0,50.269251572840254,7.314357458348888,9.863763287047199,2.549405828698311,536.4640423277255,537.82,1.3559576722745987,65.62183472024388,7.310899785666784,9.27380828774114,1.962908502074356,539.1972254330393,627.15,87.95277456696067,4287.941860654665,4345.19,57.248139345334494
49,2.0416666666666665,7.221998689175399,11.706901057377587,4405.855295162932,93.06632214484587,7.296903989760011,15.668116856312507,8.371212866552495,3261.2204802956003,3239.06,0.0,22.813982999188962,7.278977630002234,7.303347622285603,0.024369992283369335,2.327318004246244,0.0,0.0,50.266884793115686,7.26090648567718,9.779412944956013,2.518506459278833,529.9370263284545,528.34,0.0,65.61779815873005,7.272779942733107,8.734842677553875,1.4620627348207682,401.59369447725,440.56,38.96630552275002,4195.078519105551,4207.96,12.881480894448941
50,2.0833333333333335,7.1267222643579204,11.57703861012269,4372.488005841652,93.05974194121926,7.229629283522394,15.853741218949777,8.624111935427383,3359.506244132294,3279.67,0.0,22.81286290192594,7.200314415758707,7.224777044520919,0.024462628762211835,2.3360500275803826,0.0,0.0,50.26446053576797,7.179200092828222,9.72042149613339,2.541221403305168,534.6908526229952,524.68,0.0,65.61423142501943,7.1945229371785295,8.490300854748938,1.2957779175704083,355.89988245713243,351.17,0.0,4252.433029240002,4155.5199999999995,0.0
51,2.125,7.115507623601897,11.57140733518341,4377.874494774103,93.06028099625283,7.144237246407314,15.830276960881424,8.68603971447411,3383.6496914569734,3450.87,67.22030854302648,22.812902208656272,7.119142558912186,7.14336449200994,0.024221933097754444,2.313068866192593,0.0,0.0,50.26450908569826,7.113769015547224,9.692028997335054,2.57825998178783,542.4845539635215,537.94,0.0,65.61421326027802,7.117819113472369,8.427507177351444,1.3096880638790749,359.72035996978013,349.13,0.0,4288.167674256468,4337.94,49.77232574353184
52,2.1666666666666665,7.149713750993382,11.518334251172297,4293.091660458772,93.05721935972191,7.130135529078482,15.647832625998316,8.517697096919834,3317.9626052878607,3285.25,0.0,22.813682483418184,7.135476787306809,7.159390931140265,0.023914143833455803,2.2837546983929555,0.0,0.0,50.26646617131233,7.141737950266473,9.664999835192368,2.523261884925896,530.9332279414353,540.36,9.426772058564666,65.61644459936605,7.137597247619623,8.235507100551752,1.097909852932129,301.5633791935202,358.94,57.37662080647982,4152.7429671212085,4184.55,31.807032878791688
53,2.2083333333333335,7.035263591872125,11.489278403868475,4376.206055763699,93.04956252316227,7.132988415728872,15.765879473549314,8.63289105782044,3362.558277901944,3352.12,0.0,22.812202642210856,7.116740686473255,7.1411784363865785,0.02443774991332326,2.3336066885540903,0.0,0.0,50.263861793616506,7.094470365799373,10.523168567261985,3.4286982014626117,721.4136180519957,514.63,0.0,65.61197303635501,7.1097676461403845,8.106079687568531,0.9963120414281468,273.6388149683417,231.9,0.0,4359.944317610836,4098.65,0.0
54,2.25,7.044597440896699,11.699194086940924,4570.654820861534,93.04752480701838,7.057417934168275,15.683020611057243,8.625602676888967,3359.6458383171566,3366.86,7.214161682843496,22.81252714515814,7.034004080793244,7.058173390132063,0.02416930933881911,2.3080056242052462,0.0,0.0,50.265301681232486,7.032006760707909,11.039021968608823,4.007015207900914,843.118285123259,923.82,80.701714876741,65.61374387817538,7.033264154205005,8.267866551017368,1.2346023968123632,339.0948225180954,303.52,0.0,4544.166951582716,4594.200000000001,50.03304841728459
55,2.2916666666666665,6.934818925221977,11.711976659651754,4689.845305543867,93.04167764131923,7.039581551344011,16.208337820767163,9.168756269423152,3570.978083291592,3338.27,0.0,22.810782867811657,7.029048602121153,7.053439534844683,0.02439093272352988,2.328991067475139,0.0,0.0,50.261119655832815,7.008259444620063,10.719346397969218,3.711086953349155,780.7868913492074,755.58,0.0,65.60883368811764,7.023731383005474,8.430425781254465,1.406694398248991,386.33254896029786,363.34,0.0,4740.426514668572,4457.19,0.0
56,2.3333333333333335,6.744500040179974,11.94889796475497,5104.782127341593,93.04796990421195,6.9302600518615005,17.35310934670979,10.42284929484829,4059.687313968313,3865.59,0.0,22.80721385827237,6.871266550393627,6.896180823521681,0.024914273128054276,2.378590500315789,0.0,0.0,50.25224980213928,6.830344277245939,10.766099856789873,3.935755579543934,827.9094766666943,800.07,0.0,65.59743631193277,6.859507469727498,8.55365324382897,1.6941457741014725,465.1969593096793,398.19,0.0,5355.172340445002,5063.849999999999,0.0
57,2.375,6.691962592947249,12.418219878214234,5611.19468876527,93.06146445931317,6.776467845368427,18.003788433274238,11.227320587905812,4373.662130089683,4301.14,0.0,22.805969525650248,6.735038614993288,6.759494256721945,0.02445564172865744,2.334677119294809,0.0,0.0,50.24833537162615,6.720085816647658,10.910206404451166,4.190120587803508,881.348002899116,850.11,0.0,65.59342981690425,6.732254160548404,9.18412288322767,2.451868722679265,673.2196410158266,521.93,0.0,5930.564451123921,5673.18,0.0
58,2.4166666666666665,6.753822459565495,12.921871692058009,6039.695169595053,93.07329220323484,6.716348742084907,18.113990059713213,11.397641317628306,4440.575779278818,4458.59,18.014220721182028,22.806598149412693,6.71253801998807,6.736461958118553,0.023923938130482547,2.283980569988667,0.0,0.0,50.24904383439655,6.722871521930669,11.004352220791242,4.281480698860573,900.57734315692,907.25,6.672656843079949,65.59611610175254,6.716150839016753,10.218511256494255,3.502360417477502,961.6968330471036,816.56,0.0,6305.13393605283,6182.4,0.0
59,2.4583333333333335,6.8656923444080356,13.242169825390642,6241.787492542297,93.08403184404482,6.7624155976396825,18.134350121482218,11.371934523842535,4431.0715272373145,4411.43,0.0,22.807772921531836,6.788102603249349,6.811712926668264,0.023610323418914447,2.2541563750666134,0.0,0.0,50.25111686187857,6.810670070889295,10.769751569259988,3.9590814983706926,832.7974458308088,888.3,55.50255416919117,65.59983120596063,6.793864984809034,10.86606088587069,4.072195901061656,1118.2286326459857,1100.61,0.0,6384.351762089176,6400.34,15.988237910823955
60,2.5,6.888662948843558,13.416080311405292,6746.303369730345,99.87748999676548,6.8532851435253015,18.377509367210013,11.524224223684712,4818.130328155818,4454.34,0.0,23.757163054991132,6.873913767004209,6.899824573432745,0.02591080642853516,2.576764521932967,0.0,0.0,52.40472388395546,6.879603207040285,10.858343811557445,3.97874060451716,872.8011044605375,771.13,0.0,68.41220880861748,6.873827600368712,11.012262425681294,4.138434825312582,1185.1380905788408,1128.64,0.0,6878.646287717129,6354.110000000001,0.0
61,2.5416666666666665,6.946829770136725,13.6708073915203,7587.0132874133205,111.89090880387756,6.895150693839807,18.617448393077428,11.722297699237622,5490.43522031694,5192.22,0.0,25.396145781015527,6.902899794057161,6.93250208585958,0.029602291802419245,3.1469683182259502,0.0,0.0,56.130520844167606,6.911822788206302,10.978155825712927,4.066333037506625,955.4352080700952,969.76,14.32479192990479,73.27727880105961,6.902951053407036,10.870503012999668,3.9675519595926323,1217.00168686778,1232.63,15.62831313222,7666.019083573042,7394.610000000001,0.0
62,2.5833333333333335,6.9815685276655275,13.755575127350543,7627.976599808259,111.63754605799532,6.955643936694886,18.77722530286777,11.821581366172882,5524.399551147328,5789.42,265.0204488526724,25.36032390552389,6.9673590809716535,6.996967898699897,0.029608817728243864,3.1432222248884356,0.0,0.0,56.04803927088923,6.970550207669739,10.8972531794731,3.926702971803361,921.2716339155968,930.23,8.958366084403224,73.16968069501577,6.96532791382404,10.906604674783745,3.9412767609597052,1207.1668934766305,1187.38,0.0,7655.981300764443,7907.03,251.04869923555634
63,2.625,7.019133774890706,13.849006523404563,7393.195546171294,106.1444037928279,6.9874886731607,18.737607869799557,11.750119196638856,5220.818534259245,5251.93,31.111465740755193,24.61893492636265,6.992543230065811,7.020425621448113,0.02788239138230164,2.8734159850290353,0.0,0.0,54.36052698285241,6.9977802916883824,11.103769263971122,4.10598897228274,934.3307899996283,902.44,0.0,70.96619177620305,6.992049459097877,11.165301841598607,4.17325238250073,1239.7250438048823,1213.63,0.0,7397.7477840487845,7368.000000000001,0.0
64,2.6666666666666665,7.041405808750486,13.909856849651588,7302.706369909525,103.73349881592024,7.0239377064965876,18.68901937516803,11.665081668671442,5065.31005265541,5169.59,104.27994734459025,24.28897940502034,7.0314812205220365,7.058654585421511,0.027173364899474528,2.762815675509727,0.0,0.0,53.61062720944082,7.034150340121075,11.225361070768711,4.1912107306476365,940.5667232507084,957.96,17.39327674929166,69.98705526883259,7.030509849039754,11.340708830289312,4.310198981249558,1262.7409502651053,1254.85,0.0,7271.380541846734,7382.4,111.01945815326599
65,2.7083333333333335,7.277913886562895,13.84077317258202,6639.254887036303,97.17856870210493,7.066064773900683,17.854049238139023,10.78798446423834,4388.438683092137,4956.54,568.1013169078633,23.381180390868128,7.095903667850006,7.1203733010006465,0.024469633150640213,2.394931603837531,0.0,0.0,51.549210810153646,7.139051549804699,10.813237086718702,3.6741855369140035,792.8341130444177,915.06,122.22588695558227,67.29562092018344,7.105560308281325,11.436979098782027,4.331418790500702,1220.1583740451886,1259.98,39.82162595481145,6403.826101785581,7131.58,727.7538982144188
66,2.75,7.413602020596757,13.40441775747862,5867.004060713314,93.118269383734,7.270197990235005,16.791124737810037,9.520926747575032,3711.1913198833704,3717.72,6.528680116629403,22.81474850039599,7.344724952155465,7.367946781339705,0.023221829184239873,2.2177436060460654,0.0,0.0,50.26558578845807,7.3754231194823054,10.43753987231537,3.062116752833064,644.3053205093079,664.59,20.284679490692156,65.61961206060687,7.3513878236611685,11.36434966734619,4.012961843685021,1102.2951914742882,1171.56,69.26480852571171,5460.009575473012,5553.869999999999,93.86042452698712
67,2.7916666666666665,7.353548257728643,12.959631830615512,5493.750804438631,93.10779564106585,7.37461310173882,16.644447706302632,9.269834604563812,3612.910923026638,3698.97,86.0590769733617,22.8138345482089,7.372685560758729,7.396878077418304,0.024192516659574892,2.310354166967313,0.0,0.0,50.26426773986383,7.361502107943656,10.184301762188463,2.8227996542448075,593.934618500858,617.28,23.345381499141922,65.61743016261248,7.365899937396203,10.833172031644455,3.4672720942482522,952.3714461132736,1024.04,71.66855388672639,5161.527341807738,5340.29,178.76265819226228
68,2.8333333333333335,7.427911176934218,12.634925301192334,5106.228680109465,93.09864886091086,7.372619434694102,15.724245186809446,8.351625752115343,3254.719956892098,3492.17,237.45004310790227,22.815786005902645,7.378144094231078,7.4019458540206005,0.023801759789522592,2.2732318212600093,0.0,0.0,50.26949438223868,7.390328500302383,10.160096021429517,2.769767521127134,582.8369265625043,563.76,0.0,65.62399221177817,7.380809754690597,10.593727290658446,3.212917535967849,882.5949738462423,871.52,0.0,4722.4250891221045,4927.450000000001,205.02491087789622
69,2.875,7.416756090551126,12.287623918836527,4779.913050310044,93.07379360879108,7.422078469686926,14.922198498889076,7.50012002920215,2922.0985145533605,2934.96,12.861485446639563,22.816721063425753,7.434656544282493,7.458620829493176,0.023964285210682945,2.288847917017522,0.0,0.0,50.27326969491677,7.433835186721329,10.237828823684634,2.8039936369633045,590.0833760056499,595.52,5.436623994350043,65.62883611587988,7.433794231367121,10.574097912061685,3.140303680694564,862.7114749218698,885.16,22.44852507813016,4377.182213397898,4415.64,38.457786602102715
70,2.9166666666666665,7.2931148250870175,11.961473455359192,4583.601353465378,93.0567640185698,7.402813546710024,14.941152592770708,7.538339046060684,2936.4515302173886,2893.14,0.0,22.815336595746704,7.374868892606741,7.399384044280107,0.024515151673366375,2.3413195357995438,0.0,0.0,50.27122267987956,7.34937018450475,10.218194797458581,2.8688246129538317,603.7020774854873,577.86,0.0,65.62559394714414,7.366614136760025,10.119399213156681,2.7527850763966564,756.2141095398705,831.34,75.12589046012954,4298.709036778546,4302.34,3.6309632214542944
71,2.9583333333333335,7.256349209779596,11.749930205888077,4414.037846254047,93.05160522937118,7.312167437903728,14.90029724816124,7.588129810257511,2955.682942806415,2979.17,23.48705719358486,22.81516480359645,7.283283613139629,7.307587393506977,0.02430378036734826,2.3211150420501014,0.0,0.0,50.271166528907806,7.272481089484531,10.11807715120665,2.8455960617221194,598.8133006010152,623.12,24.306699398984847,65.6245579687576,7.280503547656971,9.529469414549826,2.2489658668928554,617.8008183143796,671.74,53.93918168562038,4174.61817676386,4274.03,99.41182323613975
72,3.0,7.256271824014879,11.532466410437365,4203.086740369273,93.04622591038623,7.26971852369312,14.666295329713902,7.396576806020782,2880.903807327046,2912.23,31.32619267295422,22.815626221902615,7.2621292765799605,7.286203764242762,0.024074487662801403,2.2992631072248115,0.0,0.0,50.27240361590768,7.260864773429446,9.980369268597197,2.719504495167752,572.2932916020346,567.79,0.0,65.62548732962931,7.262162350224639,9.11423484101009,1.852072490785451,508.7796668290152,553.97,45.19033317098484,3964.2760288653203,4033.99,69.71397113467947
73,3.0416666666666665,7.23543907642278,11.330543584554723,4027.403606623034,93.03927959752924,7.258200226877863,14.473783950017443,7.215583723139581,2810.198730240899,2829.76,19.56126975910138,22.815711573381087,7.251322513053997,7.27545004936889,0.02412753631489295,2.304338203321361,0.0,0.0,50.272984167992306,7.24653338962657,9.963546268543164,2.717012878916594,571.7755580369775,570.35,0.0,65.62564626779982,7.249637750663377,8.793937150959177,1.5442994002958006,424.2328748901725,452.96,28.727125109827455,3808.5115013713703,3853.07,44.55849862862988
74,3.0833333333333335,7.173481714802797,11.161271161919734,3923.41237550437,93.03163791656796,7.235655063764484,14.510946169466294,7.27529110570181,2833.2197896394023,2774.58,0.0,22.815095046542663,7.221033998845859,7.2453195936478805,0.024285594802021748,2.3193711512624047,0.0,0.0,50.27184751012947,7.207885604942749,9.85121298353244,2.6433273785896905,556.2564044498656,566.71,10.453595550134423,65.62382569457279,7.21705321862902,8.547128979991399,1.3300757613623793,365.37358644278896,384.34,18.966413557211013,3757.169151683319,3725.63,0.0
75,3.125,7.167261554626782,11.071224798062799,3842.0657236629186,93.03081512225617,7.18431599306013,14.400578295382607,7.216262302322477,2810.2073226107946,2898.71,88.50267738920547,22.815201470163913,7.166569932290535,7.19073656806224,0.024166635771704748,2.3080208554517334,0.0,0.0,50.27217994870829,7.162821053258496,9.8394578427447,2.6766367894862038,563.2696934924724,539.04,0.0,65.62390804911553,7.165192300940091,8.354556914949486,1.1893646140093947,326.7204565228893,334.83,8.109543477110662,3702.505493481608,3772.58,70.0745065183919
76,3.1666666666666665,7.142595657518604,10.980674940990612,3778.1856392458076,93.02271492813271,7.174223551900312,14.306880303915344,7.132656752015032,2777.4072146961234,2684.92,0.0,22.815221847334637,7.172973790224704,7.197082570918974,0.024108780694270138,2.3024974955156297,0.0,0.0,50.27258259070281,7.167969922639776,9.811640356782785,2.643670434143009,556.3367310574222,581.18,24.843268942577765,65.6243101740978,7.171810964042465,8.271725147611765,1.0999141835692994,302.15012456558907,306.85,4.699875434410956,3638.1965678146503,3572.95,0.0
77,3.2083333333333335,7.035102040029322,10.987816136233294,3889.639519320507,93.0178137255196,7.13379236018179,14.488720852578234,7.354928492396445,2863.8073964164632,2887.96,24.152603583536802,22.81377637846528,7.1043138512935124,7.128819708014254,0.024505856720741903,2.340271771904152,0.0,0.0,50.269895880976854,7.08162343717696,10.544712982899828,3.463089545722868,728.7371856254898,524.61,0.0,65.61987720801251,7.097236758212514,8.129127692402143,1.0318909341896294,283.444761063546,285.52,2.0752389364539567,3878.3296148774034,3698.09,0.0
78,3.25,7.012376590246517,11.183514615687365,4101.485895582121,93.0128842507929,7.057212507105481,14.498004284391731,7.44079177728625,2897.0866650624957,2821.82,0.0,22.813722627856404,7.0364153931801106,7.060652380015334,0.024236986835223462,2.314589656444027,0.0,0.0,50.27043161939994,7.029070375041385,11.06972230019753,4.040651925156144,850.2825740374874,928.51,78.2274259625126,65.62047384045637,7.034874101595164,8.298670782102173,1.263796680507009,347.1489023358562,269.25,0.0,4096.832731092283,4019.58,0.0
79,3.2916666666666665,6.429157176470417,11.375366222077,4869.3430534713325,93.33660187230791,6.96150132173431,17.026572858143883,10.065071536409572,3932.4940601553244,2983.21,0.0,22.853661220172654,6.876773162536822,6.902957840689711,0.026184678152889163,2.504968386703302,0.0,0.0,50.3606462096415,6.764333984855439,11.021430093398044,4.257096108542605,897.4370046575355,765.2,0.0,65.7390294200968,6.846678279246711,8.69907202647485,1.852393747228139,509.74833765720985,414.07,0.0,5342.184370856773,4162.48,0.0
80,3.3333333333333335,6.576153967226769,12.658689192514904,8530.084934851218,145.78393292609738,6.522404897774577,17.79300711229256,11.270602214517982,6877.902394525767,5149.61,0.0,29.68206020240549,6.445881972978801,6.787498170971013,0.3416161979922121,42.44550651490229,0.0,0.0,65.95039884278265,6.447616793336341,11.157695820337166,4.710079027000825,1300.303837463502,1024.8,0.0,86.09785500026415,6.438115308866988,9.253551340231995,2.8154360313650075,1014.6989713574573,595.44,0.0,9235.350709861628,6769.85,0.0
81,3.375,6.976423418697269,13.399464341524556,11679.979932482995,200.45671070182655,6.8302171519913015,17.066226391978017,10.236009239986714,8589.15604603575,8244.01,0.0,36.29776872318889,6.884585701601207,7.211161779769146,0.326576078167939,49.62077265325468,79.98,30.35922734674532,81.16595098515941,6.888668785081227,11.701325448059164,4.812656662977937,1635.1514562583868,1556.82,0.0,105.96928433157298,6.855936365231642,10.289639784331428,3.4337034190997855,1523.1476551862895,1440.58,0.0,11797.07593013368,11321.39,0.0
82,3.4166666666666665,7.195409330976676,13.668055799493285,12816.005654651199,221.42349355094944,7.102524123210426,17.057700640208207,9.955176516997781,9227.24150641575,8889.11,0.0,38.67586778058572,7.124010070492891,7.763872215022233,0.6398621445293422,103.59187840660458,0.0,0.0,86.67011694075673,7.126037880007259,11.758602203161317,4.632564323154058,1680.6994763353,1675.2,0.0,113.15801308804343,7.103758917166004,10.781709945584161,3.677951028418158,1742.1697937373308,1556.22,0.0,12753.702654894985,12120.53,0.0
83,3.4583333333333335,7.333414565519909,13.87466528387954,13248.59984130724,227.39620321232087,7.297759921500056,16.881533770865822,9.583773849365766,9122.6075073224,9471.76,349.1524926776001,39.34649586865654,7.303616746487023,8.51690174815856,1.2132850016715366,199.8334166979618,188.81,0.0,88.22312498019035,7.299954227257912,12.077077732057745,4.7771235047998335,1764.2012701448582,1634.88,0.0,115.1866433744848,7.288184773768408,11.311108663932743,4.022923890164335,1939.7383983356012,1867.35,0.0,13026.380592500822,13162.800000000001,136.41940749917921
84,3.5,7.400893116229715,13.980732588839912,13186.426762845493,224.69166409802295,7.3885092542479995,16.86124336951787,9.47273411526987,8909.668224569168,8681.89,0.0,39.043424009588534,7.385744453325241,8.567946199516209,1.1822017461909677,193.21405611734193,188.63,0.0,87.52023888799638,7.382639743027297,12.344449065673507,4.96180932264621,1817.8070740643866,1840.13,22.32292593561351,114.26874931143455,7.376577155790173,11.50563301723899,4.129055861448817,1975.0470976364309,1943.31,0.0,12895.736452387328,12653.959999999997,0.0
85,3.5416666666666665,7.44559050884628,14.041348065826908,13352.837994094702,227.3551723940869,7.440638803302475,16.90158002074448,9.460941217442004,9004.06055540674,9068.93,64.86944459325969,39.34001521865017,7.434921572158337,8.60683807820752,1.1719165060491834,192.98805038387982,175.9,0.0,88.20726309941557,7.432060554865302,12.220911840337141,4.788851285471839,1768.2143936687314,1743.16,0.0,115.16640817268056,7.427685353873595,11.69938020123162,4.271694847358025,2059.326779462557,1939.69,0.0,13024.589778921909,12927.68,0.0
86,3.5833333333333335,7.466900761375818,14.085560117910136,13256.421296200604,224.59685189244968,7.476430243177082,16.835790081917505,9.359359838740424,8799.318414563708,8848.52,49.20158543629259,39.03148847775933,7.467239780452011,8.772961971467213,1.3057221910152021,213.3364788166583,187.84,0.0,87.49163405054651,7.46312157587556,12.239623232231455,4.7765016563558955,1749.3458717413848,1740.28,0.0,114.23219320602763,7.461575916865491,11.925675554841845,4.4640996379763545,2134.6251333196387,2110.39,0.0,12896.62589844139,12887.03,0.0
87,3.625,7.465764944273336,14.099983454707573,13068.403937103847,220.34603350000617,7.482169526105471,16.891149721544007,9.408980195438536,8678.546913934146,8669.88,0.0,38.55350369146981,7.47063533136879,9.00424351036173,1.5336081789929406,247.501304518044,217.31,0.0,86.3831007967217,7.466722338130086,12.232941287123706,4.766218948993621,1723.4631511322136,1706.71,0.0,112.78434889562376,7.466900769443876,11.816395971672947,4.349495202229071,2053.463164732077,2091.54,38.07683526792289,12702.97453431648,12685.439999999999,0.0
88,3.6666666666666665,7.45504292726011,14.107876629617378,12800.06465956548,214.43519654585953,7.4750062906288814,16.882953031203982,9.4079467405751,8444.815086596725,8615.1,170.2849134032749,37.88593512896144,7.4626796576502,9.075959538075768,1.6132798804255684,255.85090232105412,257.28,1.4290976789458512,84.83621910769347,7.458777998527899,12.277124504858008,4.818346506330109,1711.1124755815347,1690.65,0.0,110.76421152451334,7.45984559058873,11.838606691100193,4.378761100511462,2030.251946869389,1950.82,0.0,12442.030411368702,12513.85,71.81958863129876
89,3.7083333333333335,7.334715989026808,14.036445229494538,11335.024340820186,184.3546232984367,7.432079583408702,17.124270488464216,9.692190905055515,7479.545650754451,8195.52,715.9743492455491,34.40425889818184,7.405505724575416,8.256133564025932,0.8506278394505156,122.50421265491529,234.99,112.48578734508472,76.7925694349824,7.391521362372258,11.902899901258557,4.511378538886299,1450.1993038229166,1684.84,234.64069617708333,100.26058068994158,7.4062058262557855,12.094236656939914,4.688030830684129,1967.5233664750335,2048.68,81.15663352496631,11019.772533707317,12164.03,1144.2574662926836
90,3.75,7.122802695914694,13.846586660350262,8348.510699772349,126.36932180264245,7.270939300960604,18.027083751661596,10.756144450700992,5689.806600162381,6721.84,1032.033399837619,27.256576799956544,7.226713134382781,7.262038917020195,0.035325782637414704,4.030531572691461,0.0,0.0,60.38444608310415,7.206780000141893,11.120370878601499,3.9135908784596056,989.2355928015402,1188.38,199.14440719845993,78.83348141245712,7.2311825830379055,11.783366871868694,4.552184288830788,1502.2069456851345,1837.94,335.7330543148655,8185.279670221747,9748.16,1562.8803297782524
91,3.7916666666666665,6.985103548609685,13.689830088141424,6560.657901214422,93.1197864120919,7.115942426850573,19.03682140694709,11.920878980096518,4646.751782915538,4649.95,3.198217084462158,22.806883721205242,7.061809800266641,7.086517854570553,0.024708054303911986,2.3588684381426788,0.0,0.0,50.24714350720093,7.034868169221624,10.764504479877955,3.729636310656331,784.4713479180706,780.85,0.0,65.59510885857404,7.057423760554643,11.256606101920898,4.199182341366255,1153.0162142362844,1158.45,5.433785763715605,6586.598213508036,6589.25,2.6517864919642307
92,3.8333333333333335,7.1044421521203205,13.767443516989921,6519.990129609003,93.13127659332714,7.031288279469749,18.698222253239244,11.666933973769495,4548.32532024159,4639.93,91.60467975841038,22.808941253920977,7.031070242731827,7.054800565434183,0.023730322702355977,2.2657291635990595,0.0,0.0,50.25120956613881,7.05138324433636,10.806034995715128,3.754651751378768,789.7968653388097,781.96,0.0,65.60014907899625,7.038474765485554,11.04484996254363,4.006375197058076,1100.1595394695842,1139.44,39.280460530415894,6440.547454213583,6561.33,120.78254578641736
93,3.875,7.230182625492872,13.635649861919864,6269.864755846651,93.13284308563671,7.106392918616893,18.20520114071616,11.098808222099265,4326.915681358442,4420.56,93.64431864155813,22.811022623774587,7.142011930766596,7.1654920225702075,0.023480091803611103,2.242042133755237,0.0,0.0,50.25596241966573,7.16859444079129,10.655812525057202,3.487218084265912,733.6111551527061,791.69,58.07884484729391,65.60615939393294,7.148765476204721,10.77859432971909,3.6298288535143683,996.8503995880051,1052.71,55.85960041199496,6059.619278232909,6264.96,205.34072176709105
94,3.9166666666666665,7.232863862537971,13.341623992539006,5981.979996213104,93.12691541214751,7.211023268282641,18.02861447470994,10.817591206427299,4217.013660607994,4201.28,0.0,22.811099311882437,7.232676090908661,7.256564664581539,0.023888573672878444,2.281054486408654,0.0,0.0,50.25634120706689,7.235222885756484,10.391069359167197,3.155846473410713,663.9050299320518,668.79,4.884970067948188,65.60641220578965,7.23161266345547,10.410768066007424,3.179155402551954,873.0864934682787,932.51,59.42350653172127,5756.286238494733,5802.58,46.29376150526696
95,3.9583333333333335,7.1998309593727265,13.129775890045039,5808.5217322202725,93.1243158718908,7.226507759668552,18.037774361587555,10.811266601919003,4214.430499967608,4231.66,17.229500032392025,22.810614822371726,7.217239404026801,7.241414261348545,0.024174857321744625,2.3083418997363307,0.0,0.0,50.2554083006614,7.209496845095299,10.330505836546097,3.1210089914507977,656.5639748002046,652.58,0.0,65.60460564327431,7.213574065351746,9.943987335697608,2.7304132703458626,749.8284929438348,804.91,55.08150705616515,5623.1313096113845,5689.15,66.01869038861514
96,4.0,7.244268050244866,12.95404796389961,5594.7622068717765,93.12438016424188,7.2136208054219795,17.807039774383767,10.593418968961789,4129.512338225428,4182.720000000001,53.20766177457335,22.81151760501026,7.214036007798849,7.237947002644252,0.023910994845403266,2.283237290332581,0.0,0.0,50.257618503017,7.221096532446558,10.347361738969242,3.1262652065226844,657.698644155184,654.22,0.0,65.60629849562049,7.2155769502106155,9.325311777719822,2.1097348275092065,579.3921834289742,685.83,106.43781657102579,5368.8864030999175,5522.770000000001,153.88359690008383
97,4.041666666666667,7.1999557805779535,12.70982333486932,5400.866977408157,93.11734930409187,7.237632800230224,17.796468190527783,10.55883539029756,4115.720255101572,4051.48,0.0,22.811086777798543,7.239113005867362,7.263242695706077,0.02412968983871444,2.3040767428119193,0.0,0.0,50.25685088039947,7.2310937177691095,10.30339977117449,3.0723060534053808,646.3369321961707,654.88,8.54306780382933,65.60438574204639,7.236375945544617,8.841906486911375,1.6055305413667584,440.91073098774734,462.45,21.539269012252646,5205.271995028302,5168.8099999999995,0.0
98,4.083333333333333,7.15480134667792,12.578562278623272,5317.374093332216,93.11613131389602,7.201155598089383,17.86282328451161,10.661667686422227,4155.7488174424625,4190.66,34.91118255753736,22.810501309573382,7.178768703140754,7.20305575746002,0.0242870543192657,2.3190435159112446,0.0,0.0,50.25550166536676,7.16763013630187,10.159536537390586,2.991906401088716,629.4059433149333,631.28,1.8740566850666482,65.60229177559309,7.174815353988384,8.613495381427123,1.438680027438739,395.07763921632403,408.39,13.312360783675956,5182.551443489631,5230.33,47.77855651036862
99,4.125,7.153736231369303,12.496969770450361,5239.194365671448,93.11201088940136,7.168692755529757,17.718988461574934,10.550295706045176,4112.15581492292,4099.66,0.0,22.810847359859277,7.163051454423909,7.187119690721536,0.024068236297627443,2.2981845944043706,0.0,0.0,50.256482670739686,7.161505110664597,10.162798696268245,3.0012935856036487,631.3930456866605,621.21,0.0,65.60325661981618,7.1628498768152244,8.448175960591847,1.2853260837766225,352.9701209625947,370.48,17.509879037405312,5098.817166166579,5091.35,0.0
100,4.166666666666667,7.133619578703093,12.48380842755908,5245.912397289266,93.10647319314654,7.153806788958116,17.427836992017667,10.274030203059551,4004.238512236702,4118.53,114.29148776329794,22.81099303640529,7.144334054612937,7.168478038833851,0.024143984220914128,2.305432199341195,0.0,0.0,50.25761959860992,7.139396038249573,11.005498103107579,3.866102064858006,813.3443497844723,635.39,0.0,65.60386170616982,7.142398839391118,8.330425419943927,1.1880265805528083,326.2532044332153,323.85,0.0,5146.141498653731,5077.77,0.0
101,4.208333333333333,7.089956163880329,12.56719461985489,5369.142453549922,93.09261451427123,7.138978859480473,17.268952868271658,10.129974008791184,3947.5058541317753,3845.92,0.0,22.81084330827233,7.1310550140671,7.15525094429062,0.02419593022351929,2.310377192689302,0.0,0.0,50.25867152409117,7.121804962566124,11.90856548019015,4.786760517624026,1007.0520758396926,986.74,0.0,65.60450031879022,7.128427008440235,8.316799621202543,1.1883726127623087,326.35140782144776,316.98,0.0,5283.219714985605,5149.639999999999,0.0
102,4.25,6.94311379412337,12.604400464444277,5548.003939744796,93.08809744876528,7.08153007750298,17.927001913750946,10.845471836247967,4226.120043767672,4067.95,0.0,22.80834319734596,7.045258053918993,7.069901357776452,0.0246433038574585,2.352837292922487,0.0,0.0,50.252911435405665,7.014866574356581,11.655469343977398,4.640602769620817,976.1911067525022,1021.27,45.07889324749783,65.59747971727823,7.036426865209732,8.482037235009619,1.445610369799887,396.9516694737792,324.08,0.0,5601.615657286876,5413.299999999999,0.0
103,4.291666666666667,6.773027655330868,12.898483981782018,6460.059784729352,102.30608281614676,6.948000391979034,18.785397787236104,11.83739739525707,5069.404056021146,4421.02,0.0,24.088900303363545,6.895430163251691,6.92304179584047,0.027611632588779855,2.7842503574007123,0.0,0.0,53.15894365076335,6.860358307881138,11.500889537066728,4.64053122918559,1032.6264997782077,924.5,0.0,69.39314770868023,6.887406904698078,8.924206170671805,2.0367992659737277,591.6488729574817,459.12,0.0,6696.463679114237,5804.64,0.0
104,4.333333333333333,7.076912468191794,13.617160808978793,9367.628725655593,150.6407885787537,6.871269003859913,17.832415950882922,10.961146947023009,6911.905701796427,5772.49,0.0,30.319630592601946,6.894581693248131,8.094340883463376,1.1997591902152447,152.27100530283928,0.0,0.0,67.39842834289288,6.930258324937912,11.931389170035295,5.001130845097383,1410.9681503417007,1135.36,0.0,87.98900243555566,6.894127958589415,9.690191823204763,2.7960638646153484,1029.8517346304475,715.97,0.0,9504.996592071415,7623.82,0.0
105,4.375,7.253124475005722,13.848166148590657,11768.403943307809,196.28793859554855,7.1917728229449756,17.07945233501031,9.887679512065333,8124.323710245489,7774.62,0.0,35.81130347610788,7.21738008427121,9.227451937517406,2.0100718532461963,301.32206510656954,310.81,9.487934893430463,80.03683728671918,7.214116398239751,12.24204036192717,5.027923963687419,1684.5264872705104,1672.1,0.0,104.49474068811085,7.198377801656831,10.634163465530877,3.4357856638740456,1502.864132978988,1333.77,0.0,11613.036395601557,11091.300000000001,0.0
106,4.416666666666667,7.317604259761477,13.926667754694467,12267.071172772956,205.57947851015172,7.2997507240503525,16.970937242159295,9.671186518108943,8322.594655328894,8413.53,90.93534467110658,36.8805548472466,7.300098523656399,9.005155789664146,1.7050572660077465,263.23015525788543,275.28,12.049844742114544,82.50923879461591,7.298036775364415,12.203355143573543,4.9053183682091275,1694.21687816148,1657.5,0.0,107.72440822896328,7.291316216528156,11.203026106826943,3.911709890298787,1763.924446139101,1625.95,0.0,12043.96613488736,11972.260000000002,0.0
107,4.458333333333333,7.353371955397669,13.988638710224672,12238.940020312099,204.10493506465198,7.350833466214709,16.831444662882703,9.480611196667994,8100.075483752992,8157.21,57.13451624700792,36.71272161928516,7.346367077762967,8.991636837302789,1.645269759539822,252.84415618718904,233.31,0.0,82.12136338487656,7.343660302495995,12.299890902576735,4.9562306000807395,1703.7539655417972,1688.93,0.0,107.21842343880313,7.3402731564446,11.615178489619838,4.274905333175238,1918.6472821849334,1847.78,0.0,11975.32088766691,11927.230000000001,0.0
108,4.5,7.337816262711702,13.992504870573608,11945.727949750797,197.71747306216164,7.3648204898664655,17.068937773047498,9.704117283181033,8031.567469958081,7974.14,0.0,35.97658474162797,7.353109819037488,9.139291091556158,1.7861812725186699,268.9952982148371,255.04,0.0,80.41894783251227,7.347632335915119,12.30973912584757,4.9621067899324505,1670.4124460324122,1676.99,6.577553967587846,104.99455782074229,7.3499158763174535,11.20774607998252,3.857830203665067,1695.5442243321963,1935.64,240.09577566780376,11666.519438537527,11841.81,175.2905614624724
109,4.541666666666667,7.355391917693399,14.010981103240923,11936.173203919885,197.51694410799007,7.347548597822134,17.18707422530374,9.839525627481606,8135.378117864392,8057.77,0.0,35.95124107138851,7.3410879384571945,9.202934200612882,1.8618462621556873,280.19277242289473,266.7,0.0,80.35918902637363,7.341614398497915,12.25794890353636,4.916334505038444,1653.774128837221,1624.98,0.0,104.91626389170177,7.3384772269801894,11.011181726302272,3.6727044993220828,1612.9764545956277,1406.78,0.0,11682.321473720136,11356.230000000001,0.0
110,4.583333333333333,7.390586548546471,14.04274557945975,12288.783376823527,204.4981544352479,7.390727425056199,16.94571575040024,9.554988325344041,8179.34972367486,8129.82,0.0,36.75581538087153,7.385994198824172,9.368526329334932,1.9825321305107595,305.03208270827764,277.63,0.0,82.21976553926301,7.383032531062858,12.190685260508083,4.807652729445225,1654.6591597556453,1643.65,0.0,107.34687149249176,7.380217707251191,11.50542212844435,4.125204421193159,1853.6771242603904,1771.81,0.0,11992.718090399172,11822.909999999998,0.0
111,4.625,7.381014232366267,14.036482939553899,12235.094139657393,203.33321301318395,7.403264817901462,17.0210802927874,9.617815474885937,8186.230856723741,8158.52,0.0,36.62176943958582,7.392079548914055,8.483024998701048,1.0909454497869921,167.24054854144507,315.54,148.29945145855496,81.91089825259718,7.387341681717848,12.11233723198277,4.7249955502649215,1620.1018441825784,1623.68,3.5781558174217025,106.94399817448716,7.388760933464297,11.762374103838061,4.373613170373764,1957.924807910415,1881.64,0.0,11931.49805735818,11979.380000000001,47.8819426418213
112,4.666666666666667,7.424671303728819,14.051246658088797,12655.908294004901,212.58770992196804,7.405069723449624,16.93089088474722,9.525821161297596,8476.953509305917,8163.59,0.0,37.67409041976092,7.401393201714568,8.364107426395977,0.9627142246814087,151.82363618747064,0.0,0.0,84.34716433309268,7.402388546659852,11.91372335466911,4.5113348080092575,1592.8495971558045,1575.2,0.0,110.12625391038833,7.3966369655875,12.037795633971937,4.6411586683844375,2139.5207675508577,1980.32,0.0,12361.14751020005,11719.11,0.0
113,4.708333333333333,7.312833810824457,13.978445760390084,11077.587126901039,180.62574881362622,7.432020125327763,17.091046954630304,9.65902682930254,7303.184240831492,8688.85,1385.665759168508,33.92794900955114,7.407806033810544,8.435586279601656,1.0277802457911127,145.96781158253307,289.07,143.10218841746692,75.70301787402148,7.387600194976089,11.604516815171394,4.216916620195304,1336.3106535421878,1563.05,226.7393464578122,98.83817608615762,7.403860499594298,12.174939099580302,4.771078599986003,1973.9698626075142,2240.9,266.9301373924859,10759.432568563727,12781.869999999999,2022.4374314362722
114,4.75,7.036047753249956,13.835638150653235,7864.5720123037145,115.55420352777834,7.227001665766189,18.25527543258215,11.02827376681596,5334.485156445233,5855.91,521.424843554767,25.87200083948865,7.158466881000866,7.190497915938985,0.032031034938118985,3.4689673463172377,0.0,0.0,57.218002275807585,7.128919718255165,11.214535813664591,4.085616095409426,978.5645313152601,1079.5,100.93546868473993,74.69856787502991,7.162286206178286,11.935512790835048,4.773226584656762,1492.5316534106612,1660.84,168.30834658933873,7809.050308517471,8596.25,787.1996914825286
115,4.791666666666667,7.1084251570124914,13.809343179721509,6703.829900234544,95.83484729582166,7.068837899766588,18.320511788251768,11.251673888485179,4513.774051201561,4823.23,309.45594879843884,23.19238622974513,7.048026255448966,7.072812061921937,0.024785806472970684,2.4062885983404665,0.0,0.0,51.1214635404747,7.061262225339413,10.838161391353838,3.7768991660144247,808.2354460659536,867.47,59.2345539340464,66.73734201123979,7.055754169383824,11.706101109441594,4.65034694005777,1299.132610561209,1311.8,12.667389438790906,6623.548396427063,7002.5,378.9516035729366
116,4.833333333333333,7.318999202917233,13.640930654385597,6188.4575682898985,93.12244937698699,7.132707515385925,17.292843179857464,10.16013566447154,3960.5283060608053,4148.15,187.6216939391943,22.813122893917587,7.181827675921933,7.205009899894267,0.02318222397233427,2.2138034576856804,0.0,0.0,50.26160186279124,7.224356713476018,10.493551048346129,3.269194334870111,687.8223558826046,742.55,54.72764411739536,65.61483175030355,7.1940804357631984,11.750019430465182,4.555938994701983,1251.3509961400462,1277.83,26.479003859953764,5901.915461541142,6168.53,266.6145384588581
117,4.875,7.326775289782055,13.275500654431193,5826.250940419551,93.10669012273183,7.2873194431999915,16.726014283775772,9.438694840575781,3678.680390975388,3712.12,33.439609024611855,22.813674280831737,7.321972714654434,7.34576068490001,0.023787970245575885,2.2717045468658923,0.0,0.0,50.263791478259,7.327453335604381,10.359019035343472,3.031565699739091,637.8542501675971,626.35,0.0,65.6176901127504,7.321320749817645,11.670694918917452,4.349374169099806,1194.667180522274,1216.55,21.88281947772589,5513.473526212125,5555.02,41.546473787875584
118,4.916666666666667,7.363291614544149,12.991939581348108,5515.485498577504,93.09994516047354,7.323734881769291,16.21609100483217,8.892356123062878,3465.4967529554674,3629.17,163.67324704453267,22.814541819923413,7.323457806338901,7.347396479609678,0.023938673270777144,2.2861833242141425,0.0,0.0,50.266674194345214,7.328859641735835,10.460074770793877,3.1312151290580426,658.8586962538673,642.93,0.0,65.62077739842135,7.322817047635425,11.174927862013211,3.8521108143777862,1058.1308272225117,1164.11,105.9791727774882,5184.77245975606,5436.21,251.43754024394002
119,4.958333333333333,7.346718498104034,12.624789798303468,5175.285719855589,93.08484458706648,7.362888789150109,15.868795066302265,8.505906277152157,3314.353254805287,3242.63,0.0,22.814893438748275,7.374518364665796,7.3985096818043345,0.023991317138538193,2.2912462138624554,0.0,0.0,50.26839514529883,7.3721079220751236,10.488119269146136,3.1160113470710122,655.682020166157,668.45,12.767979833843015,65.62217963289434,7.37348120309803,10.492748082185537,3.1192668790875073,856.8452808616822,942.84,85.9947191383178,4829.171802046989,4853.92,24.748197953011186
120,5.0,7.262027424743828,12.294679689410385,4937.316036272157,93.08048698983275,7.337332644370542,16.118215998572385,8.780883354201844,3421.338770418759,3397.72,0.0,22.813632121230658,7.310572789467376,7.334981967539115,0.024409178071738147,2.3310243692982833,0.0,0.0,50.26576103440262,7.292150907343673,10.341743798633097,3.0495928912894232,641.6723901028612,636.14,0.0,65.61737753549973,7.304176460326034,9.556525728624129,2.2523492682980946,618.6625540429189,761.57,142.9074459570811,4684.004738933837,4795.429999999999,111.42526106616242
121,5.041666666666667,7.2340312194696,12.061922297395851,4738.68760260886,93.07803641566657,7.277897419291498,16.04454902587367,8.766651606582172,3415.70365537512,3440.78,25.07634462488022,22.813586263834278,7.261412806131548,7.285616550127184,0.02420374399563574,2.311401207697496,0.0,0.0,50.265686340215325,7.253610847251417,10.411298541622633,3.1576876943712167,664.4158979147307,640.72,0.0,65.61587958751954,7.259571062829035,8.861897073126162,1.6023260102971273,440.1077958890265,465.17,25.06220411097354,4522.538750386575,4546.67,24.131249613425098
122,5.083333333333333,7.221485846278976,11.896589301343148,4590.408638569261,93.07270472778916,7.242690119565923,15.891866932035878,8.649176812469955,3369.739542428442,3372.25,2.510457571558163,22.813799302028766,7.231492819856736,7.255621380547986,0.024128560691250023,2.3042428944645956,0.0,0.0,50.26637713218347,7.227666963602505,10.252393913898155,3.0247269502956504,636.4480866243732,681.88,45.43191337562678,65.61638982978022,7.230356254045136,8.594346666795852,1.3639904127507165,374.64753014490225,404.02,29.372469855097734,4383.139402092182,4458.15,75.01059790781801
123,5.125,7.119884374915867,11.726873277161618,4524.5469717655005,93.06454725945278,7.216915738076875,16.11764302299547,8.900727284918595,3467.44026104268,3355.56,0.0,22.812507781404484,7.198929312954745,7.223334410507762,0.024405097553017008,2.3305198262136937,0.0,0.0,50.26356346449789,7.178553353148411,10.086764447128083,2.9082110939796717,611.8971433992315,584.19,0.0,65.61241263882711,7.193170202121594,8.37355813619275,1.180387934071156,324.1977474546528,333.73,9.532252545347205,4405.865671722778,4273.48,0.0
124,5.166666666666667,7.097606274099536,11.748521797784234,4567.161871238675,93.06649010451788,7.133973972193198,16.12827275218414,8.994298779990944,3503.965887843767,3602.36,98.39411215623295,22.812305872274447,7.104023964232933,7.1283084519731625,0.024284487740229288,2.318981889310817,0.0,0.0,50.2632054209635,7.095977178735703,10.381174630379528,3.2851974516438247,691.2113845526317,633.47,0.0,65.61139870979821,7.101503048361551,8.204987144396226,1.1034840960346743,303.0711510884516,302.82,0.0,4500.56740537416,4538.65,38.08259462583919
125,5.208333333333333,7.1549118015245226,11.761191701433289,4523.661628131746,93.06138580169326,7.117762047000346,15.696041870803711,8.578279823803365,3341.7114619161844,3364.87,23.15853808381553,22.813665784366645,7.126920855812952,7.150752751349433,0.023831895536480907,2.2758984784674205,0.0,0.0,50.26682846778268,7.137538735990965,10.669401803016331,3.531863067025366,743.1638330703498,743.33,0.16616692965021684,65.6159450887388,7.130436721896036,8.221192290695269,1.0907555687992332,299.59602812667356,291.43,0.0,4386.747221591675,4399.63,12.882778408325066
126,5.25,7.051868372893239,11.735947945538905,4599.339063395515,93.04983111809759,7.136571529196771,15.732011842702764,8.595440313505993,3347.9806723673614,3302.82,0.0,22.81240830564592,7.125900532048367,7.150271740963611,0.02437120891524458,2.327273544880906,0.0,0.0,50.26474710857297,7.106432455881746,11.155891051407286,4.0494585955255396,852.0394211978288,736.78,0.0,65.6132201198947,7.119614453285504,8.422813040635301,1.3031985873497973,357.9325354604119,295.97,0.0,4560.279902570483,4335.570000000001,0.0
127,5.291666666666667,6.580707587659915,12.009008583909276,5590.366365351653,98.93125950378396,7.015666769447732,17.63056178318536,10.614895013737629,4395.906690414966,3397.17,0.0,23.633246265013284,6.92952499911217,7.2521970336716635,0.3226720345594938,31.92154712624697,0.0,0.0,52.12720122046358,6.8388100162547785,11.399807498933015,4.5609974826782365,995.2300124218661,962.1,0.0,68.04552462280338,6.906562580084928,8.70894816705763,1.8023855869727017,513.388926100441,408.85,0.0,5936.447176063521,4768.120000000001,0.0
128,5.333333333333333,6.741108680673603,13.056690251256908,8614.044319437391,141.38712170857576,6.646474165467724,17.863413761258183,11.216939595790459,6638.706344823037,5621.91,0.0,29.173516688045293,6.59642093233112,7.29760182690855,0.7011808945774298,85.62844984762124,59.81,0.0,64.77254650125997,6.613998782923459,11.41245054240275,4.798451759479291,1301.0420356885365,1020.92,0.0,84.56020767333368,6.598295705638785,9.623121548253003,3.0248258426142183,1070.6946673739444,608.22,0.0,9096.071497733139,7310.860000000001,0.0
129,5.375,7.04094043767493,13.583179624836072,10754.436454073293,177.98393511615785,6.926555719514594,16.944071653654397,10.017515934139803,7463.457608712809,7349.5,0.0,33.67975160239335,6.9761291883739105,7.706183922384854,0.7300547340109436,102.92562794072074,103.58,0.6543720592792539,75.1196903444042,6.979945396018967,11.789767217526316,4.80982182150735,1512.4533959804317,1573.17,60.71660401956842,98.07453893471141,6.954480654806257,11.093252892518837,4.13877223771258,1699.131637166097,1544.14,0.0,10777.96826980006,10570.39,0.0
130,5.416666666666667,7.188324840902854,13.753588379099428,11556.523576445266,193.09304732076544,7.108493635253219,16.826655722329278,9.71816208707606,7855.068899908205,7543.97,0.0,35.444087095393805,7.125389237904137,7.733593420078239,0.6082041821741022,90.23861503193223,88.17,0.0,79.19199601139132,7.130635885905106,11.984352748747288,4.853716862842181,1608.9959536888107,1420.7,0.0,103.39313163381736,7.112900292726953,11.55427770550286,4.441377412775908,1922.2443509206867,1817.23,0.0,11476.547819549634,10870.07,0.0
131,5.458333333333333,7.3030251890267,13.888785867178258,12377.037755639652,208.5460773457064,7.265582410882663,16.612386315282794,9.346803904400131,8159.5156678654075,8086.04,0.0,37.223081851082064,7.272943228249676,7.849711376486485,0.576768148236809,89.86960232997343,75.43,0.0,83.30530461963933,7.271424157868517,12.451066707897246,5.179642550028729,1806.2242580878385,1764.82,0.0,108.76489916881543,7.2605857430863825,11.92357149493706,4.662985751850677,2123.0101670760205,1980.55,0.0,12178.61969535924,11906.84,0.0
132,5.5,7.359172845614677,13.969106223424157,12575.476621850768,211.57084249566495,7.349479572853315,16.495321224325174,9.145841651471859,8099.882470912674,8156.56,56.67752908732655,37.56762052509709,7.347207464687035,7.862600953672579,0.515393488985544,81.04977996610745,85.08,4.030220033892547,84.10295192898167,7.344320842089491,12.504049432088877,5.159728589999386,1816.5080257215066,1804.15,0.0,109.80724673240442,7.3390907745118055,12.379491457936377,5.040400683424571,2316.8359748942735,2210.16,0.0,12314.27625149456,12255.95,0.0
133,5.541666666666667,7.3877675426545375,14.02386643025545,12490.454129388138,208.9688178499963,7.387809864624087,16.380964158540635,8.993154293916549,7866.703006976316,7969.73,103.02699302368364,37.27236051949692,7.381757759883743,8.64945958511491,1.2677018252311667,197.78950238475198,56.9,0.0,83.41859226209174,7.379082286032438,12.552158503216793,5.173076217184355,1806.3876596486793,1783.73,0.0,108.9136317497205,7.376217433927873,12.479818164346169,5.103600730418296,2326.7951766439023,2364.94,38.14482335609773,12197.67534565365,12175.3,0.0
134,5.583333333333333,7.366452361906741,14.030622298075121,12066.950898522799,199.73434627092075,7.3985238452426,16.456280850008095,9.057757004765495,7573.081698479908,7688.53,115.44830152009217,36.213933831034126,7.3856301294056115,9.42917063047974,2.043540501074129,309.7834250783176,321.14,11.356574921682409,80.96889712807011,7.379504723241629,12.270861867658867,4.891357144417238,1657.856063352273,1785.07,127.213936647727,105.71467331102345,7.382614401534182,12.409786851313882,5.0271724497797,2224.632508962988,2231.17,6.537491037011932,11765.353695873486,12025.91,260.5563041265141
135,5.625,7.349621707246822,14.02423971608359,11746.57402648501,193.15669117433592,7.362430618508143,16.58865588721982,9.226225268711676,7459.900508691194,7410.63,0.0,35.454150948995384,7.350850673284637,9.26371086054539,1.912860187260752,283.88963838502985,282.11,0.0,79.21218394917875,7.349211808452928,11.984276331026347,4.635064522573419,1536.9049008591744,1491.91,0.0,103.42085249115831,7.349973214516518,12.426096410681142,5.076123196164624,2197.5536730132876,2165.82,0.0,11478.248720948686,11350.47,0.0
136,5.666666666666667,7.31563417538592,14.019283486946238,11262.696558707516,182.83751194203637,7.353776917607929,16.57701895174129,9.223242034133362,7059.0804625947885,7450.3,391.21953740521167,34.246868260545455,7.340257926513578,9.285511610446301,1.945253683932723,278.8664920642779,270.22,0.0,76.42601578771169,7.333752167308072,11.98452399492657,4.650771827618499,1487.871677259271,1545.35,57.4783227407288,99.78249344521133,7.338351643196466,12.538337694859743,5.199986051663277,2171.9796652465675,2181.19,9.210334753432562,10997.798297164903,11447.060000000001,449.2617028350978
137,5.708333333333333,7.191495232600586,13.953759508600081,9555.679480507439,148.3620921322213,7.28771244393807,16.873814902460364,9.586102458522294,5953.388708762868,6619.63,666.2412912371319,30.075847400714824,7.261786595923698,8.3627593264135,1.1009727304898016,138.60971127546648,273.64,135.0302887245335,66.83403737844611,7.247429185208156,11.612675672195861,4.365246486987705,1221.2531382290763,1398.06,176.80686177092366,87.25700576034535,7.262382322476045,12.86457777702199,5.602195454545946,2046.245733186493,2118.81,72.56426681350695,9359.497291453905,10410.14,1050.6427085460946
138,5.75,7.0259889442513765,13.844109284199446,7534.394692139487,109.00458062441274,7.158254070229147,17.73747093352371,10.579216863294562,4827.224446210929,5271.19,443.9655537890703,24.998416317700265,7.114929963612487,7.1445623773016225,0.029632413689135717,3.1008356505826162,0.0,0.0,55.22939795688982,7.092926729885291,10.986850349260422,3.8939236193751308,900.237213389813,1027.87,127.63278661018694,72.1031804853152,7.1147139036334694,12.922642363864338,5.807928460230868,1752.971697261872,1939.92,186.94830273812818,7483.534192513196,8238.98,755.4458074868035
139,5.791666666666667,7.118851870525842,13.771751297946384,6509.84025941799,93.10981595378551,7.053819420314564,17.945704927804126,10.891885507489562,4245.19613059675,4401.23,156.0338694032498,22.809989727253306,7.039044571995548,7.0629280640837795,0.02388349208823115,2.2804583276420813,0.0,0.0,50.255328115177434,7.054934474212558,10.618592489278647,3.563658015066089,749.6824726774746,765.66,15.977527322525361,65.60711209931881,7.0452379619516,12.22595527623967,5.18071731428807,1422.7875000698855,1555.45,132.66249993011456,6419.946561671752,6722.339999999999,302.3934383282476
140,5.833333333333333,7.316186545036653,13.554085018849728,6106.850238496939,93.11451118152036,7.137393470895762,17.071788657130732,9.934395186234969,3872.2021680082316,4038.05,165.84783199176854,22.81335712833035,7.190717675376936,7.213905898219865,0.023188222842929207,2.2143990604011985,0.0,0.0,50.2628680263372,7.2314857815419336,10.704766703005804,3.4732809214638705,730.7795755624852,727.54,0.0,65.61616884776232,7.202285387650433,11.623221109583229,4.420935721932795,1214.2952440337385,1281.18,66.88475596626154,5819.491386664857,6046.77,227.27861333514375
141,5.875,7.3498709623165075,13.176258920787413,5707.439371308332,93.10361074658063,7.288183371950265,16.524290254524637,9.236106882574372,3599.603771437752,3653.86,54.256228562248,22.8141868425436,7.3221241565082344,7.345850978763174,0.023726822254939606,2.2659159414514014,0.0,0.0,50.26538962550414,7.331991302322643,10.443886585649437,3.1118952833267945,654.7767525343351,727.8,73.0232474656649,65.61936643843039,7.322447017834505,11.385264290270769,4.062817272436264,1115.9854876287804,1138.76,22.774512371219544,5372.631927542319,5520.42,147.78807245768076
142,5.916666666666667,7.33657469407878,12.799684927221996,5354.918962013372,93.09501613216362,7.339203962466789,16.24850644790374,8.90930248543695,3471.9172029334154,3523.22,51.30279706658439,22.814242960186814,7.340425029884559,7.364480851806534,0.02405582192197553,2.2973411218036497,0.0,0.0,50.265972964602206,7.337274653213772,10.022843751840119,2.685569098626347,565.0796251538312,574.54,9.460374846168747,65.61994477318645,7.337617734483372,10.964139163180052,3.6265214286966803,996.1513607512062,1084.55,88.39863924879376,5035.445529960257,5182.31,146.86447003974354
143,5.958333333333333,7.309077471092177,12.482188350415118,5073.53145832906,93.08559810323803,7.338332198358377,16.000919249710705,8.662587051352329,3375.4317371901348,3395.67,20.23826280986532,22.81427964210922,7.332383064526818,7.356516173485086,0.024133108958268146,2.3047257719614627,0.0,0.0,50.266610627632616,7.325963410732841,9.987833258278252,2.661869847545411,560.1000912532521,548.96,0.0,65.62012188900736,7.329915673134301,10.392863779257256,3.0629481061229553,841.34844347378,898.52,57.17155652622,4779.184997689128,4843.15,63.96500231087157
144,6.0,7.2818299737010115,12.223152001554137,4848.6237323827845,93.07838371519776,7.313277696748819,15.868966661109196,8.555688964360378,3333.51984575978,3338.33,4.810154240220072,22.81423959616127,7.300420091970958,7.324594537750282,0.02417444577932404,2.3086694097048195,0.0,0.0,50.26703877586647,7.293575926345029,10.005685311035085,2.7121093846900566,570.6761560328825,564.75,0.0,65.61967873674907,7.298020232586322,9.748349740503796,2.4503295079174743,673.0662497651065,775.19,102.12375023489358,4579.570920967473,4678.27,98.69907903252715
145,6.041666666666667,7.21610969174222,11.998246643748875,4694.278903985152,93.06997889105138,7.283110133027341,15.797790930101113,8.514680797073773,3317.2424243316577,3316.0,0.0,22.8136944255841,7.267574623870563,7.291868421682799,0.02429379781223595,2.320012136929999,0.0,0.0,50.26619367746774,7.253628354033969,10.105329305816404,2.851700951782435,600.0386217476276,570.15,0.0,65.617721161366,7.2635580961652995,9.351199922511746,2.087641826346447,573.4246486437813,561.11,0.0,4493.025706859997,4447.26,0.0
146,6.083333333333333,7.178396530678409,11.903067423949178,4638.522866670571,93.06345722838364,7.225925007481478,15.718347732788608,8.49242272530713,3308.33904099342,3307.82,0.0,22.813513650577498,7.203924408192836,7.228189798034268,0.024265389841432672,2.3172808667798797,0.0,0.0,50.26619464963424,7.194176021860958,10.099024274445924,2.9048482525849657,611.221584959071,623.73,12.50841504092898,65.61746333348532,7.201065448635398,9.215474938771397,2.014409490135999,553.3073254300131,576.0,22.692674569986934,4475.185232249284,4507.55,32.364767750716055
147,6.125,7.164714436409229,11.772569010748581,4525.187197915556,93.06005025454473,7.188575452582532,15.703460131705526,8.514884679122995,3316.967965487411,3296.81,0.0,22.813523727994962,7.178942158423437,7.203070426417586,0.0241282679941488,2.304187109078128,0.0,0.0,50.26608821951785,7.174953895492716,9.728046366243788,2.5530924707510723,537.2060041437697,592.24,55.03399585623026,65.61743296603495,7.1779747879376155,9.052036034483937,1.8740612465463213,514.7569752868151,520.47,5.71302471318495,4371.2351320270745,4409.52,38.284867972925895
148,6.166666666666667,7.124991602423733,11.656741254500893,4451.437637405604,93.05724239190475,7.1661671223593,15.748760945434196,8.582593823074895,3343.243142537177,3333.55,0.0,22.81308334869619,7.154223535903295,7.178436889289868,0.024213353386572933,2.312267908143728,0.0,0.0,50.265008096935084,7.145443810574827,9.591797863489175,2.446354052914348,514.7357022784926,474.88,0.0,65.6158981544073,7.151477561231615,8.89970225290597,1.7482246916743547,480.1816412772042,498.75,18.56835872279578,4340.472754001018,4307.18,0.0
149,6.208333333333333,7.047311167812256,11.714765673645768,4583.230314952665,93.05043112482319,7.126536068970134,15.774932667135209,8.648396598165075,3368.629215942433,3346.5,0.0,22.81226365615035,7.105992508585823,7.130361855925356,0.02436934733953322,2.327081022205571,0.0,0.0,50.26424022131926,7.089346161748188,10.836733649028517,3.7473874872803288,788.4732222366202,548.01,0.0,65.61303036246538,7.101203538405636,8.534075703296674,1.4328721648910383,393.5471452261669,450.94,57.39285477383311,4552.976664427426,4345.45,0.0
150,6.25,6.982682752467491,11.872501993420347,4799.0215314320885,93.04686545061958,7.05809459570313,16.104985751936074,9.046891156232943,3523.711441375463,3386.44,0.0,22.81131504587115,7.031865324238568,7.0562387952328995,0.024373470994331292,2.3273780146164094,0.0,0.0,50.26249579678647,7.0168390113201955,11.16553827251249,4.148699261192295,872.8813768383078,1024.96,152.07862316169224,65.6104942696407,7.027831493623271,8.540449614335712,1.5126181207124407,415.4338039572885,324.49,0.0,4814.354000185675,4735.889999999999,0.0
151,6.291666666666667,6.5777201171469155,12.069077045982663,5682.351981508549,99.55422394688576,6.948641602794937,17.9416277772956,10.992986174500665,4581.150896432827,3691.01,0.0,23.717728628642956,6.877350877662381,6.904878523363857,0.027527645701476366,2.733011063011331,0.0,0.0,52.31829040328579,6.800468406114416,10.724307704948579,3.923839298834163,859.3379286203191,713.24,0.0,68.29613143057112,6.858487358013588,8.984561742000446,2.1260743839868583,607.8183161738964,496.0,0.0,6051.040152290053,4900.25,0.0
152,6.333333333333333,6.801766242173455,13.151208175730078,8793.411502563002,144.13331177157454,6.657298257662854,17.727196314682054,11.0698980570192,6678.934910362916,5656.55,0.0,29.51510761321861,6.629589155470843,6.898411592329142,0.268822436858299,33.21307671728742,0.0,0.0,65.55635068808634,6.65565650490243,11.551980352567078,4.8963238476646485,1343.6437258824053,1002.08,0.0,85.58415107815284,6.6310909530991955,9.890006360544616,3.2589154074454205,1167.5235749231172,710.79,0.0,9223.315287885725,7369.42,0.0
153,6.375,7.072973295351981,13.61925002805966,10986.130370478464,182.43886582002804,6.97491783247354,16.858992706298142,9.884074873824602,7548.360168840097,7377.92,0.0,34.205145431233994,7.019159343361352,7.45602712192686,0.4368677785655084,62.551925017623304,59.83,0.0,76.33205339808777,7.019580364196796,12.076243272182168,5.056662907985372,1615.7351485720521,1682.62,66.88485142794775,99.65764972454984,6.99681626643181,11.199213425761146,4.202397159329336,1753.1010869156116,1632.35,0.0,10979.748329345384,10752.72,0.0
154,6.416666666666667,7.185352680692912,13.779581510930672,11363.10536162279,188.31167273156973,7.126279054416831,16.710535977146456,9.584256922729626,7555.0077182929235,7687.92,132.91228170707654,34.89183373107439,7.137502678752899,8.18340477786631,1.0459020991134107,152.76154880325916,50.23,0.0,77.9156794112836,7.140874772757377,12.214658884362402,5.073784111605025,1654.8402295085161,1515.7,0.0,101.72620632504102,7.127109749101914,11.605122713866997,4.4780129647650835,1906.8538994846679,1834.09,0.0,11269.463396089366,11087.94,0.0
155,6.458333333333333,7.276323469010638,13.89367405393542,11780.578724242388,195.7355699315216,7.247300887148968,16.512764651493963,9.265463764344997,7591.649356866189,7340.38,0.0,35.7545539765707,7.2531052325378,8.949157247673108,1.696052015135308,253.8456677868417,241.67,0.0,79.90793990441482,7.2518482192646685,12.44154003052868,5.189691811264011,1735.92407564378,1761.03,25.10592435621993,104.32807391142819,7.243196875909145,11.84074767291119,4.597550797002045,2007.8300506458784,1935.51,0.0,11589.249150942689,11278.59,0.0
156,6.5,7.28943328065945,13.927561668274688,11771.182725681338,194.85617492484926,7.298615380721166,16.6463206658493,9.347705285128132,7624.623590629845,7793.97,169.34640937015502,35.650673336367156,7.292052470295266,9.0599703027671,1.7679178324718343,263.832952294331,250.1,0.0,79.66709391998302,7.288055584192196,12.120980880796994,4.832925296604798,1611.7151251648997,1671.8,60.08487483510021,104.01410854913087,7.286876098547878,11.992303309217512,4.705427210669634,2048.757398541378,2031.41,0.0,11548.929066630455,11747.28,198.3509333695456
157,6.541666666666667,7.31212645258039,13.963872896917714,11679.178233787634,192.6098452325699,7.3073294580248565,16.740119821715226,9.43279036369037,7605.326950570187,7404.45,0.0,35.389731846434195,7.302017067203177,9.145177740022415,1.8431606728192387,273.04843476860407,261.78,0.0,79.06350334401652,7.301257060185777,12.025696627534904,4.724439567349127,1563.5996924237452,1514.55,0.0,103.22588801246728,7.298371221090218,11.942242151619023,4.643870930528806,2006.633194791631,2017.02,10.386805208368969,11448.60827255417,11197.8,0.0
158,6.583333333333333,7.353076353478223,14.00294842245448,12023.038824886466,199.38066735342025,7.343409114755221,16.70002672559566,9.356617610840438,7809.102985076668,7755.78,0.0,36.171812205542004,7.34045371388003,9.085364487134411,1.7449107732543814,264.206023996177,269.03,4.823976003822963,80.87077132647318,7.339294199635729,12.283748568249273,4.944454368613544,1673.8216562888774,1576.44,0.0,105.585707967164,7.33501929779557,11.896814065672817,4.561794767877247,2016.2301420799984,1947.94,0.0,11763.36080744172,11549.19,0.0
159,6.625,7.365426905187605,14.025416600302245,12064.793527834048,199.84287639466297,7.376584918537901,16.599284483553536,9.222699565015635,7715.17812729668,7792.14,76.9618727033203,36.2257637449868,7.3689752792169445,9.083970163706722,1.7149948844897773,260.0636199462965,242.57,0.0,80.99581989835278,7.365042182770774,12.363520475328757,4.998478292557983,1694.7265778436815,1732.56,37.83342215631842,105.7493003073446,7.364346721895118,12.133424789042104,4.769078067146986,2111.1114352280015,2033.46,0.0,11781.07976031466,11800.73,19.65023968533933
160,6.666666666666667,7.343760811064805,14.02353255720695,11709.122788535882,192.25874523539852,7.3689356849607535,16.60993819368286,9.241002508722108,7437.113607926529,7575.82,138.70639207347085,35.349104402483384,7.356802594159881,9.128319733694807,1.771517139534926,262.13378450765015,260.97,0.0,78.96988618528525,7.352366224474016,12.122288978921025,4.769922754447009,1576.783555932949,1617.06,40.27644406705099,103.10417054873008,7.354740863029199,12.352255826981501,4.997514963952303,2156.897762793025,2136.92,0.0,11432.928711160153,11590.77,157.84128883984704
161,6.708333333333333,7.220316071928945,13.939313091746476,10243.069274440377,162.72465401721976,7.320044599153921,17.12229494451787,9.802250345363948,6676.953794221436,7246.1,569.1462057785648,31.83162835886736,7.294479471080039,8.248287526471634,0.9538080553915949,127.09224919903184,247.93,120.83775080096817,70.86701690015518,7.279426258631632,11.62993364796456,4.350507389332928,1290.5751141436701,1500.21,209.6348858563299,92.52282558357301,7.294612891810893,12.259621731678626,4.965008839867734,1922.9506439735503,2128.99,206.03935602644947,10017.571801537688,11123.230000000001,1105.6581984623135
162,6.75,7.13188643733005,13.775526159333461,7703.331816640194,115.7634852472905,7.184162293892075,17.674643282762208,10.490480988870132,5083.539688029917,6091.08,1007.5403119700832,25.890423292404424,7.151912474243885,7.18339017819484,0.03147770395095506,3.411468939051629,0.0,0.0,57.26240998506679,7.147532752439373,10.897909021359515,3.7503762689201423,898.9668725693869,1061.26,162.29312743061314,74.75714844707241,7.157048376702674,12.173314791654413,5.016266414951739,1569.7574219145092,1685.96,116.20257808549081,7555.675451452865,8838.3,1282.6245485471345
163,6.791666666666667,7.3076512205429145,13.573074396479852,6133.51211707151,93.11198977768942,7.163227312279627,16.97004631613677,9.806819003857143,3822.3723554912026,4053.82,231.44764450879757,22.81326632287128,7.182365850358504,7.205839023145472,0.023473172786967922,2.241601920982624,0.0,0.0,50.26287940392434,7.214772646916271,10.594792081288771,3.3800194343725005,711.1574855647203,729.82,18.662514435279718,65.61675976029201,7.192135001219411,12.028158596484799,4.836023595265388,1328.319094693418,1434.89,106.57090530658206,5864.090537670324,6218.530000000001,354.43946232967664
164,6.833333333333333,7.3874665959546535,13.174830190952084,5669.454231704496,93.10010782702642,7.297029141490081,16.227166726313943,8.93013758482386,3480.2268878317855,3516.16,35.93311216821439,22.814999014412358,7.344144059040299,7.367665971761883,0.023521912721584215,2.2464270115343163,0.0,0.0,50.26757285711251,7.363596673820143,10.470842168255533,3.10724549443539,653.8267833112849,686.1,32.27321668871514,65.622417235788,7.348648578383637,11.562690367158865,4.214041788775228,1157.57805723146,1212.77,55.19194276854,5293.8781553860645,5415.030000000001,121.15184461393619
165,6.875,7.281516520873357,12.77547949722365,5384.9429183005805,93.08763173211001,7.35813631428303,16.30134721721421,8.943210902931181,3484.8547242230397,3428.35,0.0,22.81353835615684,7.348022610783756,7.372384555777072,0.024361944993315454,2.3265041491179597,0.0,0.0,50.264803311330795,7.327727545310487,10.131293505424143,2.803565960113656,589.8940148511355,614.69,24.795985148864588,65.61847735995998,7.340084093641528,11.090465571388394,3.750381477746866,1030.1508322634907,1093.45,63.29916773650939,5107.226075486784,5136.49,29.263924513215898
166,6.916666666666667,7.233765323274793,12.551542362123808,5214.044450739464,93.08412818953953,7.29301437594002,16.30530746130712,9.0122930853671,3511.6414481002894,3547.94,36.298551899710674,22.813068601394733,7.265659340908473,7.2899836633018325,0.024324322393359132,2.3228634547608147,0.0,0.0,50.26393612599135,7.252898356338294,10.096183493995195,2.843285137656901,598.240944862441,558.24,0.0,65.6166504484549,7.261673070997159,10.490183658019962,3.228510587022803,886.7791960535976,957.74,70.9608039464024,4998.984452471089,5063.92,64.93554752891123
167,6.958333333333333,7.260181245947272,12.370616333927265,5012.742376130432,93.08009840937594,7.251879635067779,16.024881289365688,8.773001654297907,3418.2535147736144,3452.27,34.01648522638561,22.81390170369392,7.247167743294711,7.271154363061105,0.023986619766393602,2.2906980219306563,0.0,0.0,50.26606681537053,7.250717058046796,10.022617311679548,2.7719002536327526,583.24594276255,632.16,48.914057237449924,65.61894813550235,7.248461073570021,10.032830883327208,2.7843698097571865,764.8132523194532,806.84,42.026747680546805,4768.603407877548,4891.2699999999995,122.66659212245122
168,7.0,7.253353424508354,12.133501031979058,4789.285553004271,93.07391248929886,7.259117916109226,15.783746067493626,8.5246281513844,3321.2581902522934,3363.7,42.44180974770643,22.814169147429947,7.259148861535031,7.283193113695138,0.02404425216010786,2.296228775476208,0.0,0.0,50.26707860009952,7.2577321882870525,10.082977183646136,2.8252449953590837,594.4823760628145,527.38,0.0,65.61935876255474,7.2582678074526985,9.574300230328909,2.3160324228762104,636.1738904677023,714.06,77.88610953229761,4554.210685558287,4605.139999999999,50.92931444171245
169,7.041666666666667,7.219455483717427,11.940855881708792,4635.28703818866,93.06651532271694,7.254147669118629,15.699003272054407,8.444855602935778,3289.9167241816062,3257.0,0.0,22.8139793225601,7.246132543158088,7.270300694326344,0.024168151168256102,2.3080419404575867,0.0,0.0,50.267106301208756,7.2386257698337655,10.096683486858739,2.8580577170249732,601.3870944470007,655.72,54.332905552999364,65.61860028052271,7.243483264655687,9.176056961002695,1.9325736963470082,530.8383008191303,548.4,17.56169918086971,4424.450161388195,4461.12,36.66983861180506
170,7.083333333333333,7.163156566435183,11.768872215932934,4523.162796952133,93.06277621197728,7.220652838705116,15.819051458178922,8.598398619473805,3349.598883471877,3322.31,0.0,22.81328181375283,7.202492216941858,7.226783505432846,0.024291288490988272,2.3197305457096644,0.0,0.0,50.26561102095581,7.189943008237833,10.013773036599734,2.8238300283619004,594.1672939535932,540.05,0.0,65.61588811099651,7.198582762403807,8.74609779567399,1.5475150332701828,425.05302572136975,503.01,77.95697427863024,4371.1389336925495,4365.37,0.0
171,7.125,7.153157672564554,11.682898458023047,4449.445992216805,93.06209850681402,7.175469949185529,15.792379721343293,8.616909772157765,3356.7856574871,3374.78,17.994342512900403,22.81332348190195,7.161811037095454,7.1859582190475475,0.024147181952093533,2.305973102185016,0.0,0.0,50.26581878212092,7.157804207937094,10.142543543148612,2.9847393352115184,628.0271143180644,642.35,14.322885681935645,65.61527401058729,7.160650494128888,8.349381951085864,1.1887314569569751,326.5035639837683,335.54,9.036436016231733,4313.622308891117,4352.67,39.047691108882645
172,7.166666666666667,7.169205218507476,11.55712921984742,4311.804644262589,93.06122737039172,7.161984438716643,15.726269126027777,8.564284687311133,3336.2539072889185,3323.51,0.0,22.813695570583942,7.160676694006306,7.184678316430975,0.024001622424668412,2.29211005032449,0.0,0.0,50.26644933574897,7.162961182905977,9.789707945939035,2.6267467630330588,552.7078576805984,607.29,54.582142319401555,65.61604168967636,7.161152777767115,8.117792346933365,0.9566395691662501,262.75899515417444,305.7,42.941004845825546,4154.012870174016,4236.5,82.48712982598408
173,7.208333333333333,7.041549768653428,11.505486600464808,4385.848444835012,93.05151502318014,7.155404588983107,15.786465557184142,8.631060968201036,3361.9159910729986,3344.32,0.0,22.812195678450493,7.137716015742309,7.162195474969084,0.02447945922677519,2.3375888757363796,0.0,0.0,50.263731556600455,7.112763994990832,10.610163092159679,3.497399097168847,735.8666907277156,490.98,0.0,65.61170806349716,7.130314274580515,8.089620216676426,0.9593059420959111,263.4739621289459,207.33,0.0,4363.594232805397,4042.63,0.0
174,7.25,6.9820238205139775,11.771835650857772,4701.978740500063,93.04504656714745,7.058400748919782,15.902480963271627,8.844080214351845,3444.6504226539787,3374.73,0.0,22.81154943589821,7.020952412734458,7.045385183570709,0.024432770836251727,2.333064420068919,0.0,0.0,50.2632210145914,7.0052893924837605,11.317057276747995,4.311767884264235,907.2039101578141,976.67,69.46608984218585,65.61102664630081,7.016524623830256,8.385174569547948,1.3686499457176913,375.89663845054355,307.78,0.0,4730.084035682406,4659.179999999999,0.0
175,7.291666666666667,6.591456590255708,11.998125744885884,5301.258034419591,93.0286685038538,6.958607131222551,17.502908618276958,10.544301487054408,4106.140863517269,3521.63,0.0,22.80545054236415,6.8971492554707465,7.197684837614919,0.30053558214417286,28.690213399232785,0.0,0.0,50.2491314082906,6.820932132936862,11.528109167109873,4.707177034173011,990.1210990765069,830.99,0.0,65.59325773839838,6.877290682318959,8.815895045860286,1.9386043635413266,532.2891465569222,433.16,0.0,5657.24132254993,4785.78,0.0
176,7.333333333333333,6.744960033220865,12.99555543196253,8348.346594913306,137.69379438678862,6.67179475377425,17.823995605082757,11.152200851308507,6427.974930203295,4853.2,0.0,28.68258579913864,6.623707837487404,6.901882994690135,0.2781751572027309,33.39918485796488,53.24,19.84081514203512,63.65490170842934,6.632586863219967,11.646938509071386,5.014351645851419,1336.121223966252,1144.61,0.0,83.10046123418637,6.6197834933150865,9.558743478994623,2.9389599856795368,1022.3423024818835,621.75,0.0,8819.837641509395,6672.799999999999,0.0
177,7.375,7.007991033025362,13.534225374279812,10701.937911313675,177.45689755575788,6.9003757317482775,17.165778493036544,10.265402761288268,7625.496078583311,7759.88,134.3839214166892,33.615641207241254,6.942152477303519,7.170119291739941,0.22796681443642264,32.07836718428308,0.0,0.0,74.97213331471453,6.946907600909245,11.79462726035902,4.8477196594497745,1521.3761008545212,1501.25,0.0,97.88137857144552,6.923444164876212,10.789595124487233,3.866150959611021,1584.0836413068953,1430.09,0.0,10763.03418792901,10691.220000000001,0.0
178,7.416666666666667,7.152251859515131,13.745481361764488,11056.93207587467,182.3280486593195,7.079085958679686,16.860860139090214,9.781774180410528,7465.696669527172,7439.54,0.0,34.18985245985388,7.096654579105995,7.530598722850346,0.433944143744351,62.10553144432922,50.16,0.0,76.29635055547557,7.101146567122066,12.255608638414492,5.154462071292426,1646.2141764565372,1512.14,0.0,99.61121642442191,7.084725616562231,11.444901787791853,4.360176171229622,1818.0737850806634,1700.78,0.0,10992.090162508703,10702.62,0.0
179,7.458333333333333,7.224892043489612,13.84934466404483,11362.5164726073,187.31240414507084,7.20402241409237,16.76243293310407,9.558410519011698,7494.651463353082,7420.64,0.0,34.774435332901554,7.208568422251707,7.4682532665628,0.25968484431109307,37.80122855325297,59.19,21.38877144674703,77.64560397049733,7.206387230142902,12.432847132247256,5.226459902104353,1698.7275071510405,1750.23,51.50249284895949,101.37367242220022,7.199321855754531,11.855227403885886,4.655905548131355,1975.734416818775,1895.33,0.0,11206.914615876152,11125.39,0.0
180,7.5,7.270897612838525,13.904213198593025,11574.5457307508,191.17540008903427,7.253407018758761,16.782101552216986,9.528694533458225,7625.435229135653,7527.0,0.0,35.22315060198429,7.252448599039712,8.346104737363715,1.093656138324003,161.25315423314026,0.0,0.0,78.6800113034947,7.2523565816284306,11.988880823260532,4.736524241632101,1559.995702725547,1612.65,52.65429727445303,102.7251979562169,7.246823014896254,11.995987144139965,4.749164129243711,2042.17704271888,2012.19,0.0,11388.86112881322,11151.84,0.0
181,7.541666666666667,7.281080408972572,13.946210408037642,11409.428562653788,186.91886125544454,7.295433886962806,16.84931222466961,9.553878337706804,7475.359048887903,7662.33,186.97095111209728,34.72521038925202,7.288999507888703,8.59600687539278,1.3070073675040765,189.98623894946593,309.9,119.91376105053405,77.52975207730704,7.284294128802691,11.952811506138564,4.668517377335873,1515.1184923728215,1470.4,0.0,101.22310544767258,7.28412307600302,12.00985756882701,4.725734492823991,2002.3878384238828,2025.41,23.02216157611724,11182.851618634073,11468.039999999999,285.18838136592603
182,7.583333333333333,7.302277333261246,13.971290676002049,11358.727803007316,185.81200080220677,7.29288321067839,16.86270712284642,9.56982391216803,7443.495505669695,7248.84,0.0,34.59543815686191,7.2876594635549345,8.64371598176269,1.3560565182077546,196.3793643622565,55.67,0.0,77.23001321904779,7.288196797377009,11.97052699505051,4.682330197673502,1513.7263469386671,1524.97,11.243653061332907,100.83164594604746,7.284923186695807,12.004102316264753,4.719179129568945,1991.8771200363421,1934.78,0.0,11145.478337006962,10764.26,0.0
183,7.625,7.3296845325607505,14.00137012076109,11653.267172169657,191.44515224544278,7.331914254668314,16.7506527378249,9.418738483156586,7548.077250525128,7571.96,23.88274947487207,35.25422418094086,7.32773262924928,9.350212188519892,2.0224795592706117,298.46576742339124,326.15,27.684232576608736,78.74966098653582,7.324820093913156,11.902978713032885,4.578158619119729,1509.17204648394,1467.56,0.0,102.81635543933614,7.322632260898696,12.068561168218778,4.745928907320082,2042.5968487963873,2005.0,0.0,11398.311913228847,11370.67,0.0
184,7.666666666666667,7.308947502060795,14.003410681521148,11293.726463091332,183.72743171720566,7.334270291389483,16.719217907888353,9.38494761649887,7217.803941482044,7469.83,252.0260585179558,34.352318665364194,7.322993016292755,9.046355663357206,1.7233626470644507,247.8174908377718,255.49,7.672509162228209,76.668507236244,7.318246720811423,11.868876020038313,4.550629299226889,1460.4533531254094,1514.96,54.506646874590615,100.09903687837198,7.320658547723854,12.379578455450492,5.058919907726638,2119.7611415689717,2033.3,0.0,11045.835927014197,11273.579999999998,227.7440729858008
185,7.708333333333333,7.1899668612174965,13.936252453941217,9621.292438167851,150.06975676491172,7.2884944341276725,16.994194423679446,9.705699989551773,6097.043105480698,6913.19,816.1468945193019,30.278056744835727,7.264622732778722,8.172285287089748,0.9076625543110257,115.04073334674118,226.12,111.07926665325883,67.299795173903,7.249157800056397,11.55248503900308,4.303327238946683,1212.3201927545715,1373.44,161.11980724542855,87.86506425596129,7.263936391951654,12.692992865209822,5.429056473258168,1996.824121120491,2162.04,165.21587887950886,9421.2281527025,10674.79,1253.5618472975002
186,7.75,7.0119576376194725,13.82755933561387,7522.0512217120495,108.8168079726314,7.1516335207459045,18.0458455270758,10.894212006329898,4962.391551542248,5261.53,299.138448457752,24.976865670582274,7.103731176461167,7.133333250033448,0.029602073572280396,3.0949903255666746,0.0,0.0,55.1791259283088,7.080010156910266,11.27398686366509,4.193976706754825,968.723989574363,1032.3,63.57601042563692,72.03642044562427,7.103352192428215,12.245873097932376,5.142520905504162,1550.6986688437125,1800.17,249.47133115628753,7484.909200285891,8094.0,609.0907997141094
187,7.791666666666667,7.011227067370058,13.755771842982806,6679.61181854974,94.59140183724207,7.032378153377333,18.771780081915143,11.73940192853781,4648.328986842984,4691.27,42.94101315701664,23.016835852623036,7.006947829430604,7.031583725795582,0.02463589636497865,2.373631042044764,0.0,0.0,50.72356066587226,7.005428387330494,10.701866962728458,3.6964385753979636,784.8604592042739,895.68,110.81954079572608,66.21754888344717,7.0089037813466994,11.466897520550685,4.457993739203985,1235.6963932040637,1294.49,58.793606795936284,6671.259470293366,6881.4400000000005,210.18052970663484
188,7.833333333333333,7.292895853557405,13.640284969339096,6213.301681698238,93.13589884675014,7.047987341056853,17.833481519236464,10.785494178179611,4204.906884395748,4607.77,402.863115604252,22.812166450651258,7.086505158494496,7.109575351097653,0.023070192603157125,2.2030125745576106,0.0,0.0,50.258527776961934,7.140315915945226,10.316453341146222,3.176137425200996,668.2027703591222,667.42,0.0,65.61020030538998,7.101490065370693,11.1271964267164,4.025706361345708,1105.6372994916728,1168.59,62.9527005083271,5980.949966821101,6443.780000000001,462.8300331788996
189,7.875,7.436415443604448,13.241588733901638,5686.808586700157,93.11805969081537,7.275148870029639,16.644150756377226,9.369001886347586,3651.963837087813,3678.95,26.986162912186956,22.815213985914905,7.356126171812951,7.379271756683514,0.023145584870563063,2.2105071803312986,0.0,0.0,50.26663809563424,7.390742374476554,10.349405227552277,2.9586628530757224,622.5504380183711,663.0,40.449561981628904,65.62054387416742,7.364286241578409,10.941066985281434,3.5767807437030257,982.4973062577685,1034.33,51.83269374223141,5259.222088544284,5376.28,117.05791145571584
190,7.916666666666667,7.437212803437131,12.77676639457038,5234.898382721992,93.10718153079144,7.40023874153062,16.077390615596467,8.677151874065848,3381.8909776114388,3613.94,232.0490223885613,22.81541925572179,7.4089228631269135,7.43289395296262,0.023971089835706394,2.2893672048918376,0.0,0.0,50.268134313221246,7.409654754315278,10.22471098723575,2.8150562329204707,592.3509174785908,575.16,0.0,65.6221052958609,7.405189808814075,10.542708278196082,3.137518469382007,861.8579149919597,921.8,59.942085008040294,4838.389177286881,5110.900000000001,272.5108227131195
191,7.958333333333333,7.4155844476434245,12.36505088902533,4856.314497551375,93.08577621701066,7.440605013743822,15.51227133723785,8.071666323494028,3145.1817628147946,3071.92,0.0,22.81599420929037,7.450186692743005,7.474203963152362,0.02401727040935686,2.293835500211798,0.0,0.0,50.27082894635145,7.4459875227779575,10.269818991975303,2.823831469197345,594.2292759149861,603.08,8.850724085013894,65.62486334377394,7.448426822115001,9.997996337198565,2.5495695150835633,700.3812221396262,792.79,92.40877786037379,4442.086096369619,4467.79,25.70390363038132
192,8.0,7.275873954557327,12.000323788877706,4638.22827688328,93.07430287190549,7.400513953080291,15.71433539185551,8.313821438775218,3239.1399215005067,3228.14,0.0,22.81417944730686,7.363659753925424,7.388269489521352,0.02460973559592805,2.3502335680158586,0.0,0.0,50.267170350208985,7.3344316274532,9.984574813447669,2.6501431859944686,557.6388229421244,578.52,20.88117705787556,65.61931394950602,7.354303008346857,9.452116875043917,2.0978138666970594,576.2326487568005,598.29,22.05735124319949,4375.361626767448,4404.95,29.58837323255193
193,8.041666666666666,7.211128822297504,11.827959441212236,4533.88112036052,93.06629964672815,7.29699452442327,15.672441340529659,8.37544681610639,3262.869135061687,3240.21,0.0,22.813775798762702,7.264936516485383,7.289330583329082,0.024394066843698603,2.329595950722027,0.0,0.0,50.26652155213168,7.248770251452756,9.893676200842268,2.6449059493895124,556.5296289083499,529.82,0.0,65.61794867166985,7.261142232953352,9.134364149004314,1.8732219160509622,514.530476346399,544.15,29.619523653600936,4336.258836267158,4314.18,0.0
194,8.083333333333334,7.168744787280755,11.72287853195633,4473.084727719577,93.06106629957924,7.223313961142745,15.69777562976208,8.474461668619336,3301.25725047708,3278.3,0.0,22.813491299189426,7.200898096997469,7.225174209784254,0.024276112786784765,2.31830260849596,0.0,0.0,50.26617406202879,7.1905879109414474,9.938404023610872,2.7478161126694243,578.1795417993936,576.83,0.0,65.61675745372096,7.198480162152599,8.781458978981634,1.5829788168290353,434.7995566095503,474.39,39.59044339044971,4316.55465149452,4329.52,12.965348505480506
195,8.125,7.148159129362747,11.637179275792414,4409.921879336518,93.05780421197953,7.178189249805231,15.597258312490311,8.419069062685079,3279.56389689967,3319.47,39.9061031003298,22.813490977148454,7.164711006862441,7.188882732631202,0.024171725768761476,2.3083339001883476,0.0,0.0,50.26632283730431,7.159120858637028,9.966746810880913,2.8076259522438853,590.766130136611,573.07,0.0,65.61667551359758,7.163283271038194,8.657036986022085,1.4937537149838906,410.2914296765947,384.02,0.0,4282.929790613064,4276.5599999999995,0.0
196,8.166666666666666,7.132891525682474,11.60036207484588,4388.9970157758335,93.05172732540129,7.155281074090949,15.466611949269328,8.31133087517838,3237.384144374491,3217.67,0.0,22.813593204732776,7.147568150867606,7.171692152287203,0.024124001419596475,2.303786678231695,0.0,0.0,50.267037178270535,7.143555033077174,10.142968153947328,2.9994131208701535,631.1299630590074,602.27,0.0,65.6173352380936,7.146355082380427,8.595919200208264,1.4495641178278378,398.157814122846,425.7,27.542185877153997,4268.975708234576,4245.64,0.0
197,8.208333333333334,7.096805241000423,11.560458256053181,4385.35343197187,93.04845623489425,7.134361742850935,15.529281357979972,8.394919615129037,3269.8282233502623,3252.88,0.0,22.8131562528237,7.122593473183484,7.146799989930788,0.024206516747304008,2.311622426665428,0.0,0.0,50.26630985251222,7.114443902934745,10.296599780695137,3.182155877760392,669.5726068051799,654.0,0.0,65.61594928159303,7.1199315895452,8.431238400916563,1.311306811371363,360.1744961785278,359.26,0.0,4301.886948760635,4266.14,0.0
198,8.25,7.022696847615813,11.576552164332162,4473.008613115792,93.04341485051884,7.0986083889691995,15.667061006651913,8.568452617682713,3337.2386511616037,3282.67,0.0,22.812219568878653,7.079905818834235,7.10425728813373,0.02435146929949461,2.325369315933702,0.0,0.0,50.26420461146012,7.064070222311345,10.170761778986424,3.106691556675079,653.6664209705575,679.06,25.393579029442435,65.6139508857021,7.07535337689716,8.776723870311754,1.7013704934145935,467.29841701190304,349.64,0.0,4460.528858459998,4311.37,0.0
199,8.291666666666666,6.814901552057921,11.741887523005,4835.438359744528,93.03528030555563,7.016688990764315,16.541463123330942,9.524774132566627,3709.3821708980686,3398.03,0.0,22.808979588114767,6.971133860560605,6.995999906158681,0.024866045598075814,2.3741699634605267,0.0,0.0,50.2568238816259,6.928740407643715,10.139640028498066,3.2108996208543514,675.4932157023413,621.84,0.0,65.60511842154118,6.959601683431929,9.188343221015968,2.228741537584039,612.0637445826173,575.18,0.0,4999.313301146489,4595.05,0.0
200,8.333333333333334,6.595415242236569,12.21989725533454,5512.514989588156,93.04097764800089,6.82487324804482,17.611628611074906,10.786755363030085,4201.112567725005,4101.73,0.0,22.805197020575385,6.746393605242137,6.771511676653064,0.025118071410926923,2.3978352667306524,0.0,0.0,50.247330967702254,6.69789015373571,10.222931180782457,3.525041027046747,741.4406586308868,723.56,0.0,65.59450431842328,6.73367249318497,10.32070729752476,3.5870348043397895,984.9229770676335,639.57,0.0,5929.874038690256,5464.859999999999,0.0
201,8.375,6.687390823276435,13.041921407781144,6482.14508021356,98.10249288103873,6.651608148929465,17.536623141675875,10.88501499274641,4470.007985029096,4317.51,0.0,23.516440050696872,6.625410274363852,6.650912999081754,0.025502724717902048,2.5104835810660573,0.0,0.0,51.860753696706695,6.637331324097929,11.228479676948377,4.591148352850448,996.6883326365435,753.78,0.0,67.7021081925134,6.63030205713318,11.458483888267017,4.828181831133836,1368.3116793172483,1325.08,0.0,6837.518480563954,6396.37,0.0
202,8.416666666666666,6.872581113032906,13.559700279390182,7236.78894724494,106.02124958288066,6.718171934805137,17.232755215316477,10.514583280511339,4666.4241150055195,4586.17,0.0,24.61225354074493,6.761361753788666,6.788636025352375,0.027274271563708652,2.8099834668174215,0.0,0.0,54.35031372191645,6.793535995652957,12.240960476930928,5.447424481277971,1239.3457948289295,1239.66,0.3142051710706255,70.95267969369408,6.767723531505352,11.761327075814965,4.993603544309613,1483.1397880069671,1403.25,0.0,7391.719681308234,7229.08,0.0
203,8.458333333333334,6.95296734884078,13.724721406011158,7337.776997295311,106.23269987004427,6.8693308995916516,17.121003327434696,10.251672427843044,4558.817049048142,4730.03,171.21295095185815,24.64079974764023,6.900934371579515,6.928631705353878,0.027697333774362676,2.85687992895493,0.0,0.0,54.41510657584077,6.913616336369972,12.52699258470869,5.613376248338718,1278.6240260400562,1230.45,0.0,71.03755264799338,6.899585690675786,12.155037011520577,5.255451320844791,1562.7777979540995,1553.44,0.0,7403.075752971253,7513.92,110.8442470287473
204,8.5,7.025137276354374,13.854448655389412,7409.269584706776,106.41078479235894,6.958792751707248,16.974405700341478,10.01561294863423,4461.3100136942885,4369.73,0.0,24.6651680345394,6.978359565727632,7.0061745069746655,0.02781494124703343,2.8718479960652608,0.0,0.0,54.47085480674464,6.989423446113816,13.026986603601257,6.037563157487441,1376.6549526138738,1318.25,0.0,71.11005958486795,6.977961694442472,12.252056276822698,5.274094582380226,1569.922379518876,1561.03,0.0,7410.7591938231035,7249.009999999999,0.0
205,8.541666666666666,7.060406858940769,13.914732885747062,7575.981019038583,108.98492703538668,7.027218453603011,16.900475175525948,9.873256721922937,4504.287380161566,4536.41,32.12261983843382,25.01523786800366,7.039280676208351,7.068038554691225,0.0287578784828737,3.01134632508697,0.0,0.0,55.267386658562714,7.043837429009388,13.426590755244964,6.3827533262355765,1476.6453899702312,1427.1,0.0,72.14977731548198,7.037716672915717,12.178216519310851,5.140499846395135,1552.5284578033413,1567.23,14.701542196658693,7536.472574260226,7530.74,0.0
206,8.583333333333334,7.074981555353652,13.938519512357889,7613.273472435574,109.48634616039058,7.063769644489007,16.871390819320624,9.807621174831617,4494.929340724476,4457.38,0.0,25.082975316823436,7.067481386527236,7.0964914453305985,0.029010058803362604,3.04597885315357,0.0,0.0,55.42151294864656,7.068486051017822,13.336749315999986,6.268263264982164,1454.202308692205,1517.23,63.02769130779507,72.35136865357778,7.065878236825845,12.371659458138174,5.305781221312329,1606.9239117173358,1525.63,0.0,7559.101539987169,7500.240000000001,0.0
207,8.625,7.088023143448033,13.951314510416749,7722.375572030068,111.4994579373234,7.078735465383518,16.775801691807875,9.697066226424356,4525.976990090695,4521.66,0.0,25.354352017600803,7.078646155332121,7.108305407226886,0.02965925189476426,3.147834799514236,0.0,0.0,56.039100188938626,7.079722109518231,12.942262474625087,5.862540365106856,1375.2328040877169,1380.82,5.58719591228305,73.15877671102231,7.077567046342895,12.82156223443549,5.743995188092595,1759.0562465988537,1676.58,0.0,7663.41387557678,7579.0599999999995,0.0
208,8.666666666666666,7.061687140610851,13.933129450742102,7496.814638563958,107.18897083092662,7.090036539388283,16.971714160436832,9.88167762104855,4433.839892029447,4505.64,71.80010797055365,24.769637062051157,7.086642947564241,7.115105872745638,0.02846292518139748,2.9511983425930897,0.0,0.0,54.708469484548814,7.080615345788682,12.445617311241671,5.365001965452989,1228.6372398600615,1359.46,130.8227601399385,71.42176952821333,7.084126274723308,12.975544307875255,5.891418033151948,1761.366247010767,1829.31,67.94375298923296,7426.794577242868,7694.41,267.61542275713146
209,8.708333333333334,7.017883631270335,13.871715249438514,7179.182022122708,101.7188325857419,7.058406685411963,17.491826086578556,10.433419401166592,4442.498160350106,4383.43,0.0,24.019210980211913,7.041000662785644,7.067870997726134,0.02687033494049018,2.701662165570669,0.0,0.0,53.001145829801374,7.03225363552566,11.75420455976076,4.7219509242351,1047.625236719998,1089.92,42.294763280002144,69.19261511801845,7.0385336059589285,12.832536495205774,5.794002889246846,1678.1766590483273,1681.84,3.6633409516725806,7171.001718284002,7155.1900000000005,0.0
210,8.75,7.0754533866381575,13.832582790220526,6852.004106338775,97.51320430573465,7.035444334755543,17.725753858477617,10.690309523722075,4363.680365335161,4506.41,142.72963466483907,23.431529800902215,7.03715027303452,7.062374511391947,0.02522423835742682,2.474103874764971,0.0,0.0,51.666140756916995,7.046727617584916,11.22016134736903,4.173433729784114,902.607147991985,997.12,94.51285200801499,67.44912908597233,7.03961753160642,12.361295504405481,5.321677972799061,1502.5334914498794,1664.26,161.72650855012057,6771.29510865179,7167.79,396.49489134821033
211,8.791666666666666,7.212943450550398,13.64348110962371,6293.898030320023,93.10906199826964,7.084955059942667,17.352950658636058,10.26799559869339,4001.9978348029977,4226.56,224.56216519700274,22.81181107273343,7.111069608517252,7.134595613556515,0.02352600503926272,2.246503894506185,0.0,0.0,50.25976127336687,7.137542888414658,10.955578152662827,3.818035264248169,803.2663622677169,801.84,0.0,65.61223663048571,7.117311544827624,11.89251295878408,4.775201413956456,1311.5225465172816,1333.09,21.567453482718292,6119.033247482502,6361.490000000001,242.4567525174989
212,8.833333333333334,7.327949847493654,13.393389762748127,5939.3761525837335,93.10179041011963,7.2097479454846685,16.54569114951506,9.335943204030393,3638.4420129576833,3707.59,69.1479870423168,22.8140595819245,7.2545310097633315,7.277985311018257,0.023454301254925092,2.2398776408175722,0.0,0.0,50.26547665779443,7.279473190667094,10.957193003485632,3.6777198128185375,773.833752749909,798.58,24.746247250091074,65.61944504271864,7.260077773444938,11.679985461597882,4.419907688152944,1214.073490018982,1281.77,67.69650998101793,5628.589133367392,5787.9400000000005,159.3508666326088
213,8.875,7.24630469343893,13.06837020483518,5703.34716906295,93.0879120112426,7.297410959466195,16.407922848398243,9.110511888932049,3550.0567227886813,3543.03,0.0,22.81308515523347,7.300566351553601,7.324786694691584,0.024220343137982603,2.3129355815753003,0.0,0.0,50.26398528605663,7.286129359595351,10.87047154852888,3.5843421889335287,754.1636702653105,742.46,0.0,65.61736117906855,7.294349895967422,11.525364994866381,4.231015098898959,1162.1510001313113,1137.55,0.0,5468.684328766878,5423.04,0.0
214,8.916666666666666,7.22698109426376,12.910699426034837,5569.055496711574,93.08298192621743,7.2560632639149505,16.321820737506492,9.065757473591542,3532.430355712662,3550.5,18.06964428733818,22.813032749837834,7.2349543237349625,7.259168963755308,0.02421464002034579,2.3123856471393305,0.0,0.0,50.26426792130106,7.227980095869432,10.663577198798546,3.4355971029291137,722.8710188298359,759.43,36.55898117016409,65.61754057646164,7.232092020231762,11.234967490412071,4.002875470180309,1099.4899192555145,1178.41,78.92008074448563,5357.103679445152,5488.34,131.23632055484813
215,8.958333333333334,7.232246585055052,12.679236387056658,5339.343227548548,93.07979502947863,7.237148942789091,16.2118952356598,8.974746292870709,3496.848544968963,3496.79,0.0,22.813350044117485,7.2361546744246255,7.260175059902718,0.024020385478092265,2.2938671443772027,0.0,0.0,50.264999854539454,7.2363971305542405,10.378440580743716,3.142043450189475,661.1151295903344,679.57,18.45487040966566,65.61810141664155,7.236328583260423,10.723136370951291,3.486807787690868,957.7472016402842,1011.6,53.85279835971585,5118.004743343959,5187.96,69.95525665604146
216,9.0,7.188375197524411,12.482217764945098,5190.827000461919,93.07524238703239,7.229568741153019,16.21633803787908,8.98676929672606,3501.3618281623303,3488.19,0.0,22.81288111658542,7.219265119154551,7.243472420968606,0.02420730181405517,2.3116695172587187,0.0,0.0,50.26410745580445,7.209966879790918,10.3739016063391,3.163934726548182,665.709438358053,636.08,0.0,65.6164159939864,7.216079659031157,10.289460391969191,3.073380732938034,844.1664612560072,895.14,50.973538743992776,5013.549397293649,5019.410000000001,5.8606027063515285
217,9.041666666666666,7.17292724916314,12.368068503367953,5095.062085209966,93.07322911773393,7.196701317357186,16.198909784826167,9.002208467468982,3507.301262727432,3508.77,1.468737272567978,22.812825901937952,7.183962273698208,7.208115070423693,0.02415279672548465,2.306458986667782,0.0,0.0,50.26424973323513,7.179122658856946,10.589432906990483,3.410310248133537,717.5502475122597,689.23,0.0,65.61561266520182,7.18229362303895,9.760985345310255,2.578691722271305,708.2814022511266,784.48,76.19859774887345,4935.439371477486,4982.48,47.04062852251354
218,9.083333333333334,7.159342710772784,12.238730724882794,4982.773509649245,93.07146034485987,7.178893738589031,16.214675942915616,9.035782204326583,3520.314841250436,3495.36,0.0,22.81276305266656,7.172888827240218,7.196994636835437,0.024105809595218908,2.3019656327365468,0.0,0.0,50.264190895158485,7.169311913492326,10.62104600438792,3.4517340908955934,726.2652286115328,739.82,13.554771388467202,65.61460725047621,7.171724894480679,9.297943838673147,2.126218944192468,583.9931337038622,622.74,38.746866296137796,4832.875169198568,4857.92,25.044830801432
219,9.125,7.166122585584563,12.109949708455268,4851.225530176046,93.07215572926975,7.164846192904622,16.14712923120367,8.982283038299048,3499.497865888349,3543.89,44.39213411165065,22.812954432550704,7.158943021711669,7.182998329241866,0.024055307530197467,2.297162248215369,0.0,0.0,50.26447894175852,7.158981922664972,10.415825558982513,3.2568436363175417,685.2630534947499,706.27,21.006946505250085,65.61464294304946,7.158423494671283,9.040644911474217,1.8822214168029348,516.976384046952,535.24,18.263615953047974,4704.034465678267,4785.4,81.36553432173241
220,9.166666666666666,7.169557510824205,11.962920988841292,4705.226622197472,93.06909962677368,7.170641360546438,16.04594787620496,8.875306515658522,3457.7062675521656,3433.26,0.0,22.813196409339678,7.172659277359301,7.1966730356866435,0.024013758327342316,2.293218829848448,0.0,0.0,50.26497604791185,7.1729594178337885,10.091351661305763,2.918392243471975,614.0565472823969,657.79,43.733452717603086,65.61525740658598,7.1723935558656615,8.887112883728795,1.7147193278631336,470.9741858256189,488.36,17.385814174381096,4545.03021949003,4579.41,34.37978050997026
221,9.208333333333334,7.125321980537567,11.836285120875072,4625.376821488452,93.06613800955503,7.165558657788352,16.081283620945207,8.915724963156855,3473.342248222572,3481.09,7.7477517774282205,22.81264625671695,7.15487322761269,7.179091436623033,0.02421820901034355,2.3126872874299114,0.0,0.0,50.26365592917974,7.145391501457772,9.899688862797618,2.7542973613398454,579.5142557989827,563.57,0.0,65.61360847757683,7.151472458750541,8.830034067667594,1.678561608917053,461.0313229155131,442.89,0.0,4516.200514224498,4487.55,0.0
222,9.25,7.1187040975344384,11.82568875581279,4621.478785802355,93.06244307769605,7.135192225168501,15.909957658605409,8.774765433436908,3418.292240889929,3454.26,35.967759110071256,22.81284682829917,7.124571348903246,7.148694780055538,0.024123431152291985,2.303656849413178,0.0,0.0,50.264461606502834,7.12145862680933,10.038166299127443,2.916707672318113,613.6958170416526,589.15,0.0,65.61465031204646,7.123408443607977,8.904785197564005,1.7813767539560272,489.27815191731156,468.63,0.0,4523.569866698306,4512.04,0.0
223,9.291666666666666,6.957274411620407,11.849739069586278,4801.760984838055,93.05004624630539,7.108735800954189,16.39723036386271,9.288494562908522,3617.938236395294,3361.4,0.0,22.810583320178534,7.085276025769503,7.109876839706037,0.024600813936533683,2.3490112225581363,0.0,0.0,50.25978624339254,7.05371080383794,10.24558223660965,3.19187143277171,671.5297400325034,632.24,0.0,65.60860858114162,7.076568964693881,9.030454085040232,1.9538851203463503,536.6103895309195,499.64,0.0,4828.427377181275,4493.280000000001,0.0
224,9.333333333333334,6.591532248766621,12.17459006074554,5472.47752549939,93.04417229575967,6.942578288890054,17.930514608698328,10.987936319808274,4279.6133603217095,3940.32,0.0,22.804585265457956,6.851411504682164,6.876976647463607,0.02556514278144295,2.440448374511333,0.0,0.0,50.24566563763782,6.775773379099884,10.298119616648721,3.5223462375488372,740.8492946714898,704.93,0.0,65.59165617379114,6.830666367591111,9.888354129455559,3.0576877618644476,839.5391550636092,563.67,0.0,5862.44225843132,5208.92,0.0
225,9.375,6.58505499343374,12.950225420976551,6318.936938748461,94.75991094425204,6.6537774126476705,18.886562441822424,12.232785029174753,4852.317517172566,4705.48,0.0,23.04286710771268,6.5794301753161175,6.604479017806223,0.025048842490105194,2.416147264464566,0.0,0.0,50.784534271372365,6.568684816846849,10.502501678151296,3.9338168613044466,836.2667614819732,771.14,0.0,66.2960060008588,6.578514919450588,10.395254447467233,3.8167395280166447,1059.2027797299036,1109.12,49.91722027009632,6750.203205648907,6585.74,0.0
226,9.416666666666666,6.829775992849384,13.494029353889964,6920.04850410211,100.53603778263228,6.636293005911161,18.50085805839466,11.8645650524835,4993.129284596641,5004.94,11.8107154033587,23.850041566531864,6.6773126753974585,6.702729793204734,0.02541711780727507,2.537550337633911,0.0,0.0,52.615243015319024,6.722097520809993,11.342271235320563,4.62017371451057,1017.5812817215764,896.7,0.0,68.68624463271094,6.690026096282254,10.615959582126266,3.925933485844012,1128.786830056334,1000.95,0.0,7142.034946712185,6902.589999999999,0.0
227,9.458333333333334,6.955913988234262,13.737394824690321,7241.236486102474,104.26696962861764,6.829323640371814,18.203743718291815,11.37442007792,4964.496845412711,4914.99,0.0,24.366883520082702,6.881983232498388,6.90880626614498,0.026823033646592442,2.735943381080159,0.0,0.0,53.78942781794035,6.904483936713376,11.641497763749072,4.737013827035696,1066.5980882655654,1134.09,67.49191173443455,70.21997728660871,6.883298149228642,11.15767611299985,4.274377963771208,1256.4141846982336,1250.11,0.0,7290.24506175759,7299.19,8.94493824240999
228,9.5,6.989622444152016,13.787929635997369,7361.160847343238,106.16163430202513,6.942764730550128,18.33142551202846,11.388660781478332,5061.036588732074,5028.15,0.0,24.623799548647394,6.957251718902353,6.985100106999494,0.02784838809714074,2.8704788665115157,0.0,0.0,54.37308274640117,6.962453590570328,11.514962873802995,4.552509283232667,1036.1771731406175,990.62,0.0,70.98246606650174,6.954805344804637,11.335063246780779,4.380257901976142,1301.5174320256463,1252.44,0.0,7401.601672764849,7271.209999999999,0.0
229,9.541666666666666,7.0486732608672105,13.893811474626023,7538.011501443548,108.49902647024936,7.002026277394721,18.167134709150453,11.165108431755732,5070.934612643207,5067.77,0.0,24.94210378515673,7.016940521902089,7.045456471349949,0.0285159494478604,2.9772831679861795,0.0,0.0,55.097123624422025,7.025045156856948,11.757068051621491,4.732022894764543,1091.3774798850668,1073.77,0.0,71.92794547282475,7.016435400416272,11.479797120506179,4.463361720089907,1343.8752752601106,1339.99,0.0,7509.164650956371,7481.530000000001,0.0
230,9.583333333333334,7.060296945093285,13.910296004639426,7595.572055322785,109.46410959457688,7.048595110926997,18.25770544426234,11.209110333335342,5136.202250393078,5062.76,0.0,25.072028702100255,7.053421665185429,7.082408036335725,0.02898637115029601,3.0421634838775002,0.0,0.0,55.39262639852087,7.054113472263502,11.642201328803539,4.588087856540037,1063.8561460765404,1100.01,36.153853923459565,72.3139569633289,7.0515051612079676,11.506237770428928,4.454732609220961,1348.4752863920294,1335.9,0.0,7551.575846345526,7498.67,0.0
231,9.625,7.0716599633783295,13.937885222618638,7581.031200613536,108.87387728506864,7.063115166067052,18.208902299667745,11.145787133600692,5079.648463793575,5207.85,128.20153620642577,24.99183283685589,7.062476361589414,7.091309619782205,0.028833258192791256,3.0164147257992617,0.0,0.0,55.2100042679065,7.063354401911953,11.77563856035465,4.7122841584426975,1089.051646497691,1017.8,0.0,72.0754624214876,7.06138596037543,11.580312046031166,4.518926085655735,1363.3956349212617,1348.84,0.0,7535.112159938326,7574.490000000001,39.37784006167476
232,9.666666666666666,7.078705794470893,13.961062313468222,7502.288782957304,107.10443799942534,7.079226238569906,18.2528280873814,11.173601848811494,5009.563462224191,4923.72,0.0,24.752361638340403,7.0812494780940405,7.109532401642817,0.028282923548776928,2.93048946972305,0.0,0.0,54.66533061536279,7.08094513179982,11.740021841812224,4.659076710012404,1066.13220904168,1151.3,85.16779095831998,71.36425118006673,7.0800269212073,11.599498111505264,4.519471190297964,1350.1050428659391,1365.89,15.78495713406096,7428.731203601534,7440.910000000001,12.178796398467057
233,9.708333333333334,7.127127439574361,13.864300501167165,6965.996406733849,100.00725520489286,7.082442155985166,18.199297500415938,11.116855344430771,4653.853269273644,5109.74,455.8867307263554,23.773348525005744,7.0828796637759135,7.108883702698736,0.02600403892282266,2.5877980944291465,0.0,0.0,52.44039577924194,7.091367317115876,11.135292051583235,4.0439247344673594,887.7041468330465,971.39,83.6858531669535,68.45937143479829,7.084150289183455,11.651638522882779,4.567488233699324,1308.909345533341,1322.58,13.670654466659016,6853.054559734461,7403.71,550.6554402655393
234,9.75,7.396238876586815,13.63237693374514,6105.05238408089,93.12754521183793,7.156034739360686,17.126440064393595,9.97040532503291,3886.7820940692554,4158.13,271.3479059307447,22.814159166112812,7.205483586124984,7.228521382072883,0.02303779594789912,2.2001111318752717,0.0,0.0,50.26401715839668,7.257182245352886,10.59935690916718,3.342174663814295,703.2108477778692,797.49,94.27915222213085,65.61752408483568,7.218685409021258,11.431280310968022,4.212594901946764,1157.0943185760866,1284.79,127.69568142391336,5749.287371555087,6240.41,491.12262844491306
235,9.791666666666666,7.464230290054289,13.048161440571974,5472.040163662741,93.11201380715245,7.365860112954336,16.326581355936355,8.960721242982018,3492.5924492126805,3530.06,37.4675507873194,22.81567177994568,7.427697884147209,7.451155476658028,0.023457592510818692,2.240350261952471,0.0,0.0,50.26812465025655,7.446717816275163,10.06159699218412,2.614879175908957,550.2290728987573,601.82,51.590927101242755,65.6227611126975,7.430844495145464,10.971926756157492,3.5410822610120283,972.7242419040458,1020.3,47.57575809595414,5017.786114277436,5152.18,134.39388572256394
236,9.833333333333334,7.382516534737731,12.5945184635649,5111.21584211195,93.09650743032722,7.4348845793642,15.940368430407807,8.505483851043607,3314.603898488758,3440.6,125.9961015112417,22.81490121024446,7.424014763834827,7.448319088153947,0.024304324319119885,2.3211401743378266,0.0,0.0,50.26726909282364,7.4075170912816555,9.872595674654326,2.4650785833726703,518.6988488796773,491.39,0.0,65.62158823189222,7.416403371576311,10.77788255715379,3.361479185577479,923.3713340158506,916.12,0.0,4758.995221558624,4848.11,89.11477844137607
237,9.875,7.327497919843894,12.338587424557106,4916.222612669009,93.07699007148793,7.393933099717948,15.51013416663325,8.116201066915302,3162.2365357928675,3139.06,0.0,22.815001399824162,7.376719696891513,7.400991007503276,0.024271310611762686,2.3179974396501564,0.0,0.0,50.268763525313496,7.36374928011443,9.90766223192933,2.5439129518148995,535.302995115362,539.34,4.037004884638009,65.62334206481123,7.3729749959612105,10.651483611671518,3.278508615710307,900.6040541820739,921.91,21.305945817926045,4600.461582529953,4600.31,0.0
238,9.916666666666666,7.241789376713661,12.1293011707802,4796.393212935258,93.06413991287167,7.329073127374489,15.406603176126588,8.077530048752099,3146.735026338955,3177.44,30.704973661045187,22.814267975059433,7.2994692921512305,7.323897271279631,0.02442797912840078,2.3328848496159322,0.0,0.0,50.26781414894484,7.280587712503118,9.843769974434426,2.563182261931308,539.3475542310503,524.41,0.0,65.62201854334876,7.2940239062376895,10.519138397127946,3.225114490890257,885.918856966659,870.46,0.0,4574.334322386279,4572.3099999999995,0.0
239,9.958333333333334,7.196423756673525,12.033398449492827,4747.349150426438,93.05283523683404,7.256730716998978,15.184672464700514,7.927941747701536,3088.085275906549,3093.41,5.324724093450641,22.81421889935646,7.234515537438731,7.258800179454708,0.02428464201597702,2.3191910912052074,0.0,0.0,50.26849381648497,7.223280476612357,9.984609527258831,2.7613290506464745,581.0496697600431,547.63,0.0,65.62270702613671,7.231843457715358,10.493999243910645,3.2621557861952875,896.1032715026264,892.96,0.0,4567.557408260424,4534.0,0.0
